Subject_cm,Timestamp,SampleDate_cm,SampleTime_cm,Configuration_cm,Scenario_cm,DisTime_cm,MarkingTxt_cm,Application_cm,EntId_cm,Site_cm,ExerciseId_cm,ForceId_cm,Category_cm,Country_cm,Domain_cm,Kind_cm,Extra_cm,Specific_cm,Subcategory_cm,AltCategory_cm,AltCountry_cm,AltDomain_cm,AltKind_cm,ECEF_X_cm,ECEF_Y_cm,ECEF_Z_cm,OriPhi_cm,OriPsi_cm,OriTheta_cm,LinVelX_cm,LinVelY_cm,LinVelZ_cm,LinAccX_cm,LinAccY_cm,LinAccZ_cm,AngVelX_cm,AngVelY_cm,AngVelZ_cm,DrAlg_cm,Appearance_cm,Latitude_cm,Longitude_cm,Altitude_cm,Heading_cm,Pitch_cm,Roll_cm,CalibratedAirspeed_cm,CM_Altitude_Lead_cm,CM_Altitude_Wing_cm,CM_Airspeed_cm,Subject_ac,SampleDate_ac,SampleTime_ac,Configuration_ac,Scenario_ac,DisTime_ac,MarkingTxt_ac,Application_ac,EntId_ac,Site_ac,ExerciseId_ac,ForceId_ac,Category_ac,Country_ac,Domain_ac,Kind_ac,Extra_ac,Specific_ac,Subcategory_ac,AltCategory_ac,AltCountry_ac,AltDomain_ac,AltKind_ac,ECEF_X_ac,ECEF_Y_ac,ECEF_Z_ac,OriPhi_ac,OriPsi_ac,OriTheta_ac,LinVelX_ac,LinVelY_ac,LinVelZ_ac,LinAccX_ac,LinAccY_ac,LinAccZ_ac,AngVelX_ac,AngVelY_ac,AngVelZ_ac,DrAlg_ac,Appearance_ac,Latitude_ac,Longitude_ac,Altitude_ac,Heading_ac,Pitch_ac,Roll_ac,CalibratedAirspeed_ac,CM_Altitude_Lead_ac,CM_Altitude_Wing_ac,CM_Airspeed_ac,Bank_Angle_Condition,distance_nm,Distance_Condition,angle_between_vel,angle_between_pos,Cone_Condition,angle_between_pos_nose,Nose_Cone_Condition,Intercept_Criteria
2,1970-07-23 09:45:01.902204565,2025-09-09,2025-09-26 15:03:10.220,HH,C,2831394272,JASSM,3,117,76,2,2,1,225,9,2,0,1,26,0,0,0,0,-103898.92449342164,-4798518.590894994,4191017.3578782086,2.29972,3.00238,-0.132498,-83.375,11.75,11.25,0.0,0.0,0.0,0.0,0.0,0.0,2,0,41.317913391959806,-91.24039111746266,10000.00142463783,-79.86417327670793,-0.0054335068399026,-0.0012669737278797,,9260.064158607724,11112.292394974402,150,2,2025-09-09,2025-09-26 15:03:10.094,HH,C,3513429440,HAWK11,1,1,73,2,1,1,225,2,1,0,0,12,1,225,2,1,-138185.27185233062,-4791578.634736861,4198428.179167271,2.15716,-3.1368,-0.0667282,-90.75,6.0,5.625,0.15625,-6.96875,7.65625,0.0117188,0.00390625,-0.00195312,4,0,41.404083615705616,-91.65190631145217,11113.211781741598,-88.40148884269524,3.97141642071162,-7.68815672067219,152.449,9260.064158607724,11112.292394974402,150,True,19.25155028381888,False,5.86242440178796,174.4965177629264,False,168.66732143538815,False,False
2,1970-07-23 09:45:01.913224175,2025-09-09,2025-09-26 15:03:11.322,HH,C,2832706810,JASSM,3,117,76,2,2,1,225,9,2,0,1,26,0,0,0,0,-103990.81316529664,-4798505.717848119,4191029.733854771,2.29972,3.00238,-0.132498,-83.375,11.75,11.25,0.0,0.0,0.0,0.0,0.0,0.0,2,0,41.318061695182834,-91.24149111123404,10000.00003316608,-79.8648995337802,-0.0045941437687255,-0.0012675785863104,,9260.064158607724,11112.292394974402,150,2,2025-09-09,2025-09-26 15:03:11.300,HH,C,3514900806,HAWK11,1,1,73,2,1,1,225,2,1,0,0,12,1,225,2,1,-138297.03747733062,-4791572.120088424,4198434.054167271,2.16004,-3.11839,-0.0582913,-91.25,4.5,4.875,-0.015625,-6.90625,7.6875,0.0,0.0078125,-0.015625,4,0,41.404142845682166,-91.65324389507433,11117.86649550418,-89.46304283124368,4.444383596203484,-7.535340649727989,153.635,9260.064158607724,11112.292394974402,150,True,19.26038927578767,False,6.894478675319164,174.51934626432472,False,167.68603254986863,False,False
2,1970-07-23 09:45:01.923364813,2025-09-09,2025-09-26 15:03:12.336,HH,C,2834017560,JASSM,3,117,76,2,2,1,225,9,2,0,1,26,0,0,0,0,-104082.57683717164,-4798492.862379369,4191042.091276646,2.29972,3.00238,-0.132498,-83.375,11.75,11.25,0.0,0.0,0.0,0.0,0.0,0.0,2,0,41.31820977415395,-91.24258961359718,9999.999573145273,-79.86562480831253,-0.0037559246666664,-0.0012681707567311,,9260.064158607724,11112.292394974402,150,2,2025-09-09,2025-09-26 15:03:12.204,HH,C,3515934738,HAWK11,1,1,73,2,1,1,225,2,1,0,0,12,1,225,2,1,-138376.14685233062,-4791568.486299361,4198437.813932896,2.1493,-3.10545,-0.0511007,-91.5,3.375,4.5,0.0,-7.04688,7.79688,-0.0234375,0.0117188,-0.0117188,4,0,41.40417625457356,-91.65419032057324,11122.704231486385,-90.26449639645236,4.729368006095834,-8.174110169131794,153.94,9260.064158607724,11112.292394974402,150,True,19.251902179363483,False,7.590813708208019,174.53269300059986,False,167.0328074124627,False,False
2,1970-07-23 09:45:01.934363695,2025-09-09,2025-09-26 15:03:13.436,HH,C,2835271656,JASSM,3,117,76,2,2,1,225,9,2,0,1,26,0,0,0,0,-104170.37371217164,-4798480.561598119,4191053.9145188336,2.29972,3.00238,-0.132498,-83.375,11.75,11.25,0.0,0.0,0.0,0.0,0.0,0.0,2,0,41.318351448313166,-91.24364063438122,10000.000811960166,-79.86631873563968,-0.0029539391642481,-0.0012687433807124,,9260.064158607724,11112.292394974402,150,2,2025-09-09,2025-09-26 15:03:13.406,HH,C,3517406104,HAWK11,1,1,73,2,1,1,225,2,1,0,0,12,1,225,2,1,-138489.81286795562,-4791564.785127486,4198442.620573521,2.1353,-3.08963,-0.042568,-91.75,1.75,3.75,0.109375,-6.98438,7.79688,-0.0136719,0.0136719,-0.0078125,4,0,41.404211181592224,-91.65554964072396,11132.107507501232,-91.23402815037004,5.087233317175726,-9.016604047946512,154.478,9260.064158607724,11112.292394974402,150,True,19.263534912718185,False,8.682905981634898,174.56088527597507,False,166.00243183048167,False,False
2,1970-07-23 09:45:01.945425645,2025-09-09,2025-09-26 15:03:14.542,HH,C,2836582202,JASSM,3,117,76,2,2,1,225,9,2,0,1,26,0,0,0,0,-104262.12371217164,-4798467.705152807,4191066.269011021,2.29972,3.00238,-0.132498,-83.375,11.75,11.25,0.0,0.0,0.0,0.0,0.0,0.0,2,0,41.31849949452652,-91.24473898355566,9999.999647907742,-79.86704391321881,-0.0021158427088607,-0.0012693449536683,,9260.064158607724,11112.292394974402,150,2,2025-09-09,2025-09-26 15:03:14.594,HH,C,3518797936,HAWK11,1,1,73,2,1,1,225,2,1,0,0,12,1,225,2,1,-138596.46521170562,-4791563.246064986,4198445.970182896,2.15074,-3.074,-0.0324053,-92.0,0.25,2.875,0.0,-6.89062,7.5625,0.0820312,0.00390625,-0.0117188,4,0,41.40422460157962,-91.65682441703864,11143.175237130048,-92.26760482255052,5.374473843519533,-8.192844060141697,154.967,9260.064158607724,11112.292394974402,150,True,19.268997449497014,False,9.76133501008632,174.58904914300794,False,164.97217599570104,False,False
2,1970-07-23 09:45:01.956450397,2025-09-09,2025-09-26 15:03:15.645,HH,C,2837896926,JASSM,3,117,76,2,2,1,225,9,2,0,1,26,0,0,0,0,-104354.16668092164,-4798454.807691869,4191078.661589146,2.29972,3.00238,-0.132498,-83.375,11.75,11.25,0.0,0.0,0.0,0.0,0.0,0.0,2,0,41.31864799350159,-91.24584084487569,10000.000123765316,-79.8677714118189,-0.0012750717992953,-0.0012699391223654,,9260.064158607724,11112.292394974402,150,2,2025-09-09,2025-09-26 15:03:15.704,HH,C,3519871634,HAWK11,1,1,73,2,1,1,225,2,1,0,0,12,1,225,2,1,-138679.42810233062,-4791563.056611861,4198447.948698521,2.35955,-3.07717,-0.0236808,-92.125,-0.25,2.875,0.0625,-6.375,6.90625,0.414062,-0.015625,0.0214844,4,0,41.40422480275795,-91.65781569297272,11152.906867545003,-92.52413926276876,4.908563025277414,3.7432253794027672,155.016,9260.064158607724,11112.292394974402,150,True,19.261780422200356,False,10.013315846734606,174.60944353770844,False,164.7620026185751,False,False
2,1970-07-23 09:45:01.967183474,2025-09-09,2025-09-26 15:03:16.718,HH,C,2839209090,JASSM,3,117,76,2,2,1,225,9,2,0,1,26,0,0,0,0,-104446.02800904664,-4798441.933668432,4191091.0297532086,2.29972,3.00238,-0.132402,-83.375,11.75,11.25,0.0,0.0,0.0,0.0,0.0,0.0,2,0,41.31879620115571,-91.24694053725644,10000.000226834129,-79.87259469910092,-0.0040948949347895,-0.0012703820694479,,9260.064158607724,11112.292394974402,150,2,2025-09-09,2025-09-26 15:03:17.000,HH,C,3521661132,HAWK11,1,1,73,2,1,1,225,2,1,0,0,12,1,225,2,1,-138817.99841483062,-4791560.146455611,4198452.354948521,2.72761,-3.12654,-0.101434,-92.375,3.25,5.625,-0.125,-8.0625,8.84375,0.111328,0.0449219,0.0761719,4,0,41.40424798620319,-91.6594722858018,11165.17943505565,-87.29255029960466,5.727904515668193,25.139776739080485,156.482,9260.064158607724,11112.292394974402,150,False,19.28393254696541,False,7.264182267905546,174.6492908217756,False,167.54656365624183,False,False
2,1970-07-23 09:45:01.978223272,2025-09-09,2025-09-26 15:03:17.822,HH,C,2840521070,JASSM,3,117,76,2,2,1,225,9,2,0,1,26,0,0,0,0,-104537.87761842164,-4798429.060621557,4191103.394987584,2.29972,3.00238,-0.132402,-83.375,11.75,11.25,0.0,0.0,0.0,0.0,0.0,0.0,2,0,41.31894437421245,-91.24804009450366,10000.000256912672,-79.87332068069749,-0.0032558886061881,-0.0012710417721778,,9260.064158607724,11112.292394974402,150,2,2025-09-09,2025-09-26 15:03:17.906,HH,C,3522734830,HAWK11,1,1,73,2,1,1,225,2,1,0,0,12,1,225,2,1,-138901.22107108062,-4791556.161104049,4198459.370573521,2.75388,3.12194,-0.155891,-92.0,5.875,10.0,-0.0625,-8.14062,9.0,-0.0234375,0.03125,0.0273438,4,0,41.40430470279559,-91.66046797810104,11176.531604366864,-83.62530744178339,6.291957794322962,26.773813214482544,156.629,9260.064158607724,11112.292394974402,150,False,19.277921289857122,False,4.562596697269425,174.66013347994013,False,170.55515483872048,False,False
2,1970-07-23 09:45:01.989264285,2025-09-09,2025-09-26 15:03:18.926,HH,C,2841833322,JASSM,3,117,76,2,2,1,225,9,2,0,1,26,0,0,0,0,-104629.74675904664,-4798416.184644994,4191115.761198521,2.29972,3.00229,-0.132402,-83.375,11.75,11.25,0.0,0.0,0.0,0.0,0.0,0.0,2,0,41.319092558237074,-91.2491398905968,10000.000729595558,-79.87042101056366,-0.0064767785591805,-0.0019969309931723,,9260.064158607724,11112.292394974402,150,2,2025-09-09,2025-09-26 15:03:19.094,HH,C,3524126662,HAWK11,1,1,73,2,1,1,225,2,1,0,0,12,1,225,2,1,-139008.35974295562,-4791547.063447799,4198474.259245396,2.7022,3.10622,-0.202869,-91.0,9.125,15.25,-0.109375,-8.0625,8.82812,-0.046875,0.0234375,0.0332031,4,0,41.40444084027577,-91.66175118232204,11194.101990081192,-80.99324472733824,7.386961866584365,23.965821216519863,155.456,9260.064158607724,11112.292394974402,150,False,19.28565658554427,False,2.9325169985572708,174.66725047390779,False,174.02584183421598,False,False
2,1970-07-23 09:45:01.999403412,2025-09-09,2025-09-26 15:03:19.940,HH,C,2843086308,JASSM,3,117,76,2,2,1,225,9,2,0,1,26,0,0,0,0,-104717.46550904664,-4798403.888746557,4191127.5688157086,2.29972,3.00229,-0.132402,-83.375,11.75,11.25,0.0,0.0,0.0,0.0,0.0,0.0,2,0,41.31923404807126,-91.25019000605268,10000.001547964745,-79.87111435227821,-0.0056755053914373,-0.0019975107554581,,9260.064158607724,11112.292394974402,150,2,2025-09-09,2025-09-26 15:03:19.906,HH,C,3525081062,HAWK11,1,1,73,2,1,1,225,2,1,0,0,12,1,225,2,1,-139080.88513358062,-4791538.806611861,4198487.882292271,2.67718,3.081,-0.240164,-90.125,11.0,18.625,0.15625,-7.875,8.65625,0.00195312,0.0332031,0.0566406,4,0,41.40456939606505,-91.66262055139067,11208.528778241423,-78.43342173126824,7.719088616974922,22.551220610485608,155.309,9260.064158607724,11112.292394974402,150,False,19.277559144858312,False,4.1178142243997895,174.66186583057822,False,175.74302756579613,False,False
2,1970-07-23 09:45:02.011446265,2025-09-09,2025-09-26 15:03:21.144,HH,C,2844398674,JASSM,3,117,76,2,2,1,225,9,2,0,1,26,0,0,0,0,-104809.34246217164,-4798391.008863744,4191139.935026646,2.29972,3.00229,-0.132402,-83.375,11.75,11.25,0.0,0.0,0.0,0.0,0.0,0.0,2,0,41.319382233739006,-91.2512899061438,10000.001609304314,-79.8718405665367,-0.0048362488125659,-0.0019981168912851,,9260.064158607724,11112.292394974402,150,2,2025-09-09,2025-09-26 15:03:21.204,HH,C,3526552426,HAWK11,1,1,73,2,1,1,225,2,1,0,0,12,1,225,2,1,-139190.36950858062,-4791523.318330611,4198514.384245396,2.84093,3.03479,-0.318589,-88.125,14.25,24.5,-0.21875,-8.57812,9.35938,0.144531,0.0546875,0.0664062,4,0,41.40482151166801,-91.6639340051621,11235.75664976153,-73.3181107898124,8.732708454754897,31.935252491588564,155.175,9260.064158607724,11112.292394974402,150,False,19.288452561605904,False,7.819999080871741,174.64980789628166,False,175.9701926559041,False,False
2,1970-07-23 09:45:02.022224206,2025-09-09,2025-09-26 15:03:22.222,HH,C,2845710900,JASSM,3,117,76,2,2,1,225,9,2,0,1,26,0,0,0,0,-104901.20964967164,-4798378.128980932,4191152.298307896,2.29972,3.00229,-0.132402,-83.375,11.75,11.25,0.0,0.0,0.0,0.0,0.0,0.0,2,0,41.31953039035867,-91.252389694665,9999.999296364014,-79.87256670927577,-0.0039970816859635,-0.0019987201334161,,9260.064158607724,11112.292394974402,150,2,2025-09-09,2025-09-26 15:03:22.298,HH,C,3527984026,HAWK11,1,1,73,2,1,1,225,2,1,0,0,12,1,225,2,1,-139294.10974295562,-4791503.163057174,4198548.341276646,3.02165,2.9603,-0.408327,-84.625,19.625,31.5,-0.046875,-8.65625,9.64062,0.103516,0.0722656,0.0820312,4,0,41.40515269105966,-91.66518045752332,11267.277287409996,-66.74335803182748,9.103864377572013,41.7908335836193,153.794,9260.064158607724,11112.292394974402,150,False,19.29770371819529,False,13.251424885675243,174.62170600105839,False,171.8020086835033,False,False
2,1970-07-23 09:45:02.033290368,2025-09-09,2025-09-26 15:03:23.329,HH,C,2847021358,JASSM,3,117,76,2,2,1,225,9,2,0,1,26,0,0,0,0,-104992.95183717164,-4798365.265699682,4191164.644987584,2.29972,3.00229,-0.132402,-83.375,11.75,11.25,0.0,0.0,0.0,0.0,0.0,0.0,2,0,41.319678341875424,-91.2534879919602,9999.99967719796,-79.87329186956278,-0.0031590549967622,-0.0019993293521119,,9260.064158607724,11112.292394974402,150,2,2025-09-09,2025-09-26 15:03:23.406,HH,C,3529256558,HAWK11,1,1,73,2,1,1,225,2,1,0,0,12,1,225,2,1,-139382.46325858062,-4791478.584932174,4198585.876432896,3.13498,2.86346,-0.486464,-80.0,26.125,37.75,-0.0625,-8.71875,9.67188,-0.03125,0.0703125,0.0898438,4,0,41.40553698366871,-91.66624461966413,11294.588245724324,-59.99347213446393,8.382038028177014,46.90747816398134,152.449,9260.064158607724,11112.292394974402,150,False,19.299960511745528,False,19.14988592650442,174.57832005675084,False,166.2073052001775,False,False
2,1970-07-23 09:45:02.043386063,2025-09-09,2025-09-26 15:03:24.338,HH,C,2848274056,JASSM,3,117,76,2,2,1,225,9,2,0,1,26,0,0,0,0,-105080.65105592164,-4798352.968824682,4191176.4457688336,2.29972,3.00229,-0.132402,-83.375,11.75,11.25,0.0,0.0,0.0,0.0,0.0,0.0,2,0,41.31981975416392,-91.2545378933687,9999.999204487573,-79.87398507804699,-0.0023579607241076,-0.0019999024348392,,9260.064158607724,11112.292394974402,150,2,2025-09-09,2025-09-26 15:03:24.406,HH,C,3530529090,HAWK11,1,1,73,2,1,1,225,2,1,0,0,12,1,225,2,1,-139464.32653983062,-4791447.731416549,4198629.075651646,-3.12002,2.75934,-0.532962,-74.75,32.5,42.875,0.078125,-7.17188,7.96875,0.00976562,-0.0078125,0.078125,4,0,41.40599795502551,-91.66723342997928,11318.294316761148,-54.42223612781761,6.466150116823342,46.32953835688747,150.946,9260.064158607724,11112.292394974402,150,False,19.30239594821288,False,24.895458103098022,174.5199786469513,False,160.57832504355503,False,False
2,1970-07-23 09:45:02.053424880,2025-09-09,2025-09-26 15:03:25.342,HH,C,2849527198,JASSM,3,117,76,2,2,1,225,9,2,0,1,26,0,0,0,0,-105168.38152467164,-4798340.666090307,4191188.2504563336,2.29972,3.00229,-0.132402,-83.375,11.75,11.25,0.0,0.0,0.0,0.0,0.0,0.0,2,0,41.31996121401606,-91.25558817381778,9999.998544858783,-79.87467853875168,-0.0015565795421309,-0.0020004822875955,,9260.064158607724,11112.292394974402,150,2,2025-09-09,2025-09-26 15:03:25.408,HH,C,3531602788,HAWK11,1,1,73,2,1,1,225,2,1,0,0,12,1,225,2,1,-139530.17224295562,-4791414.644502486,4198668.269011021,-3.04294,2.68063,-0.547248,-71.0,38.125,44.875,-0.03125,-6.20312,6.875,0.046875,0.0371094,0.0683594,4,0,41.406447941366345,-91.66803165316308,11326.671904367016,-51.06090779893541,4.362595079771579,48.74335619007688,149.737,9260.064158607724,11112.292394974402,150,False,19.296384110771903,False,28.707425757971812,174.45741366152853,False,156.8294530867007,False,False
2,1970-07-23 09:45:02.064443969,2025-09-09,2025-09-26 15:03:26.444,HH,C,2850839428,JASSM,3,117,76,2,2,1,225,9,2,0,1,26,0,0,0,0,-105260.24871217164,-4798327.783277807,4191200.610807896,2.29972,3.00229,-0.132402,-83.375,11.75,11.25,0.0,0.0,0.0,0.0,0.0,0.0,2,0,41.3201093271547,-91.25668798257024,10000.000243804488,-79.87540470322963,-0.000717412355749,-0.0020010829104062,,9260.064158607724,11112.292394974402,150,2,2025-09-09,2025-09-26 15:03:26.298,HH,C,3532676488,HAWK11,1,1,73,2,1,1,225,2,1,0,0,12,1,225,2,1,-139591.73083670562,-4791376.932588424,4198708.657682896,-2.97889,2.59876,-0.590487,-66.625,44.25,47.125,0.015625,-7.48438,8.28125,0.0,0.078125,0.0703125,4,0,41.40693424926899,-91.6687802744756,11325.963563237166,-46.45641929640584,3.559321587188605,50.20246002829596,151.35,9260.064158607724,11112.292394974402,150,False,19.286572763649055,False,33.11484415269562,174.38657208657102,False,152.45931238070153,False,False
2,1970-07-23 09:45:02.076245697,2025-09-09,2025-09-26 15:03:27.624,HH,C,2852092930,JASSM,3,117,76,2,2,1,225,9,2,0,1,26,0,0,0,0,-105348.00457154664,-4798315.474684057,4191212.417448521,2.29972,3.00229,-0.132306,-83.375,11.75,11.25,0.0,0.0,0.0,0.0,0.0,0.0,2,0,41.3202508120805,-91.25773857689032,9999.999149867092,-79.88019554704995,-0.003574787818616,-0.0020015416786185,,9260.064158607724,11112.292394974402,150,2,2025-09-09,2025-09-26 15:03:27.501,HH,C,3534108086,HAWK11,1,1,73,2,1,1,225,2,1,0,0,12,1,225,2,1,-139667.70935233062,-4791318.711885299,4198768.311979771,-2.90066,2.45216,-0.659995,-59.0,51.625,52.0,-0.125,-8.9375,9.8125,-0.0214844,0.0664062,0.0898438,4,0,41.40767010468941,-91.66970833984227,11317.65392719877,-38.6458676132606,2.4132092959567237,50.16781109085952,153.684,9260.064158607724,11112.292394974402,150,False,19.29088381426922,False,40.12323000747995,174.2805415798434,False,145.52929252379553,False,False
2,1970-07-23 09:45:02.088648989,2025-09-09,2025-09-26 15:03:28.864,HH,C,2853346770,JASSM,3,117,76,2,2,1,225,9,2,0,1,26,0,0,0,0,-105435.78386842164,-4798303.163160619,4191224.226042271,2.29972,3.00219,-0.132306,-83.375,11.75,11.25,0.0,0.0,0.0,0.0,0.0,0.0,2,0,41.32039231496052,-91.25878945625122,10000.000442009985,-79.8772634995146,-0.006833040031006,-0.0027269126093712,,9260.064158607724,11112.292394974402,150,2,2025-09-09,2025-09-26 15:03:28.796,HH,C,3535778284,HAWK11,1,1,73,2,1,1,225,2,1,0,0,12,1,225,2,1,-139742.73278983062,-4791241.551729049,4198846.169401646,-2.81351,2.27806,-0.734393,-47.875,58.75,58.25,0.0,-9.21875,10.1562,-0.0351562,0.0820312,0.0625,4,0,41.40864166409287,-91.67063161551944,11302.19957848168,-29.91750032242215,1.7654661741754942,49.06101863928368,155.114,9260.064158607724,11112.292394974402,150,False,19.298916548078797,False,48.90478940792817,174.13448094086482,False,136.8876901032736,False,False
2,1970-07-23 09:45:02.097252583,2025-09-09,2025-09-26 15:03:29.725,HH,C,2854718452,JASSM,3,117,76,2,2,1,225,9,2,0,1,26,0,0,0,0,-105531.81316529664,-4798289.692457494,4191237.144011021,2.29972,3.00219,-0.132306,-83.375,11.75,11.25,0.0,0.0,0.0,0.0,0.0,0.0,2,0,41.32054711527121,-91.25993910901104,10000.000447769638,-79.8780225806997,-0.0059558514336342,-0.0027275562812919,,9260.064158607724,11112.292394974402,150,2,2025-09-09,2025-09-26 15:03:29.594,HH,C,3536653150,HAWK11,1,1,73,2,1,1,225,2,1,0,0,12,1,225,2,1,-139776.04528983062,-4791196.982393111,4198890.901823521,-2.78063,2.17959,-0.770921,-41.5,61.875,61.375,-0.203125,-9.6875,10.6875,-0.0390625,0.0839844,0.0742188,4,0,41.40920297665611,-91.6710451780847,11292.03765632844,-25.299757821354262,1.6468354038432105,47.22404368997652,156.763,9260.064158607724,11112.292394974402,150,False,19.27369708374621,False,53.49871417923167,174.03807494458442,False,132.3918296679077,False,False
2,1970-07-23 09:45:02.110670497,2025-09-09,2025-09-26 15:03:31.067,HH,C,2856088754,JASSM,3,117,76,2,2,1,225,9,2,0,1,26,0,0,0,0,-105627.74480592164,-4798276.234449682,4191250.0473313336,2.29972,3.00219,-0.132306,-83.375,11.75,11.25,0.0,0.0,0.0,0.0,0.0,0.0,2,0,41.32070174243496,-91.2610875983361,9999.99961291898,-79.87878089604317,-0.0050795554629763,-0.0027281950311914,,9260.064158607724,11112.292394974402,150,2,2025-09-09,2025-09-26 15:03:31.002,HH,C,3538402882,HAWK11,1,1,73,2,1,1,225,2,1,0,0,12,1,225,2,1,-139826.80700858062,-4791103.144502486,4198986.138151646,-2.65465,1.97433,-0.833623,-27.75,66.0,67.25,-0.265625,-9.78125,10.7812,0.00390625,0.0722656,0.0585938,4,0,41.41039526685911,-91.67168442052228,11271.549651046726,-16.38073565226289,1.836066495278144,46.23986780468107,158.596,9260.064158607724,11112.292394974402,150,False,19.26889542287636,False,62.555530530730785,173.84251816440414,False,123.54631753209834,False,False
2,1970-07-23 09:45:02.119457276,2025-09-09,2025-09-26 15:03:31.945,HH,C,2857342706,JASSM,3,117,76,2,2,1,225,9,2,0,1,26,0,0,0,0,-105715.53191529664,-4798263.918043432,4191261.854948521,2.29972,3.00219,-0.132306,-83.375,11.75,11.25,0.0,0.0,0.0,0.0,0.0,0.0,2,0,41.32084323611303,-91.26213858670944,10000.00026955947,-79.87947483628616,-0.0042776555018066,-0.0027287837129661,,9260.064158607724,11112.292394974402,150,2,2025-09-09,2025-09-26 15:03:32.006,HH,C,3539556114,HAWK11,1,1,73,2,1,1,225,2,1,0,0,12,1,225,2,1,-139848.54528983062,-4791038.613252486,4199052.194792271,-2.52436,1.82122,-0.861426,-18.0,68.125,70.0,-0.1875,-9.875,10.7656,0.0214844,0.0742188,0.0839844,4,0,41.411221282400426,-91.6719666696134,11257.744144455944,-10.361142249796446,1.854569897782652,47.31652868121234,159.305,9260.064158607724,11112.292394974402,150,False,19.247128306423335,False,68.52569110230635,173.69705759966743,False,117.72649838074318,False,False
2,1970-07-23 09:45:02.129228918,2025-09-09,2025-09-26 15:03:32.922,HH,C,2858474604,JASSM,3,117,76,2,2,1,225,9,2,0,1,26,0,0,0,0,-105794.77410279664,-4798252.799879369,4191272.512175084,2.29972,3.00219,-0.132306,-83.375,11.75,11.25,0.0,0.0,0.0,0.0,0.0,0.0,2,0,41.32097094528972,-91.26308727923222,10000.000588091356,-79.88010123492515,-0.0035538105197523,-0.0027293113925427,,9260.064158607724,11112.292394974402,150,2,2025-09-09,2025-09-26 15:03:33.002,HH,C,3540749112,HAWK11,1,1,73,2,1,1,225,2,1,0,0,12,1,225,2,1,-139860.94568045562,-4790969.397432174,4199123.325651646,-2.37403,1.64884,-0.870918,-7.375,69.75,71.875,0.0,-9.625,10.5781,0.0175781,0.0761719,0.0800781,4,0,41.41211104047775,-91.67213898254596,11242.763097223047,-3.954094011387735,1.4710222012936165,48.58342859100123,160.393,9260.064158607724,11112.292394974402,150,False,19.226483141238244,False,74.75595926120684,173.53780813015177,False,111.65779411255207,False,False
2,1970-07-23 09:45:02.138294029,2025-09-09,2025-09-26 15:03:33.829,HH,C,2859607998,JASSM,3,117,76,2,2,1,225,9,2,0,1,26,0,0,0,0,-105874.12175904664,-4798241.666090307,4191283.182096959,2.29982,3.00219,-0.132306,-83.375,11.75,11.25,0.0,0.0,0.0,0.0,0.0,0.0,2,0,41.32109881145428,-91.26403723836262,9999.998996412747,-79.88072847147255,-0.002829002884086,0.0027616374482642,,9260.064158607724,11112.292394974402,150,2,2025-09-09,2025-09-26 15:03:33.596,HH,C,3541504678,HAWK11,1,1,73,2,1,1,225,2,1,0,0,12,1,225,2,1,-139862.86560233062,-4790924.373994674,4199168.741667271,-2.27547,1.54012,-0.868713,-0.125,70.875,72.25,-0.140625,-9.60938,10.5156,0.0234375,0.0859375,0.0820312,4,0,41.41268511985547,-91.67217762904508,11230.728258393192,0.0553128944854008,1.1862785250842878,49.561006220239726,161.004,9260.064158607724,11112.292394974402,150,False,19.1947306507325,False,78.89444569736452,173.4268490079794,False,107.62652400001478,False,False
2,1970-07-23 09:45:02.147428144,2025-09-09,2025-09-26 15:03:34.742,HH,C,2860683966,JASSM,3,117,76,2,2,1,225,9,2,0,1,26,0,0,0,0,-105949.44793092164,-4798231.095777807,4191293.311979771,2.29982,3.00219,-0.132306,-83.375,11.75,11.25,0.0,0.0,0.0,0.0,0.0,0.0,2,0,41.321220199597256,-91.26493905547436,10000.000194289782,-79.88132392241182,-0.0021409279748015,0.0027611311966894,,9260.064158607724,11112.292394974402,150,2,2025-09-09,2025-09-26 15:03:34.596,HH,C,3542657910,HAWK11,1,1,73,2,1,1,225,2,1,0,0,12,1,225,2,1,-139857.98278983062,-4790855.786104049,4199239.114714146,-2.14201,1.35844,-0.856632,10.5,71.0,73.0,-0.171875,-10.5,11.4219,-0.0292969,0.0957031,0.0820312,4,0,41.413569031146224,-91.67214320924371,11214.414377194656,6.8531399676020905,0.9658799386720184,49.419054820162046,162.873,9260.064158607724,11112.292394974402,150,False,19.167455252196127,False,84.85362288766551,173.26061863862154,False,101.8382375712627,False,False
2,1970-07-23 09:45:02.157470586,2025-09-09,2025-09-26 15:03:35.747,HH,C,2861815400,JASSM,3,117,76,2,2,1,225,9,2,0,1,26,0,0,0,0,-106028.65691529664,-4798219.980543432,4191303.962370396,2.29982,3.00219,-0.132306,-83.375,11.75,11.25,0.0,0.0,0.0,0.0,0.0,0.0,2,0,41.321347826433424,-91.26588736187016,10000.000990653109,-79.88195007080559,-0.0014173870110681,0.0027606095483576,,9260.064158607724,11112.292394974402,150,2,2025-09-09,2025-09-26 15:03:35.798,HH,C,3544129276,HAWK11,1,1,73,2,1,1,225,2,1,0,0,12,1,225,2,1,-139835.30700858062,-4790768.413057174,4199330.013151646,-2.01047,1.13304,-0.838129,25.625,69.375,72.625,-0.09375,-11.1562,12.1719,-0.0332031,0.101562,0.0703125,4,0,41.41470633691552,-91.67190272524893,11195.173932361491,15.418755621715324,1.8019301430120624,47.46459730949132,164.768,9260.064158607724,11112.292394974402,150,False,19.13379357764342,False,93.28334468640783,173.04177703741908,False,93.63527892313877,False,False
2,1970-07-23 09:45:02.166269473,2025-09-09,2025-09-26 15:03:36.626,HH,C,2862889986,JASSM,3,117,76,2,2,1,225,9,2,0,1,26,0,0,0,0,-106103.88738404664,-4798209.421949682,4191314.077604771,2.29982,3.00219,-0.132306,-83.375,11.75,11.25,0.0,0.0,0.0,0.0,0.0,0.0,2,0,41.32146904401886,-91.2667880405144,10000.000312816472,-79.88254477298995,-0.0007301863342455,0.0027601058806281,,9260.064158607724,11112.292394974402,150,2,2025-09-09,2025-09-26 15:03:36.707,HH,C,3545083674,HAWK11,1,1,73,2,1,1,225,2,1,0,0,12,1,225,2,1,-139810.82849295562,-4790714.052705611,4199388.015104771,-1.94557,0.999389,-0.821447,35.125,66.875,72.0,-0.234375,-11.0156,11.9844,-0.0488281,0.0878906,0.0683594,4,0,41.415425502911646,-91.67162917765587,11185.60625605388,20.603486746176028,2.680276290964371,45.7327684590551,165.281,9260.064158607724,11112.292394974402,150,False,19.093735514056487,False,98.64695038819012,172.8929402414332,False,88.4301577912194,False,False
2,1970-07-23 09:45:02.175410746,2025-09-09,2025-09-26 15:03:37.541,HH,C,2864022894,JASSM,3,117,76,2,2,1,225,9,2,0,1,26,0,0,0,0,-106183.19988404664,-4798198.290113744,4191324.7406907086,2.29982,3.0021,-0.132306,-83.375,11.75,11.25,0.0,0.0,0.0,0.0,0.0,0.0,2,0,41.32159682644421,-91.26773759399462,9999.999876631777,-79.8795457866263,-0.0040657310912303,0.0020350148401859,,9260.064158607724,11112.292394974402,150,2,2025-09-09,2025-09-26 15:03:37.596,HH,C,3546038074,HAWK11,1,1,73,2,1,1,225,2,1,0,0,12,1,225,2,1,-139778.63318045562,-4790661.373018111,4199444.899870396,-1.87702,0.876287,-0.790479,44.125,64.0,70.625,-0.328125,-11.0,11.9375,-0.0253906,0.0878906,0.0683594,4,0,41.416128468119545,-91.6712628242358,11177.197020260382,25.78230992880223,3.1580831663694493,44.83174033498894,165.965,9260.064158607724,11112.292394974402,150,False,19.047304955602062,False,103.8279990437441,172.74163577914894,False,83.40753297585516,False,False
2,1970-07-23 09:45:02.184449033,2025-09-09,2025-09-26 15:03:38.444,HH,C,2865098362,JASSM,3,117,76,2,2,1,225,9,2,0,1,26,0,0,0,0,-106258.49089967164,-4798187.721754369,4191334.862761021,2.29982,3.0021,-0.13221,-83.375,11.75,11.25,0.0,0.0,0.0,0.0,0.0,0.0,2,0,41.32171812580222,-91.26863900471992,9999.999449323364,-79.88423805407412,-0.0070370710182519,0.0020349280366044,,9260.064158607724,11112.292394974402,150,2,2025-09-09,2025-09-26 15:03:38.502,HH,C,3547191306,HAWK11,1,1,73,2,1,1,225,2,1,0,0,12,1,225,2,1,-139731.22107108062,-4790601.909150924,4199511.847136021,-1.78095,0.736119,-0.752897,54.125,59.5,68.5,-0.296875,-10.9844,12.0156,0.0078125,0.0878906,0.0644531,4,0,41.41694235265162,-91.67071698876296,11172.854904969696,31.848655954201988,4.200455289514955,45.119468920843296,166.369,9260.064158607724,11112.292394974402,150,False,18.997483176715644,False,109.81933872374928,172.56399065982788,False,77.60330669585173,False,False
2,1970-07-23 09:45:02.194248380,2025-09-09,2025-09-26 15:03:39.424,HH,C,2866230108,JASSM,3,117,76,2,2,1,225,9,2,0,1,26,0,0,0,0,-106337.72332154664,-4798176.599684057,4191345.5141282086,2.29982,3.0021,-0.13221,-83.375,11.75,11.25,0.0,0.0,0.0,0.0,0.0,0.0,2,0,41.32184576627153,-91.2695876070915,9999.999845010194,-79.8848644040403,-0.0063133142180714,0.0020343942497236,,9260.064158607724,11112.292394974402,150,2,2025-09-09,2025-09-26 15:03:39.408,HH,C,3548265004,HAWK11,1,1,73,2,1,1,225,2,1,0,0,12,1,225,2,1,-139677.83630545562,-4790550.048799361,4199572.356901646,-1.67127,0.617331,-0.70496,63.0,54.625,65.5,-0.046875,-10.5938,11.6562,0.0546875,0.0722656,0.0839844,4,0,41.41766858036191,-91.67009711676944,11172.816884161311,37.59924404152124,4.854643482646674,47.32040647095142,166.234,9260.064158607724,11112.292394974402,150,False,18.940927576951037,False,115.47309640472886,172.39647110523933,False,72.12339218766974,False,False
2,1970-07-23 09:45:02.203268707,2025-09-09,2025-09-26 15:03:40.326,HH,C,2867363540,JASSM,3,117,76,2,2,1,225,9,2,0,1,26,0,0,0,0,-106417.07293092164,-4798165.460035619,4191356.1801438336,2.29982,3.0021,-0.13221,-83.375,11.75,11.25,0.0,0.0,0.0,0.0,0.0,0.0,2,0,41.32197358691959,-91.27053761648732,9999.998420254662,-79.88549168464392,-0.0055884868868339,0.0020338604990101,,9260.064158607724,11112.292394974402,150,2,2025-09-09,2025-09-26 15:03:40.344,HH,C,3548861504,HAWK11,1,1,73,2,1,1,225,2,1,0,0,12,1,225,2,1,-139644.74060233062,-4790522.795869674,4199603.983854771,-1.60694,0.564217,-0.670158,67.75,52.25,63.125,-0.265625,-10.5,11.4219,0.0644531,0.0742188,0.0703125,4,0,41.418049934657375,-91.66971111619958,11172.065579940288,40.69027326954884,4.719215560460781,49.33238438560085,166.014,9260.064158607724,11112.292394974402,150,False,18.888178716836578,False,118.6074978611216,172.29717074661903,False,69.08900112067208,False,False
2,1970-07-23 09:45:02.212428259,2025-09-09,2025-09-26 15:03:41.242,HH,C,2868496456,JASSM,3,117,76,2,2,1,225,9,2,0,1,26,0,0,0,0,-106496.38543092164,-4798154.325269994,4191366.841276646,2.29982,3.0021,-0.13221,-83.375,11.75,11.25,0.0,0.0,0.0,0.0,0.0,0.0,2,0,41.32210134260566,-91.27148718538936,9999.999771894649,-79.88611867599145,-0.0048639980211533,0.0020333244267337,,9260.064158607724,11112.292394974402,150,2,2025-09-09,2025-09-26 15:03:41.206,HH,C,3550372636,HAWK11,1,1,73,2,1,1,225,2,1,0,0,12,1,225,2,1,-139551.82653983062,-4790459.743135299,4199677.446745396,-1.46342,0.439581,-0.56067,79.0,46.0,55.375,-0.109375,-10.0,10.7969,0.046875,0.0761719,0.0839844,4,0,41.41893702887701,-91.66862273496768,11169.79224850426,49.21454407186359,3.7211274756856856,54.05182755075818,166.1,9260.064158607724,11112.292394974402,150,False,18.814735582262276,False,126.67808046902411,172.08042556869216,False,61.23372554782692,False,False
2,1970-07-23 09:45:02.222451581,2025-09-09,2025-09-26 15:03:42.245,HH,C,2869629590,JASSM,3,117,76,2,2,1,225,9,2,0,1,26,0,0,0,0,-106575.71355592164,-4798143.187574682,4191377.503386021,2.29982,3.0021,-0.13221,-83.375,11.75,11.25,0.0,0.0,0.0,0.0,0.0,0.0,2,0,41.32222911239932,-91.2724369452666,10000.000229086048,-79.88674579503564,-0.0041393668650352,0.0020327914768569,,9260.064158607724,11112.292394974402,150,2,2025-09-09,2025-09-26 15:03:42.096,HH,C,3551406568,HAWK11,1,1,73,2,1,1,225,2,1,0,0,12,1,225,2,1,-139479.98669608062,-4790420.452119674,4199721.128386021,-1.39813,0.371319,-0.47678,86.125,42.25,48.125,-0.1875,-9.54688,10.375,0.0371094,0.0800781,0.0878906,4,0,41.4194780806547,-91.66777790167554,11162.831791363204,54.98310416130291,2.515638473402705,56.16545708388338,166.552,9260.064158607724,11112.292394974402,150,False,18.74550972161245,False,132.35969648028174,171.9325488657764,False,55.68968247609278,False,False
2,1970-07-23 09:45:02.232253956,2025-09-09,2025-09-26 15:03:43.225,HH,C,2870762982,JASSM,3,117,76,2,2,1,225,9,2,0,1,26,0,0,0,0,-106655.06121217164,-4798132.045973119,4191388.167448521,2.29982,3.0021,-0.13221,-83.375,11.75,11.25,0.0,0.0,0.0,0.0,0.0,0.0,2,0,41.32235690818239,-91.27338694300276,9999.999717662216,-79.88737307273401,-0.0034145566697773,0.0020322561296448,,9260.064158607724,11112.292394974402,150,2,2025-09-09,2025-09-26 15:03:43.298,HH,C,3552917700,HAWK11,1,1,73,2,1,1,225,2,1,0,0,12,1,225,2,1,-139363.81872733062,-4790368.366182174,4199773.433073521,-1.31616,0.283403,-0.35109,95.0,36.25,37.375,-0.171875,-9.76562,10.3906,0.0253906,0.0917969,0.0839844,4,0,41.42016113716795,-91.66640776022231,11139.955173449622,63.32650675019111,0.6337337314391303,59.06070700815858,167.322,9260.064158607724,11112.292394974402,150,False,18.656604598113148,False,140.23946353133127,171.7366104242524,False,47.98053719987837,False,False
2,1970-07-23 09:45:02.240389186,2025-09-09,2025-09-26 15:03:44.038,HH,C,2871836724,JASSM,3,117,76,2,2,1,225,9,2,0,1,26,0,0,0,0,-106730.23113404664,-4798121.490309057,4191398.269987584,2.29982,3.0021,-0.13221,-83.375,11.75,11.25,0.0,0.0,0.0,0.0,0.0,0.0,2,0,41.32247797185147,-91.27428692600098,10000.000547098494,-79.88796732748052,-0.0027279076969164,0.0020317453797981,,9260.064158607724,11112.292394974402,150,2,2025-09-09,2025-09-26 15:03:43.944,HH,C,3553434666,HAWK11,1,1,73,2,1,1,225,2,1,0,0,12,1,225,2,1,-139322.26208670562,-4790352.570283736,4199787.821745396,-1.3197,0.255408,-0.312357,98.0,34.375,32.625,-0.109375,-9.8125,10.5469,-0.0585938,0.0878906,0.0800781,4,0,41.4203594331715,-91.66591662735154,11129.368443914644,65.97497693652886,0.1734250547006936,58.35362996307001,167.859,9260.064158607724,11112.292394974402,150,False,18.598544052783755,False,143.1516147866369,171.66260631022183,False,45.116235019605774,False,False
2,1970-07-23 09:45:02.251450505,2025-09-09,2025-09-26 15:03:45.145,HH,C,2873091012,JASSM,3,117,76,2,2,1,225,9,2,0,1,26,0,0,0,0,-106818.04168092164,-4798109.159254369,4191410.069792271,2.29982,3.0021,-0.13221,-83.375,11.75,11.25,0.0,0.0,0.0,0.0,0.0,0.0,2,0,41.322619376085086,-91.2753382550594,10000.001052124066,-79.88866151716991,-0.001925792840685,0.0020311573231043,,9260.064158607724,11112.292394974402,150,2,2025-09-09,2025-09-26 15:03:45.097,HH,C,3555025330,HAWK11,1,1,73,2,1,1,225,2,1,0,0,12,1,225,2,1,-139186.43005545562,-4790310.673799361,4199821.540495396,-1.42708,0.158384,-0.195487,104.875,26.125,21.0,-0.171875,-10.2344,10.8438,-0.113281,0.0761719,0.0605469,4,0,41.42085980829242,-91.664307906192,11089.815324975214,74.53816828446853,-0.4903056686571115,50.777756222998605,169.79,9260.064158607724,11112.292394974402,150,False,18.491671078937202,False,151.26144308196402,171.48356554741804,False,37.134323378689956,False,False
2,1970-07-23 09:45:02.262489591,2025-09-09,2025-09-26 15:03:46.248,HH,C,2874461772,JASSM,3,117,76,2,2,1,225,9,2,0,1,26,0,0,0,0,-106914.00457154664,-4798095.681715307,4191422.964323521,2.29982,3.0021,-0.13221,-83.375,11.75,11.25,0.0,0.0,0.0,0.0,0.0,0.0,2,0,41.32277390203201,-91.27648719529904,10000.000529113702,-79.88942016149169,-0.0010492083945737,0.0020305101357628,,9260.064158607724,11112.292394974402,150,2,2025-09-09,2025-09-26 15:03:46.298,HH,C,3556496696,HAWK11,1,1,73,2,1,1,225,2,1,0,0,12,1,225,2,1,-139053.15466483062,-4790282.589814986,4199840.061979771,-1.57473,0.0752609,-0.108146,109.25,17.5,11.5,-0.234375,-10.0781,10.5156,-0.148438,0.0585938,0.0585938,4,0,41.42117496482836,-91.66272491647396,11051.435893174808,81.40763753193296,-0.3546958034640672,41.54628508651646,171.428,9260.064158607724,11112.292394974402,150,False,18.378088061976086,False,158.20116925087927,171.33408445786878,False,30.30648218316423,False,False
2,1970-07-23 09:45:02.274230988,2025-09-09,2025-09-26 15:03:47.423,HH,C,2875776098,JASSM,3,117,76,2,2,1,225,9,2,0,1,26,0,0,0,0,-107006.01824342164,-4798082.757887182,4191435.327604771,2.29982,3.002,-0.13221,-83.375,11.75,11.25,0.0,0.0,0.0,0.0,0.0,0.0,2,0,41.32292205946831,-91.2775888578548,10000.001038481169,-79.88652153135978,-0.0042687361209816,0.0013058323161116,,9260.064158607724,11112.292394974402,150,2,2025-09-09,2025-09-26 15:03:47.502,HH,C,3557769228,HAWK11,1,1,73,2,1,1,225,2,1,0,0,12,1,225,2,1,-138935.54138358062,-4790266.832979049,4199847.796354771,-1.72803,0.0101626,-0.068358,111.5,10.25,5.625,-0.0625,-10.0938,10.4688,-0.173828,0.0566406,0.0410156,4,0,41.4213412411822,-91.66132480839586,11021.0831574959,85.57990478481098,0.911187768716914,32.45411007819259,172.955,9260.064158607724,11112.292394974402,150,False,18.271683556993214,False,163.10711908382248,171.21827570784757,False,25.529046726174933,True,False
2,1970-07-23 09:45:02.285268527,2025-09-09,2025-09-26 15:03:48.526,HH,C,2877145780,JASSM,3,117,76,2,2,1,225,9,2,0,1,26,0,0,0,0,-107101.90691529664,-4798069.289137182,4191448.2094407086,2.29982,3.002,-0.13221,-83.375,11.75,11.25,0.0,0.0,0.0,0.0,0.0,0.0,2,0,41.32307643476199,-91.27873692054835,10000.000194005615,-79.88727960077014,-0.0033928308462514,0.001305249761047,,9260.064158607724,11112.292394974402,150,2,2025-09-09,2025-09-26 15:03:48.408,HH,C,3558882694,HAWK11,1,1,73,2,1,1,225,2,1,0,0,12,1,225,2,1,-138830.52185233062,-4790259.613252486,4199850.669401646,-1.9262,-0.0480328,-0.0542646,112.375,3.875,2.75,-0.359375,-10.0469,10.4688,-0.308594,0.0566406,0.0117188,4,0,41.42142171654544,-91.6600722385733,11002.07728372296,88.38883344135874,2.8747723775952534,20.9881946665896,173.737,9260.064158607724,11112.292394974402,150,False,18.16787061820497,False,166.5598132005899,171.12185985423628,False,22.25317258250982,True,False
2,1970-07-23 09:45:02.296287909,2025-09-09,2025-09-26 15:03:49.628,HH,C,2878400266,JASSM,3,117,76,2,2,1,225,9,2,0,1,26,0,0,0,0,-107189.73113404664,-4798056.951246557,4191460.0082688336,2.29982,3.002,-0.132114,-83.375,11.75,11.25,0.0,0.0,0.0,0.0,0.0,0.0,2,0,41.32321783053357,-91.27978843384425,9999.999887604148,-79.89207095269818,-0.006249734283862,0.0013050187534116,,9260.064158607724,11112.292394974402,150,2,2025-09-09,2025-09-26 15:03:49.624,HH,C,3560234758,HAWK11,1,1,73,2,1,1,225,2,1,0,0,12,1,225,2,1,-138702.48278983062,-4790257.181611861,4199852.642057896,-2.2421,-0.0692209,-0.0778495,112.625,-1.125,3.0,0.078125,-8.90625,9.29688,-0.123047,0.0195312,-0.015625,4,0,41.42147157397695,-91.6585429026566,10991.258093034843,88.17386441187261,4.677835594605511,2.7938599259694543,173.566,9260.064158607724,11112.292394974402,150,True,18.056092993971237,False,168.22337152158116,171.01904712136545,False,20.757580818724094,True,False
2,1970-07-23 09:45:02.306430464,2025-09-09,2025-09-26 15:03:50.643,HH,C,2879711760,JASSM,3,117,76,2,2,1,225,9,2,0,1,26,0,0,0,0,-107281.54558717164,-4798044.052809057,4191472.3422532086,2.29982,3.002,-0.132114,-83.375,11.75,11.25,0.0,0.0,0.0,0.0,0.0,0.0,2,0,41.3233656339642,-91.28088772679578,10000.002019709586,-79.89279682348239,-0.0054110436566372,0.001304393076291,,9260.064158607724,11112.292394974402,150,2,2025-09-09,2025-09-26 15:03:50.502,HH,C,3561626590,HAWK11,1,1,73,2,1,1,225,2,1,0,0,12,1,225,2,1,-138570.48864920562,-4790256.837861861,4199854.524870396,-2.30318,-0.0618386,-0.0676869,112.75,-2.625,4.0,0.015625,-7.4375,7.4375,0.00976562,-0.0195312,0.00390625,4,0,41.42150905999045,-91.65696557425986,10985.105385069284,88.33464194210458,3.9778518409580736,-0.6624788205271871,172.43,9260.064158607724,11112.292394974402,150,True,17.939927612071887,False,168.27482964480328,170.91372553115716,False,20.79526222115694,True,False
2,1970-07-23 09:45:02.317452561,2025-09-09,2025-09-26 15:03:51.745,HH,C,2880964474,JASSM,3,117,76,2,2,1,225,9,2,0,1,26,0,0,0,0,-107369.24675904664,-4798031.730543432,4191484.121550084,2.29982,3.002,-0.132114,-83.375,11.75,11.25,0.0,0.0,0.0,0.0,0.0,0.0,2,0,41.32350680160052,-91.28193777658434,9999.99951395373,-79.89349018066102,-0.0046099267743873,0.0013037998611932,,9260.064158607724,11112.292394974402,150,2,2025-09-09,2025-09-26 15:03:51.908,HH,C,3563296788,HAWK11,1,1,73,2,1,1,225,2,1,0,0,12,1,225,2,1,-138412.45935233062,-4790261.885713424,4199860.612761021,-2.32235,-0.0937646,-0.107475,112.375,-5.625,6.75,0.046875,-8.10938,8.5625,-0.0175781,-0.0273438,-0.0117188,4,0,41.421547291196696,-91.65507523723376,10999.497730762409,87.81865019624821,6.85186005154598,-1.9699952350699583,173.395,9260.064158607724,11112.292394974402,150,True,17.812753693087394,False,167.81690476781438,170.7927827114131,False,21.225940480835103,True,False
2,1970-07-23 09:45:02.327228379,2025-09-09,2025-09-26 15:03:52.722,HH,C,2882158432,JASSM,3,117,76,2,2,1,225,9,2,0,1,26,0,0,0,0,-107452.83269654664,-4798019.986402807,4191495.348112584,2.29982,3.002,-0.132114,-83.375,11.75,11.25,0.0,0.0,0.0,0.0,0.0,0.0,2,0,41.32364133664762,-91.28293855873892,10000.000728205296,-79.89415100780039,-0.0038464009290628,0.0013032341343208,,9260.064158607724,11112.292394974402,150,2,2025-09-09,2025-09-26 15:03:52.798,HH,C,3564131888,HAWK11,1,1,73,2,1,1,225,2,1,0,0,12,1,225,2,1,-138333.84216483062,-4790264.449189986,4199863.870573521,-2.33357,-0.0846566,-0.0929017,112.125,-5.625,7.0,0.0625,-6.34375,6.64062,0.00195312,-0.0175781,0.0175781,4,0,41.421567534657896,-91.6541348052346,11007.288423756294,88.10837414285344,5.912239596095857,-2.528358940633022,171.648,9260.064158607724,11112.292394974402,150,True,17.727907609574018,False,167.69729633357898,170.72026872091294,False,21.41024846452067,True,False
2,1970-07-23 09:45:02.337284213,2025-09-09,2025-09-26 15:03:53.728,HH,C,2883291846,JASSM,3,117,76,2,2,1,225,9,2,0,1,26,0,0,0,0,-107532.18035279664,-4798008.836012182,4191506.005339146,2.29982,3.002,-0.132114,-83.375,11.75,11.25,0.0,0.0,0.0,0.0,0.0,0.0,2,0,41.32376905173759,-91.28388859983556,10000.000842756755,-79.89477833171678,-0.0031215881304862,0.0013026875505362,,9260.064158607724,11112.292394974402,150,2,2025-09-09,2025-09-26 15:03:53.706,HH,C,3565285120,HAWK11,1,1,73,2,1,1,225,2,1,0,0,12,1,225,2,1,-138225.76208670562,-4790267.911104049,4199868.870573521,-2.32599,-0.0785206,-0.0915595,112.25,-4.875,6.75,0.046875,-6.32812,6.8125,0.0,-0.0078125,-0.03125,4,0,41.42159924027178,-91.65284195484868,11018.982343079682,87.93572693258851,5.599104583939278,-2.079418869936214,171.733,9260.064158607724,11112.292394974402,150,True,17.630638563509887,False,167.64818289122772,170.62908346867073,False,21.59200704892662,True,False
2,1970-07-23 09:45:02.346509784,2025-09-09,2025-09-26 15:03:54.650,HH,C,2884483266,JASSM,3,117,76,2,2,1,225,9,2,0,1,26,0,0,0,0,-107615.58855592164,-4797997.114332494,4191517.206511021,2.29982,3.002,-0.132114,-83.375,11.75,11.25,0.0,0.0,0.0,0.0,0.0,0.0,2,0,41.32390328844664,-91.28488726263464,9999.999815292203,-79.89543776286835,-0.0023596845427433,0.0013021185970352,,9260.064158607724,11112.292394974402,150,2,2025-09-09,2025-09-26 15:03:54.598,HH,C,3566398586,HAWK11,1,1,73,2,1,1,225,2,1,0,0,12,1,225,2,1,-138119.75622733062,-4790270.323213424,4199873.235807896,-2.3468,-0.0477452,-0.0767949,112.5,-3.625,5.875,0.078125,-5.1875,5.4375,-0.00390625,-0.0253906,0.0117188,4,0,41.42163253966053,-91.65157425523364,11026.869899824082,87.41252785667864,3.721211193518834,-3.1657535905148184,171.55,9260.064158607724,11112.292394974402,150,True,17.532317954587576,False,167.7404406653343,170.53669727205246,False,21.65688369026077,True,False
2,1970-07-23 09:45:02.357106374,2025-09-09,2025-09-26 15:03:55.710,HH,C,2885676178,JASSM,3,117,76,2,2,1,225,9,2,0,1,26,0,0,0,0,-107699.10222779664,-4797985.378004369,4191528.421354771,2.29982,3.002,-0.132114,-83.375,11.75,11.25,0.0,0.0,0.0,0.0,0.0,0.0,2,0,41.32403768185706,-91.28588719229172,10000.001862338066,-79.89609803231228,-0.0015968183526853,0.0013015532390921,,9260.064158607724,11112.292394974402,150,2,2025-09-09,2025-09-26 15:03:55.800,HH,C,3567909716,HAWK11,1,1,73,2,1,1,225,2,1,0,0,12,1,225,2,1,-137977.43200858062,-4790272.565400924,4199879.007292271,-2.32839,-0.0492791,-0.0684539,112.875,-2.125,5.25,0.140625,-6.17188,6.5625,0.0292969,0.0,-0.00585938,4,0,41.42168255248978,-91.64987257516928,11034.82489851182,87.83133894059438,3.4728816434729346,-2.091238161219517,172.784,9260.064158607724,11112.292394974402,150,True,17.41590753480565,False,167.6096104144685,170.41869940505208,False,21.950161489567243,True,False
2,1970-07-23 09:45:02.367225700,2025-09-09,2025-09-26 15:03:56.722,HH,C,2886869106,JASSM,3,117,76,2,2,1,225,9,2,0,1,26,0,0,0,0,-107782.61589967164,-4797973.639723119,4191539.635221959,2.29982,3.0019,-0.132114,-83.375,11.75,11.25,0.0,0.0,0.0,0.0,0.0,0.0,2,0,41.32417207158135,-91.28688712658096,10000.000699128968,-79.89313214950103,-0.0048939945470946,0.0005774095786696,,9260.064158607724,11112.292394974402,150,2,2025-09-09,2025-09-26 15:03:56.798,HH,C,3569142482,HAWK11,1,1,73,2,1,1,225,2,1,0,0,12,1,225,2,1,-137859.72497733062,-4790273.677705611,4199883.976042271,-2.32389,-0.0371032,-0.0749733,113.25,-1.375,5.0,0.046875,-6.39062,6.6875,0.0,-0.0078125,-0.0078125,4,0,41.42172963156224,-91.64846548136856,11040.01140582615,87.09104679914645,3.1979529032718235,-1.8262085974042817,173.517,9260.064158607724,11112.292394974402,150,True,17.31200458583129,False,167.50164309183867,170.31445990212976,False,22.174962283552805,True,False
2,1970-07-23 09:45:02.377252273,2025-09-09,2025-09-26 15:03:57.725,HH,C,2888062156,JASSM,3,117,76,2,2,1,225,9,2,0,1,26,0,0,0,0,-107866.13933717164,-4797961.899488744,4191550.8500657086,2.29982,3.0019,-0.132114,-83.375,11.75,11.25,0.0,0.0,0.0,0.0,0.0,0.0,2,0,41.32430646951575,-91.28788718206208,10000.00109774604,-79.8937925055301,-0.0041310375647247,0.0005768865023413,,9260.064158607724,11112.292394974402,150,2,2025-09-09,2025-09-26 15:03:57.798,HH,C,3570295714,HAWK11,1,1,73,2,1,1,225,2,1,0,0,12,1,225,2,1,-137751.00232108062,-4790273.836885299,4199888.745573521,-2.30653,-0.0329806,-0.0512925,113.625,-0.5,4.5,0.046875,-5.6875,5.95312,0.0566406,-0.0234375,0.0332031,4,0,41.42177948392487,-91.64716608580812,11043.064056278246,87.95562062843467,2.125552563639949,-0.7769136377500897,174.043,9260.064158607724,11112.292394974402,150,True,17.212775547427587,False,167.4434426686377,170.2139294185289,False,22.341939240511433,True,False
2,1970-07-23 09:45:02.386406975,2025-09-09,2025-09-26 15:03:58.640,HH,C,2889197888,JASSM,3,117,76,2,2,1,225,9,2,0,1,26,0,0,0,0,-107945.64910279664,-4797950.722730932,4191561.524870396,2.29982,3.0019,-0.132114,-83.375,11.75,11.25,0.0,0.0,0.0,0.0,0.0,0.0,2,0,41.32443439753651,-91.28883918444292,10000.000804009702,-79.89442113280847,-0.0034047445308397,0.0005763919855855,,9260.064158607724,11112.292394974402,150,2,2025-09-09,2025-09-26 15:03:58.798,HH,C,3571528480,HAWK11,1,1,73,2,1,1,225,2,1,0,0,12,1,225,2,1,-137632.90857108062,-4790273.349580611,4199893.108854771,-2.25179,-0.0354733,-0.0527306,114.0,0.0,3.75,0.0625,-6.5,6.92188,0.0390625,0.0,-0.0078125,4,0,41.421832030110224,-91.64575491677608,11042.989033839454,87.9890222721004,2.2881044537889323,2.3535270581063568,175.289,9260.064158607724,11112.292394974402,150,True,17.11109143572772,False,167.58289657834405,170.1073551560651,False,22.30868945639919,True,False
2,1970-07-23 09:45:02.396425955,2025-09-09,2025-09-26 15:03:59.642,HH,C,2890390610,JASSM,3,117,76,2,2,1,225,9,2,0,1,26,0,0,0,0,-108029.14910279664,-4797938.984449682,4191572.7348313336,2.29982,3.0019,-0.132114,-83.375,11.75,11.25,0.0,0.0,0.0,0.0,0.0,0.0,2,0,41.32456873703436,-91.28983896767694,10000.001391448768,-79.89508131251851,-0.0026420020706805,0.000575872873174,,9260.064158607724,11112.292394974402,150,2,2025-09-09,2025-09-26 15:03:59.602,HH,C,3572482878,HAWK11,1,1,73,2,1,1,225,2,1,0,0,12,1,225,2,1,-137542.30310233062,-4790273.477510299,4199895.878386021,-2.25217,-0.0291456,-0.0591541,114.375,0.0,3.125,-0.015625,-6.59375,6.90625,-0.0292969,0.0,0.00585938,4,0,41.4218654458509,-91.64467204702652,11042.91547816349,87.47389194314691,2.2605222165214447,2.331349271873741,175.974,9260.064158607724,11112.292394974402,150,True,17.020813098329892,False,167.82541773547828,170.01879367886477,False,22.15211017524563,True,False
2,1970-07-23 09:45:02.407225425,2025-09-09,2025-09-26 15:04:00.722,HH,C,2891643298,JASSM,3,117,76,2,2,1,225,9,2,0,1,26,0,0,0,0,-108116.84636842164,-4797926.654371557,4191584.507292271,2.29982,3.0019,-0.132018,-83.375,11.75,11.25,0.0,0.0,0.0,0.0,0.0,0.0,2,0,41.32470982371729,-91.29088901156165,9999.999552254678,-79.89987166814363,-0.005500116159914,0.0005755865451521,,9260.064158607724,11112.292394974402,150,2,2025-09-09,2025-09-26 15:04:00.710,HH,C,3573755410,HAWK11,1,1,73,2,1,1,225,2,1,0,0,12,1,225,2,1,-137420.09607108062,-4790273.930635299,4199899.593229771,-2.26003,-0.0394041,-0.0474575,114.625,-2.0,4.875,-0.109375,-6.95312,7.1875,0.0117188,0.00195312,0.0117188,4,0,41.42190869108407,-91.64321139376624,11043.468104476076,88.366395984308,2.259118228536052,1.8847529568429195,177.0,9260.064158607724,11112.292394974402,150,True,16.912533089188837,False,167.75287440365727,169.90632773399585,False,22.32592661908392,True,False
2,1970-07-23 09:45:02.417486192,2025-09-09,2025-09-26 15:04:01.748,HH,C,2892895614,JASSM,3,117,76,2,2,1,225,9,2,0,1,26,0,0,0,0,-108204.51824342164,-4797914.328199682,4191596.275846959,2.29982,3.0019,-0.132018,-83.375,11.75,11.25,0.0,0.0,0.0,0.0,0.0,0.0,2,0,41.32485085461044,-91.2919387558687,10000.001559972938,-79.90056484210253,-0.0046992652056753,0.0005749859516678,,9260.064158607724,11112.292394974402,150,2,2025-09-09,2025-09-26 15:04:01.804,HH,C,3575147242,HAWK11,1,1,73,2,1,1,225,2,1,0,0,12,1,225,2,1,-137285.07263358062,-4790274.980439986,4199903.218229771,-2.24239,-0.0413216,-0.0554151,115.125,-1.0,2.5,0.0625,-6.82812,7.09375,-0.0117188,0.00390625,0.0,4,0,41.42194994650078,-91.64159736491338,11044.397410427891,88.0975512621453,2.643986938554021,2.878307891150845,177.892,9260.064158607724,11112.292394974402,150,True,16.797810283620258,False,168.3929499018695,169.78468114285985,False,21.82104060657199,True,False
2,1970-07-23 09:45:02.428250755,2025-09-09,2025-09-26 15:04:02.825,HH,C,2894146694,JASSM,3,117,76,2,2,1,225,9,2,0,1,26,0,0,0,0,-108292.10418092164,-4797902.011793432,4191608.0317063336,2.29982,3.0019,-0.132018,-83.375,11.75,11.25,0.0,0.0,0.0,0.0,0.0,0.0,2,0,41.32499174362668,-91.2929874763418,9999.999436752953,-79.9012573419423,-0.003899197778724,0.0005743802305152,,9260.064158607724,11112.292394974402,150,2,2025-09-09,2025-09-26 15:04:02.707,HH,C,3576181174,HAWK11,1,1,73,2,1,1,225,2,1,0,0,12,1,225,2,1,-137186.46130545562,-4790276.691377486,4199905.513151646,-2.25035,-0.052443,-0.0583871,115.375,-1.875,2.5,0.078125,-7.46875,7.73438,0.0,0.0273438,0.0078125,4,0,41.42197206377885,-91.6404182708988,11046.638878222382,88.39114948516743,3.234956788544112,2.4011517307462467,178.149,9260.064158607724,11112.292394974402,150,True,16.701179141761635,False,168.66985502646028,169.6883075314352,False,21.641695192314344,True,False
2,1970-07-23 09:45:02.438286165,2025-09-09,2025-09-26 15:04:03.828,HH,C,2895399920,JASSM,3,117,76,2,2,1,225,9,2,0,1,26,0,0,0,0,-108379.83855592164,-4797889.674879369,4191619.807096959,2.29982,3.0019,-0.132018,-83.375,11.75,11.25,0.0,0.0,0.0,0.0,0.0,0.0,2,0,41.325132857011205,-91.2940379785793,10000.001458957437,-79.9019510202818,-0.0030977753643561,0.0005737782544892,,9260.064158607724,11112.292394974402,150,2,2025-09-09,2025-09-26 15:04:03.894,HH,C,3577612774,HAWK11,1,1,73,2,1,1,225,2,1,0,0,12,1,225,2,1,-137047.82653983062,-4790280.551729049,4199909.720182896,-2.24498,-0.0656736,-0.0550316,115.5,-3.625,3.125,0.015625,-7.125,7.35938,-0.00390625,-0.0195312,0.0117188,4,0,41.42200109571739,-91.6387601188962,11055.50524003975,89.03763702604786,3.677510530772061,2.704699467240634,178.015,9260.064158607724,11112.292394974402,150,True,16.584443251305004,False,168.93456325229437,169.56336384137634,False,21.481988439411055,True,False
2,1970-07-23 09:45:02.448446627,2025-09-09,2025-09-26 15:04:04.844,HH,C,2896594384,JASSM,3,117,76,2,2,1,225,9,2,0,1,26,0,0,0,0,-108463.45964967164,-4797877.914137182,4191631.0297532086,2.29982,3.0019,-0.132018,-83.375,11.75,11.25,0.0,0.0,0.0,0.0,0.0,0.0,2,0,41.32526735432202,-91.2950392345732,10000.000286022614,-79.90261218165593,-0.0023339243619903,0.0005731960282171,,9260.064158607724,11112.292394974402,150,2,2025-09-09,2025-09-26 15:04:04.798,HH,C,3578686472,HAWK11,1,1,73,2,1,1,225,2,1,0,0,12,1,225,2,1,-136943.93591483062,-4790284.293916549,4199913.009245396,-2.24862,-0.068358,-0.0538811,115.625,-4.0,2.875,-0.015625,-7.07812,7.34375,0.00195312,0.00390625,-0.00195312,4,0,41.42201870183919,-91.6375172366992,11064.540622784152,89.18970432050686,3.7502284093716343,2.4973970809403467,179.114,9260.064158607724,11112.292394974402,150,True,16.48727626507689,False,169.14110069546143,169.4630528040712,False,21.372386538753855,True,False
2,1970-07-23 09:45:02.458491307,2025-09-09,2025-09-26 15:04:05.849,HH,C,2897846766,JASSM,3,117,76,2,2,1,225,9,2,0,1,26,0,0,0,0,-108551.13738404664,-4797865.583082494,4191642.7953782086,2.29982,3.0019,-0.132018,-83.375,11.75,11.25,0.0,0.0,0.0,0.0,0.0,0.0,2,0,41.3254083557731,-91.2960890680278,10000.000438468634,-79.90330542218608,-0.0015330193290825,0.0005725966692928,,9260.064158607724,11112.292394974402,150,2,2025-09-09,2025-09-26 15:04:05.704,HH,C,3579720404,HAWK11,1,1,73,2,1,1,225,2,1,0,0,12,1,225,2,1,-136842.35974295562,-4790288.482393111,4199915.966276646,-2.25083,-0.072193,-0.0563738,115.75,-4.875,3.0,0.046875,-7.03125,7.39062,-0.00195312,0.0136719,0.0,4,0,41.42203100438767,-91.6363018627274,11074.120929894869,89.22822977140456,4.010205705190117,2.3614977405572657,179.457,9260.064158607724,11112.292394974402,150,True,16.389020848361607,False,169.322336305235,169.36264946873743,False,21.269795582157357,True,False
2,1970-07-23 09:45:02.469245487,2025-09-09,2025-09-26 15:04:06.924,HH,C,2899098148,JASSM,3,117,76,2,2,1,225,9,2,0,1,26,0,0,0,0,-108638.74285279664,-4797853.260816869,4191654.551237584,2.29982,3.00181,-0.132018,-83.375,11.75,11.25,0.0,0.0,0.0,0.0,0.0,0.0,2,0,41.32554923914634,-91.29713804108194,10000.001148825177,-79.90036282100844,-0.0048029215981138,-0.0001528538112972,,9260.064158607724,11112.292394974402,150,2,2025-09-09,2025-09-26 15:04:06.892,HH,C,3581112236,HAWK11,1,1,73,2,1,1,225,2,1,0,0,12,1,225,2,1,-136707.28552420562,-4790294.862275924,4199919.929167271,-2.25179,-0.0753568,-0.0455401,115.875,-5.25,2.625,-0.015625,-6.51562,6.6875,0.0,-0.0136719,0.00195312,4,0,41.42204272985704,-91.63468540436097,11088.92768563895,89.81626668681362,3.737337416239613,2.336992777973732,179.53,9260.064158607724,11112.292394974402,150,True,16.273952178761586,False,169.57690490125808,169.23859893539787,False,21.136150169368857,True,False
2,1970-07-23 09:45:02.479288228,2025-09-09,2025-09-26 15:04:07.928,HH,C,2900292996,JASSM,3,117,76,2,2,1,225,9,2,0,1,26,0,0,0,0,-108722.39129029664,-4797841.494215307,4191665.774870396,2.29982,3.00181,-0.132018,-83.375,11.75,11.25,0.0,0.0,0.0,0.0,0.0,0.0,2,0,41.32568374721196,-91.29813963777872,10000.000721425098,-79.90102421281277,-0.0040388215315845,-0.0001533814306157,,9260.064158607724,11112.292394974402,150,2,2025-09-09,2025-09-26 15:04:07.798,HH,C,3582265468,HAWK11,1,1,73,2,1,1,225,2,1,0,0,12,1,225,2,1,-136596.49255545562,-4790300.215791549,4199922.604948521,-2.2562,-0.0692209,-0.0385413,115.875,-5.25,2.0,0.0625,-6.5625,6.6875,-0.0292969,-0.00585938,0.0,4,0,41.42204773509968,-91.6333594844494,11100.128553364557,89.8861056280978,3.209709787620552,2.103259476379803,179.579,9260.064158607724,11112.292394974402,150,True,16.173174073157767,False,169.83958606215108,169.13212268194792,False,20.99131429139895,True,False
2,1970-07-23 09:45:02.489428758,2025-09-09,2025-09-26 15:04:08.942,HH,C,2901548668,JASSM,3,117,76,2,2,1,225,9,2,0,1,26,0,0,0,0,-108810.29754029664,-4797829.128004369,4191677.5688157086,2.29982,3.00181,-0.132018,-83.375,11.75,11.25,0.0,0.0,0.0,0.0,0.0,0.0,2,0,41.32582508986508,-91.29919222165056,10000.000495811586,-79.90171927526862,-0.0032358281429611,-0.0001539332379648,,9260.064158607724,11112.292394974402,150,2,2025-09-09,2025-09-26 15:04:08.468,HH,C,3582822202,HAWK11,1,1,73,2,1,1,225,2,1,0,0,12,1,225,2,1,-136541.21716483062,-4790302.901338424,4199923.569792271,-2.27365,-0.0681663,-0.0344187,116.0,-5.375,1.75,-0.125,-6.45312,6.5625,-0.0429688,-0.015625,0.0078125,4,0,41.42204764178197,-91.63269796915512,11104.951719223222,90.02406803735151,3.00875552122818,1.1131600219839315,179.75,9260.064158607724,11112.292394974402,150,True,16.0979919048802,False,169.97623038536415,169.0618895970186,False,20.92620795204754,True,False
2,1970-07-23 09:45:02.511645424,2025-09-09,2025-09-26 15:04:11.164,HH,C,2904050092,JASSM,3,117,76,2,2,1,225,9,2,0,1,26,0,0,0,0,-108985.41668092164,-4797804.490309057,4191701.061979771,2.29982,3.00181,-0.131922,-83.375,11.75,11.25,0.0,0.0,0.0,0.0,0.0,0.0,2,0,41.3261066368382,-91.30128910147188,10000.001705125433,-79.90720087228416,-0.0052954238209359,-0.0001547895899139,,9260.064158607724,11112.292394974402,150,2,2025-09-09,2025-09-26 15:04:11.144,HH,C,3585725164,HAWK11,1,1,73,2,1,1,225,2,1,0,0,12,1,225,2,1,-136258.97888358062,-4790313.626924361,4199926.511198521,-2.3467,-0.041034,-0.0230097,116.5,-4.75,1.625,-0.171875,-6.53125,6.59375,-0.0332031,-0.015625,-0.0234375,4,0,41.42205148673015,-91.62932126665784,11117.949242081488,89.48871768692092,1.4133472074336555,-3.0487397394367446,180.874,9260.064158607724,11112.292394974402,150,True,15.861902142883421,False,169.85712748725751,168.7990318051257,False,21.3241602207987,True,False
2,1970-07-23 09:45:02.515504507,2025-09-09,2025-09-26 15:04:11.550,HH,C,2902796280,JASSM,3,117,76,2,2,1,225,9,2,0,1,26,0,0,0,0,-108897.64129029664,-4797816.839918432,4191689.286589146,2.29982,3.00181,-0.132018,-83.375,11.75,11.25,0.0,0.0,0.0,0.0,0.0,0.0,2,0,41.32596551976008,-91.30023807496056,10000.00034986771,-79.90240989520908,-0.0024379726047325,-0.0001544826340922,,9260.064158607724,11112.292394974402,150,2,2025-09-09,2025-09-26 15:04:11.892,HH,C,3587116996,HAWK11,1,1,73,2,1,1,225,2,1,0,0,12,1,225,2,1,-136121.75622733062,-4790317.046846236,4199926.858854771,-2.39847,-0.0373908,-0.0159151,117.125,-2.125,0.25,-0.078125,-6.42188,6.34375,-0.015625,-0.00976562,-0.00195312,4,0,41.42205669758316,-91.62768014388848,11117.520105549898,89.65665525741703,0.9891767610918664,-6.007493545068007,181.204,9260.064158607724,11112.292394974402,150,True,15.840352720492497,False,169.59495526573488,168.73558369058645,False,21.66112699657675,True,False
2,1970-07-23 09:45:02.521325776,2025-09-09,2025-09-26 15:04:12.132,HH,C,2905303678,JASSM,3,117,76,2,2,1,225,9,2,0,1,26,0,0,0,0,-109073.17644654664,-4797792.141676244,4191712.8344407086,2.29982,3.00181,-0.131922,-83.375,11.75,11.25,0.0,0.0,0.0,0.0,0.0,0.0,2,0,41.32624772082362,-91.30233994575386,10000.002349116068,-79.90789479182585,-0.0044937670262664,-0.0001554031118112,,9260.064158607724,11112.292394974402,150,2,2025-09-09,2025-09-26 15:04:12.298,HH,C,3587633962,HAWK11,1,1,73,2,1,1,225,2,1,0,0,12,1,225,2,1,-136071.73864920562,-4790317.910127486,4199927.253386021,-2.4072,-0.0349939,-0.0173532,117.375,-1.375,0.25,-0.03125,-6.51562,6.48438,-0.0195312,-0.00195312,0.0,4,0,41.422062679393655,-91.62708208562952,11117.00485724366,89.50440473780743,0.9411573888324002,-6.507652086905081,181.693,9260.064158607724,11112.292394974402,150,True,15.720979156508744,False,169.3459658659417,168.63009004312934,False,22.00565839188785,True,False
2,1970-07-23 09:45:02.534811154,2025-09-09,2025-09-26 15:04:13.481,HH,C,2906496912,JASSM,3,117,76,2,2,1,225,9,2,0,1,26,0,0,0,0,-109156.71160279664,-4797780.385816869,4191724.038542271,2.29982,3.00181,-0.131922,-83.375,11.75,11.25,0.0,0.0,0.0,0.0,0.0,0.0,2,0,41.32638200309311,-91.30334020880152,9999.999082434811,-79.90855531212635,-0.0037307005610607,-0.0001559857735028,,9260.064158607724,11112.292394974402,150,2,2025-09-09,2025-09-26 15:04:13.704,HH,C,3589304162,HAWK11,1,1,73,2,1,1,225,2,1,0,0,12,1,225,2,1,-135906.16833670562,-4790320.279268111,4199929.169401646,-2.41995,-0.0317342,-0.0412257,117.875,-0.875,1.875,-0.171875,-7.625,7.64062,-0.00390625,0.00585938,0.0,4,0,41.42208948241377,-91.6251025324193,11115.43116610188,88.35601033428503,1.7072516760042806,-7.2593518487551645,182.561,9260.064158607724,11112.292394974402,150,True,15.593688238438189,False,168.59732663906095,168.4723457103464,False,22.923397783959235,True,False
2,1970-07-23 09:45:02.541532859,2025-09-09,2025-09-26 15:04:14.153,HH,C,2907747424,JASSM,3,117,76,2,2,1,225,9,2,0,1,26,0,0,0,0,-109244.25847779664,-4797768.066480932,4191735.780729771,2.29982,3.00181,-0.131922,-83.375,11.75,11.25,0.0,0.0,0.0,0.0,0.0,0.0,2,0,41.3265227184776,-91.30438851290944,10000.002371531364,-79.90924755807546,-0.00293098970446,-0.0001565901516107,,9260.064158607724,11112.292394974402,150,2,2025-09-09,2025-09-26 15:04:14.464,HH,C,3586520498,HAWK11,1,1,73,2,1,1,225,2,1,0,0,12,1,225,2,1,-136181.05114920562,-4790315.648408736,4199926.655729771,-2.38553,-0.0389248,-0.0206129,116.875,-2.5,0.125,0.03125,-6.35938,6.35938,-0.0488281,-0.0117188,0.0078125,4,0,41.42205361966716,-91.62838925822749,11117.784626692315,89.51242356048876,1.2325960997219705,-5.270304146770735,182.768,9260.064158607724,11112.292394974402,150,True,15.683597881480544,False,169.7640247350587,168.64218831797828,False,21.58811188555293,True,False
2,1970-07-23 09:45:02.553561490,2025-09-09,2025-09-26 15:04:15.356,HH,C,2909062048,JASSM,3,117,76,2,2,1,225,9,2,0,1,26,0,0,0,0,-109336.29168092164,-4797755.113355932,4191748.1235032086,2.29982,3.00181,-0.131922,-83.375,11.75,11.25,0.0,0.0,0.0,0.0,0.0,0.0,2,0,41.32667064156728,-91.3054905427628,10000.001636605388,-79.9099752838284,-0.0020902960543478,-0.0001572323247335,,9260.064158607724,11112.292394974402,150,2,2025-09-09,2025-09-26 15:04:15.096,HH,C,3591014126,HAWK11,1,1,73,2,1,1,225,2,1,0,0,12,1,225,2,1,-135737.67419608062,-4790322.093721236,4199933.784636021,-2.42762,-0.0236808,-0.0504296,118.25,-0.25,3.625,-0.15625,-7.15625,7.04688,-0.00585938,0.00390625,-0.015625,4,0,41.42213826023614,-91.6230882220525,11118.162687888129,87.65663940958076,1.7116646477381057,-7.698574129421711,183.013,9260.064158607724,11112.292394974402,150,True,15.41396843699213,False,167.75891296698282,168.26538024734347,False,23.974299295984938,True,False
2,1970-07-23 09:45:02.568065224,2025-09-09,2025-09-26 15:04:16.806,HH,C,2910372588,JASSM,3,117,76,2,2,1,225,9,2,0,1,26,0,0,0,0,-109428.03777467164,-4797742.199293432,4191760.427214146,2.29982,3.00171,-0.131922,-83.375,11.75,11.25,0.0,0.0,0.0,0.0,0.0,0.0,2,0,41.32681809691729,-91.30658914002052,10000.000871683367,-79.90707439224398,-0.0053122787757841,-0.0008804327169602,,9260.064158607724,11112.292394974402,150,2,2025-09-09,2025-09-26 15:04:16.204,HH,C,3592087824,HAWK11,1,1,73,2,1,1,225,2,1,0,0,12,1,225,2,1,-135631.12341483062,-4790322.502900924,4199937.731901646,-2.43817,-0.0171614,-0.0610716,118.375,0.125,4.625,-0.109375,-7.20312,7.07812,-0.0175781,0.0,-0.0136719,4,0,41.42218042318169,-91.6218146794309,11120.315088651456,86.95311754732379,1.8360092146007625,-8.303805464401226,183.184,9260.064158607724,11112.292394974402,150,True,15.312400044579384,False,167.27216278525606,168.13888526053537,False,24.588750501246945,True,False
2,1970-07-23 09:45:02.574344035,2025-09-09,2025-09-26 15:04:17.434,HH,C,2911566702,JASSM,3,117,76,2,2,1,225,9,2,0,1,26,0,0,0,0,-109511.63543092164,-4797730.431715307,4191771.636198521,2.29982,3.00171,-0.131922,-83.375,11.75,11.25,0.0,0.0,0.0,0.0,0.0,0.0,2,0,41.32695243639785,-91.30759016970836,9999.998628659485,-79.90773542627291,-0.0045486419476389,-0.0008809610466622,,9260.064158607724,11112.292394974402,150,2,2025-09-09,2025-09-26 15:04:17.502,HH,C,3593797790,HAWK11,1,1,73,2,1,1,225,2,1,0,0,12,1,225,2,1,-135460.76208670562,-4790321.599580611,4199946.485807896,-2.45351,-0.010642,-0.0778495,118.375,1.375,6.5,0.078125,-7.04688,6.95312,0.00195312,0.00390625,-0.00976562,4,0,41.42227356055915,-91.61977896810006,11125.240573556115,85.98628514435454,2.1935567791563546,-9.190828721484555,183.514,9260.064158607724,11112.292394974402,150,True,15.184611959012933,False,166.18835089471602,167.95511310492162,False,25.856535314118688,True,False
2,1970-07-23 09:45:02.584482513,2025-09-09,2025-09-26 15:04:18.448,HH,C,2912819844,JASSM,3,117,76,2,2,1,225,9,2,0,1,26,0,0,0,0,-109599.36394654664,-4797718.082105932,4191783.399870396,2.29982,3.00171,-0.131922,-83.375,11.75,11.25,0.0,0.0,0.0,0.0,0.0,0.0,2,0,41.32709341347832,-91.30864066842824,10000.000674990357,-79.90842912928082,-0.0037472694618162,-0.0008815240620175,,9260.064158607724,11112.292394974402,150,2,2025-09-09,2025-09-26 15:04:18.392,HH,C,3594871488,HAWK11,1,1,73,2,1,1,225,2,1,0,0,12,1,225,2,1,-135353.99450858062,-4790320.380830611,4199953.015104771,-2.45878,0.000383495,-0.0858071,118.5,2.125,7.625,-0.125,-7.0625,6.9375,-0.00585938,-0.00195312,-0.0078125,4,0,41.422342835661375,-91.61850338022047,11128.994332541106,85.22826574330168,2.0237075211981423,-9.469246425057094,183.55,9260.064158607724,11112.292394974402,150,True,15.085916772573821,False,165.5424153728976,167.82049146375388,False,26.637054150916416,True,False
2,1970-07-23 09:45:02.598301951,2025-09-09,2025-09-26 15:04:19.830,HH,C,2914072600,JASSM,3,117,76,2,2,1,225,9,2,0,1,26,0,0,0,0,-109687.06707154664,-4797705.735426244,4191795.1586594586,2.29982,3.00171,-0.131922,-83.375,11.75,11.25,0.0,0.0,0.0,0.0,0.0,0.0,2,0,41.32723433400978,-91.309690867812,10000.002029905858,-79.90912263656867,-0.0029461298806613,-0.0008820807895782,,9260.064158607724,11112.292394974402,150,2,2025-09-09,2025-09-26 15:04:19.596,HH,C,3596064488,HAWK11,1,1,73,2,1,1,225,2,1,0,0,12,1,225,2,1,-135236.45349295562,-4790317.854463424,4199961.800261021,-2.47,0.0058483,-0.0983665,118.5,3.25,9.0,-0.203125,-7.25,7.14062,0.0,0.00195312,-0.015625,4,0,41.4224369117853,-91.61709947557588,11133.686957889442,84.48273988635718,2.2668911589209872,-10.111090453820724,183.917,9260.064158607724,11112.292394974402,150,False,14.982542435622031,False,164.6878378532274,167.67046228652313,False,27.641676520831393,True,False
2,1970-07-23 09:45:02.605286901,2025-09-09,2025-09-26 15:04:20.528,HH,C,2915324270,JASSM,3,117,76,2,2,1,225,9,2,0,1,26,0,0,0,0,-109774.69207154664,-4797693.397535619,4191806.905729771,2.29982,3.00171,-0.131922,-83.375,11.75,11.25,0.0,0.0,0.0,0.0,0.0,0.0,2,0,41.32737512415578,-91.31074013681187,9999.999339764625,-79.90981553141499,-0.0021457026932836,-0.0008826415498949,,9260.064158607724,11112.292394974402,150,2,2025-09-09,2025-09-26 15:04:20.704,HH,C,3597694918,HAWK11,1,1,73,2,1,1,225,2,1,0,0,12,1,225,2,1,-135074.00622733062,-4790312.836885299,4199976.212370396,-2.46242,0.018983,-0.112843,118.25,4.375,11.125,0.140625,-6.90625,6.6875,0.0214844,-0.00195312,-0.0175781,4,0,41.42259130548963,-91.61515972130944,11141.360047718128,83.36605192866952,2.2560407043694424,-9.641914251695514,183.465,9260.064158607724,11112.292394974402,150,True,14.858413196137873,False,163.54196248598453,167.46995603993108,False,28.987166142847414,True,False
2,1970-07-23 09:45:02.625483171,2025-09-09,2025-09-26 15:04:22.548,HH,C,2917770474,JASSM,3,117,76,2,2,1,225,9,2,0,1,26,0,0,0,0,-109945.94597779664,-4797669.283277807,4191829.862761021,2.29982,3.00171,-0.131826,-83.375,11.75,11.25,0.0,0.0,0.0,0.0,0.0,0.0,2,0,41.32765025353655,-91.31279083678312,10000.000074693658,-79.9152666289836,-0.0042406540605465,-0.0008835623706622,,9260.064158607724,11112.292394974402,150,2,2025-09-09,2025-09-26 15:04:22.392,HH,C,3599643484,HAWK11,1,1,73,2,1,1,225,2,1,0,0,12,1,225,2,1,-134880.92028983062,-4790303.466768111,4199995.868620396,-2.45466,0.0404587,-0.123773,118.25,6.875,12.25,-0.1875,-6.8125,6.53125,-0.00195312,0.0117188,-0.0078125,4,0,41.42281209334226,-91.61285525217032,11147.604607076108,82.08821074848073,1.7574457600364946,-9.096527180405884,183.758,9260.064158607724,11112.292394974402,150,True,14.676139956983489,False,162.36964603699207,167.1874830887322,False,30.44139029233832,False,False
2,1970-07-23 09:45:02.636244290,2025-09-09,2025-09-26 15:04:23.624,HH,C,2918963618,JASSM,3,117,76,2,2,1,225,9,2,0,1,26,0,0,0,0,-110029.47332154664,-4797657.520582494,4191841.059050084,2.29982,3.00171,-0.131826,-83.375,11.75,11.25,0.0,0.0,0.0,0.0,0.0,0.0,2,0,41.32778443383111,-91.3137910513412,10000.00145206418,-79.91592713565198,-0.0034776573013632,-0.0008841520179794,,9260.064158607724,11112.292394974402,150,2,2025-09-09,2025-09-26 15:04:24.004,HH,C,3601552282,HAWK11,1,1,73,2,1,1,225,2,1,0,0,12,1,225,2,1,-134691.96716483062,-4790290.906221236,4200017.099089146,-2.44191,0.0571408,-0.125786,118.125,9.0,13.25,-0.046875,-6.4375,6.17188,0.0214844,-0.0078125,-0.0078125,4,0,41.42306175431095,-91.61060123364383,11149.725641104947,81.37361454728595,1.1264790475108744,-8.264999904571537,184.369,9260.064158607724,11112.292394974402,150,True,14.543874917442883,False,161.33901303338854,166.9383821835861,False,31.714472464599986,False,False
2,1970-07-23 09:45:02.647903637,2025-09-09,2025-09-26 15:04:24.790,HH,C,2916577240,JASSM,3,117,76,2,2,1,225,9,2,0,1,26,0,0,0,0,-109862.41082154664,-4797681.046949682,4191818.6645188336,2.29982,3.00171,-0.131922,-83.375,11.75,11.25,0.0,0.0,0.0,0.0,0.0,0.0,2,0,41.3275160466079,-91.3117905328114,10000.00014818198,-79.91050917243359,-0.0013444207817647,-0.0008831942853218,,9260.064158607724,11112.292394974402,150,2,2025-09-09,2025-09-26 15:04:24.798,HH,C,3602546448,HAWK11,1,1,73,2,1,1,225,2,1,0,0,12,1,225,2,1,-134593.72497733062,-4790282.613252486,4200028.733854771,-2.43433,0.0672075,-0.133552,118.125,10.375,13.625,0.171875,-6.8125,6.5625,0.00585938,0.00585938,-0.00390625,4,0,41.423206056522496,-91.60942988947296,11147.796498808277,80.66163691215256,0.996032389283138,-7.769650182825984,184.443,9260.064158607724,11112.292394974402,150,True,14.588013481706438,False,160.7687999046341,166.9079006151725,False,32.306348848396176,False,False
2,1970-07-23 09:45:02.649523275,2025-09-09,2025-09-26 15:04:24.952,HH,C,2920274412,JASSM,3,117,76,2,2,1,225,9,2,0,1,26,0,0,0,0,-110121.23894654664,-4797644.596754369,4191853.3578782086,2.29982,3.00171,-0.131826,-83.375,11.75,11.25,0.0,0.0,0.0,0.0,0.0,0.0,2,0,41.32793183228598,-91.31488992181322,10000.00104706718,-79.91665279326821,-0.0026394072306413,-0.0008847938552249,,9260.064158607724,11112.292394974402,150,2,2025-09-09,2025-09-26 15:04:24.798,HH,C,3602546448,HAWK11,1,1,73,2,1,1,225,2,1,0,0,12,1,225,2,1,-134593.72497733062,-4790282.613252486,4200028.733854771,-2.43433,0.0672075,-0.133552,118.125,10.375,13.625,0.171875,-6.8125,6.5625,0.00585938,0.00585938,-0.00390625,4,0,41.423206056522496,-91.60942988947296,11147.796498808277,80.66163691215256,0.996032389283138,-7.769650182825984,184.443,9260.064158607724,11112.292394974402,150,True,14.449774503938896,False,160.7687999046341,166.77995859118604,False,32.43417770584882,False,False
2,1970-07-23 09:45:02.656425034,2025-09-09,2025-09-26 15:04:25.642,HH,C,2921467458,JASSM,3,117,76,2,2,1,225,9,2,0,1,26,0,0,0,0,-110204.76043092164,-4797632.833082494,4191864.551237584,2.29982,3.00162,-0.131826,-83.375,11.75,11.25,0.0,0.0,0.0,0.0,0.0,0.0,2,0,41.32806598113541,-91.31589007531196,10000.001142219138,-79.91368681291036,-0.0059365246432446,-0.0016074533410833,,9260.064158607724,11112.292394974402,150,2,2025-09-09,2025-09-26 15:04:25.798,HH,C,3603779212,HAWK11,1,1,73,2,1,1,225,2,1,0,0,12,1,225,2,1,-134472.18982108062,-4790271.438447799,4200043.573698521,-2.4375,0.079,-0.134894,118.25,11.5,14.375,0.046875,-6.65625,6.3125,0.00390625,-0.0078125,0.0,4,0,41.42339301825211,-91.60798112233452,11144.134601017817,80.15932136043483,0.5487861967210188,-7.867286417633091,184.736,9260.064158607724,11112.292394974402,150,True,14.34974051270544,False,160.1544876339859,166.59459685521563,False,33.229144656674954,False,False
2,1970-07-23 09:45:02.672131233,2025-09-09,2025-09-26 15:04:27.213,HH,C,2922543238,JASSM,3,117,76,2,2,1,225,9,2,0,1,26,0,0,0,0,-110280.07293092164,-4797622.224684057,4191874.644011021,2.29982,3.00162,-0.131826,-83.375,11.75,11.25,0.0,0.0,0.0,0.0,0.0,0.0,2,0,41.32818694016374,-91.31679193159523,10000.001179551487,-79.91428237204246,-0.0052485676180534,-0.0016079404419557,,9260.064158607724,11112.292394974402,150,2,2025-09-09,2025-09-26 15:04:27.705,HH,C,3606045910,HAWK11,1,1,73,2,1,1,225,2,1,0,0,12,1,225,2,1,-134245.97107108062,-4790247.395479049,4200073.405729771,-2.42005,0.0929017,-0.152919,118.5,13.25,16.125,-0.046875,-7.1875,6.90625,0.0078125,0.00195312,-0.0117188,4,0,41.42377518296799,-91.60528553079251,11134.161867872885,78.86583713725092,0.6524581965479015,-6.766874408985285,185.946,9260.064158607724,11112.292394974402,150,True,14.20752872096673,False,159.0088122343794,166.2775148760879,False,34.69024240626538,False,False
2,1970-07-23 09:45:02.682263259,2025-09-09,2025-09-26 15:04:28.226,HH,C,2923675026,JASSM,3,117,76,2,2,1,225,9,2,0,1,26,0,0,0,0,-110359.30730592164,-4797611.062574682,4191885.261198521,2.29982,3.00162,-0.131826,-83.375,11.75,11.25,0.0,0.0,0.0,0.0,0.0,0.0,2,0,41.32831419021525,-91.3177407557166,9999.998802164151,-79.914908948891,-0.0045247852441791,-0.0016084525867591,,9260.064158607724,11112.292394974402,150,2,2025-09-09,2025-09-26 15:04:28.002,HH,C,3606324276,HAWK11,1,1,73,2,1,1,225,2,1,0,0,12,1,225,2,1,-134219.51403983062,-4790244.455049361,4200077.060026646,-2.41765,0.0939563,-0.155028,118.5,13.5,16.25,-0.0625,-7.20312,6.95312,0.0078125,0.00976562,-0.0175781,4,0,41.42382175495147,-91.6049703132512,11133.0401347059,78.73620754431693,0.6889534022689047,-6.621799578420834,186.104,9260.064158607724,11112.292394974402,150,True,14.15345727206938,False,158.8858805130614,166.2022841739037,False,34.8868754201253,False,False
2,1970-07-23 09:45:02.685241740,2025-09-09,2025-09-26 15:04:28.524,HH,C,2924750448,JASSM,3,117,76,2,2,1,225,9,2,0,1,26,0,0,0,0,-110434.59441529664,-4797600.457105932,4191895.3500657086,2.29982,3.00162,-0.131826,-83.375,11.75,11.125,0.0,0.0,0.0,0.0,0.0,0.0,2,0,41.328435094403495,-91.31864231497062,10000.002354826836,-79.9155043148183,-0.0038370599763298,-0.0016089398770561,,9260.064158607724,11112.292394974402,150,2,2025-09-09,2025-09-26 15:04:28.507,HH,C,3606801476,HAWK11,1,1,73,2,1,1,225,2,1,0,0,12,1,225,2,1,-134171.26013358062,-4790238.983369674,4200083.895964146,-2.41439,0.0958738,-0.157329,118.5,13.625,16.75,-0.140625,-7.09375,6.92188,0.0,0.0,-0.0078125,4,0,41.42390849472075,-91.60439543591988,11131.098994346336,78.5659724526241,0.6966802805323317,-6.41999542560696,186.508,9260.064158607724,11112.292394974402,150,True,14.091801402154761,False,158.73564971688802,166.03565885443825,False,35.203212974255614,False,False
2,1970-07-23 09:45:02.693508587,2025-09-09,2025-09-26 15:04:29.350,HH,C,2925881918,JASSM,3,117,76,2,2,1,225,9,2,0,1,26,0,0,0,0,-110513.80535279664,-4797589.296949682,4191905.962370396,2.29982,3.00162,-0.131826,-83.375,11.75,11.125,0.0,0.0,0.0,0.0,0.0,0.0,2,0,41.32856228779968,-91.31959086599817,9999.999403301115,-79.9161307144209,-0.0031134921129651,-0.0016094480595782,,9260.064158607724,11112.292394974402,150,2,2025-09-09,2025-09-26 15:04:29.504,HH,C,3607914942,HAWK11,1,1,73,2,1,1,225,2,1,0,0,12,1,225,2,1,-134060.60778983062,-4790226.166963424,4200099.970182896,-2.39656,0.102297,-0.162794,118.625,14.125,17.375,-0.203125,-7.23438,6.98438,0.0429688,0.00195312,-0.0136719,4,0,41.4241116804953,-91.60307725293532,11126.855624148098,78.09106911458812,0.6366968609365105,-5.34514594522361,186.838,9260.064158607724,11112.292394974402,150,True,14.000395427570822,False,158.37360237866503,165.84926753422928,False,35.752438602452884,False,False
2,1970-07-23 09:45:02.703222504,2025-09-09,2025-09-26 15:04:30.322,HH,C,2927015306,JASSM,3,117,76,2,2,1,225,9,2,0,1,26,0,0,0,0,-110593.15105592164,-4797578.117262182,4191916.593229771,2.29982,3.00162,-0.131826,-83.375,11.75,11.125,0.0,0.0,0.0,0.0,0.0,0.0,2,0,41.32868969636372,-91.32054103469277,9999.99954105314,-79.91675818388218,-0.0023886919551369,-0.0016099635618227,,9260.064158607724,11112.292394974402,150,2,2025-09-09,2025-09-26 15:04:30.504,HH,C,3609187474,HAWK11,1,1,73,2,1,1,225,2,1,0,0,12,1,225,2,1,-133934.78357108062,-4790211.164033736,4200119.147917271,-2.33664,0.105941,-0.16845,118.75,14.375,18.125,-0.109375,-7.32812,6.92188,0.0898438,0.00390625,-0.00585938,4,0,41.424351332003454,-91.6015784627266,11122.93543182488,77.71340140527322,0.7015913441889025,-1.881933098634213,186.838,9260.064158607724,11112.292394974402,150,True,13.90255984196177,False,158.04946788463442,165.63839176548026,False,36.29194606039689,False,False
2,1970-07-23 09:45:02.712422388,2025-09-09,2025-09-26 15:04:31.242,HH,C,2928148518,JASSM,3,117,76,2,2,1,225,9,2,0,1,26,0,0,0,0,-110672.48308717164,-4797566.939527807,4191927.2211594586,2.29982,3.00162,-0.131826,-83.375,11.75,11.125,0.0,0.0,0.0,0.0,0.0,0.0,2,0,41.328817067550695,-91.32149104335956,10000.00071990956,-79.91738554925769,-0.0016640180344509,-0.0016104714840479,,9260.064158607724,11112.292394974402,150,2,2025-09-09,2025-09-26 15:04:31.298,HH,C,3610340706,HAWK11,1,1,73,2,1,1,225,2,1,0,0,12,1,225,2,1,-133818.67810233062,-4790197.457002486,4200137.091276646,-2.24364,0.10201,-0.163273,119.0,14.125,18.125,-0.03125,-7.07812,6.79688,0.0898438,0.0078125,0.00390625,4,0,41.42457330586198,-91.60019538407776,11120.198574317878,78.0834265800633,0.6693631229060282,3.413665165140201,186.997,9260.064158607724,11112.292394974402,150,True,13.809223590932868,False,158.15043366452264,165.4374324611754,False,36.39438593531367,False,False
2,1970-07-23 09:45:02.723883021,2025-09-09,2025-09-26 15:04:32.388,HH,C,2929223632,JASSM,3,117,76,2,2,1,225,9,2,0,1,26,0,0,0,0,-110747.74871217164,-4797556.333082494,4191937.304167271,2.29982,3.00162,-0.131826,-83.375,11.75,11.125,0.0,0.0,0.0,0.0,0.0,0.0,2,0,41.328937911503104,-91.32239236030014,10000.00051462137,-79.91798076113196,-0.0009764876286245,-0.0016109619639089,,9260.064158607724,11112.292394974402,150,2,2025-09-09,2025-09-26 15:04:32.502,HH,C,3611533704,HAWK11,1,1,73,2,1,1,225,2,1,0,0,12,1,225,2,1,-133700.73669608062,-4790183.483369674,4200155.161589146,-2.15007,0.0853277,-0.15311,119.25,13.625,17.375,0.171875,-7.04688,6.67188,0.130859,0.0117188,0.0332031,4,0,41.42479801157258,-91.59879044188006,11116.962866773503,79.14818768242111,0.9841907907290104,8.63978131420194,187.436,9260.064158607724,11112.292394974402,150,True,13.717392379558774,False,158.58599856210463,165.2337858681429,False,36.16091182484927,False,False
2,1970-07-23 09:45:02.731264230,2025-09-09,2025-09-26 15:04:33.126,HH,C,2930355720,JASSM,3,117,76,2,2,1,225,9,2,0,1,26,0,0,0,0,-110827.00261842164,-4797545.164137182,4191947.9203782086,2.29982,3.00162,-0.131731,-83.375,11.75,11.125,0.0,0.0,0.0,0.0,0.0,0.0,2,0,41.32906514670741,-91.32334144122576,10000.000041327376,-79.92270436303045,-0.0039118805263488,-0.0016113250067973,,9260.064158607724,11112.292394974402,150,2,2025-09-09,2025-09-26 15:04:33.094,HH,C,3612408570,HAWK11,1,1,73,2,1,1,225,2,1,0,0,12,1,225,2,1,-133613.53357108062,-4790174.059541549,4200167.519011021,-1.98823,0.0621262,-0.135182,119.625,12.375,16.125,0.0625,-7.79688,7.39062,0.244141,0.0273438,0.046875,4,0,41.424951968357576,-91.59775135119176,11114.629965025671,80.79154553209275,1.2825165925789683,17.753777199070896,187.95,9260.064158607724,11112.292394974402,150,False,13.63677439794284,False,159.43827404658683,165.07021120728876,False,35.47359652339057,False,False
2,1970-07-23 09:45:02.741283201,2025-09-09,2025-09-26 15:04:34.128,HH,C,2931490974,JASSM,3,117,76,2,2,1,225,9,2,0,1,26,0,0,0,0,-110906.47918092164,-4797533.962965307,4191958.565886021,2.29982,3.00162,-0.131731,-83.375,11.75,11.125,0.0,0.0,0.0,0.0,0.0,0.0,2,0,41.32919273297596,-91.3242931924456,9999.999693273054,-79.92333288381825,-0.0031858847312522,-0.0016118916709096,,9260.064158607724,11112.292394974402,150,2,2025-09-09,2025-09-26 15:04:34.002,HH,C,3613402736,HAWK11,1,1,73,2,1,1,225,2,1,0,0,12,1,225,2,1,-133512.49060233062,-4790165.239229049,4200180.356901646,-1.77664,0.020517,-0.107954,120.125,9.125,13.375,-0.046875,-8.71875,8.375,0.222656,0.0253906,0.0429688,4,0,41.42510786186359,-91.59654664266974,11113.879525464969,83.53065120429875,2.019259593863157,29.66695256584995,188.426,9260.064158607724,11112.292394974402,150,False,13.549445263807504,False,161.44459675903423,164.8907413282142,False,33.654353692831094,False,False
2,1970-07-23 09:45:02.750422134,2025-09-09,2025-09-26 15:04:35.042,HH,C,2932684076,JASSM,3,117,76,2,2,1,225,9,2,0,1,26,0,0,0,0,-110990.00457154664,-4797522.190504369,4191969.753386021,2.29982,3.00152,-0.131731,-83.375,11.75,11.125,0.0,0.0,0.0,0.0,0.0,0.0,2,0,41.329326812172006,-91.32529343355392,10000.000615756036,-79.920366880244,-0.0064829695286612,-0.002334075230882,,9260.064158607724,11112.292394974402,150,2,2025-09-09,2025-09-26 15:04:35.204,HH,C,3614913868,HAWK11,1,1,73,2,1,1,225,2,1,0,0,12,1,225,2,1,-133359.76794608062,-4790157.460908736,4200193.563932896,-1.5404,-0.0236808,-0.0336517,120.875,3.875,6.375,-0.109375,-8.64062,8.29688,0.144531,0.0644531,0.0683594,4,0,41.42526859695881,-91.59472391201962,11112.959336993395,88.39671905899775,1.097250108808677,43.15525240443703,187.632,9260.064158607724,11112.292394974402,150,False,13.435068282294175,False,165.58007105938006,164.65483499510185,False,29.74492859320471,True,False
2,1970-07-23 09:45:02.760482638,2025-09-09,2025-09-26 15:04:36.048,HH,C,2933816056,JASSM,3,117,76,2,2,1,225,9,2,0,1,26,0,0,0,0,-111069.25261842164,-4797511.020582494,4191980.366667271,2.29982,3.00152,-0.131731,-83.375,11.75,11.125,0.0,0.0,0.0,0.0,0.0,0.0,2,0,41.32945401025549,-91.3262424560958,10000.001286348031,-79.92099360229022,-0.0057590618817162,-0.0023345891775285,,9260.064158607724,11112.292394974402,150,2,2025-09-09,2025-09-26 15:04:36.094,HH,C,3616067100,HAWK11,1,1,73,2,1,1,225,2,1,0,0,12,1,225,2,1,-133244.13122733062,-4790156.392549361,4200196.626432896,-1.50675,-0.0756444,0.0286663,120.875,-1.25,-0.375,0.078125,-9.125,8.95312,-0.0429688,0.046875,0.0585938,4,0,41.42531477395663,-91.59334218966475,11109.066786700903,93.04521452395228,0.9669236386773374,45.15973871128899,187.986,9260.064158607724,11112.292394974402,150,False,13.338140751378017,False,169.5655685068383,164.48091716993795,False,25.914507001507587,True,False
2,1970-07-23 09:45:02.770243648,2025-09-09,2025-09-26 15:04:37.024,HH,C,2934950574,JASSM,3,117,76,2,2,1,225,9,2,0,1,26,0,0,0,0,-111148.67644654664,-4797499.824293432,4191991.0024094586,2.29982,3.00152,-0.131731,-83.375,11.75,11.125,0.0,0.0,0.0,0.0,0.0,0.0,2,0,41.32958148477621,-91.32719358782208,9999.99905625817,-79.9216217188078,-0.0050335478391874,-0.0023351062940047,,9260.064158607724,11112.292394974402,150,2,2025-09-09,2025-09-26 15:04:37.002,HH,C,3616941966,HAWK11,1,1,73,2,1,1,225,2,1,0,0,12,1,225,2,1,-133154.08044608062,-4790158.711885299,4200194.558073521,-1.5336,-0.101339,0.0732476,120.75,-5.0,-6.0,-0.078125,-8.96875,8.625,-0.0390625,0.0507812,0.0566406,4,0,41.4253019164432,-91.59226514039736,11104.122734468474,95.93292077225648,0.3741478392893928,43.73050658403965,187.595,9260.064158607724,11112.292394974402,150,False,13.252079029462811,False,172.67905659012118,164.34374911281517,False,22.87926779632891,True,False
2,1970-07-23 09:45:02.779281007,2025-09-09,2025-09-26 15:04:37.928,HH,C,2936083968,JASSM,3,117,76,2,2,1,225,9,2,0,1,26,0,0,0,0,-111228.02214967164,-4797488.638746557,4192001.6274094586,2.29982,3.00152,-0.131731,-83.375,11.75,11.125,0.0,0.0,0.0,0.0,0.0,0.0,2,0,41.32970882577163,-91.32814378774798,9999.998909825412,-79.9222492215683,-0.004308747456666,-0.0023356225816667,,9260.064158607724,11112.292394974402,150,2,2025-09-09,2025-09-26 15:04:37.892,HH,C,3618174730,HAWK11,1,1,73,2,1,1,225,2,1,0,0,12,1,225,2,1,-133029.43982108062,-4790167.056611861,4200184.913542271,-1.57406,-0.146016,0.122623,120.0,-10.5,-13.375,0.109375,-9.23438,8.96875,-0.0585938,0.0546875,0.0488281,4,0,41.42520778203574,-91.590772676111,11095.191378204012,99.74075495655778,0.3934876459629466,41.68837780817849,188.035,9260.064158607724,11112.292394974402,150,False,13.147164885010373,False,176.77314139804477,164.1887010889302,False,18.690763931709757,True,False
2,1970-07-23 09:45:02.789445507,2025-09-09,2025-09-26 15:04:38.944,HH,C,2937276046,JASSM,3,117,76,2,2,1,225,9,2,0,1,26,0,0,0,0,-111311.47527467164,-4797476.873121557,4192012.802214146,2.29982,3.00152,-0.131731,-83.375,11.75,11.125,0.0,0.0,0.0,0.0,0.0,0.0,2,0,41.329842755041234,-91.3291431801514,9999.999344295962,-79.9229092122788,-0.0035464259117503,-0.0023361702386602,,9260.064158607724,11112.292394974402,150,2,2025-09-09,2025-09-26 15:04:39.204,HH,C,3619685862,HAWK11,1,1,73,2,1,1,225,2,1,0,0,12,1,225,2,1,-132878.27575858062,-4790184.952119674,4200163.405729771,-1.75018,-0.201335,0.185899,118.375,-17.125,-20.5,0.0625,-8.9375,8.73438,-0.171875,0.0371094,0.0546875,4,0,41.42498111123338,-91.58896004280278,11082.19290020536,104.53137251841385,0.2862295179290612,32.11328582482922,188.83,9260.064158607724,11112.292394974402,150,False,13.023732022346644,False,177.79132303752493,164.03225104266056,False,14.18664566887005,True,False
2,1970-07-23 09:45:02.801083860,2025-09-09,2025-09-26 15:04:40.108,HH,C,2938470062,JASSM,3,117,76,2,2,1,225,9,2,0,1,26,0,0,0,0,-111395.06511842164,-4797465.087965307,4192023.994596959,2.29982,3.00152,-0.131731,-83.375,11.75,11.125,0.0,0.0,0.0,0.0,0.0,0.0,2,0,41.32997689161398,-91.33014421400344,10000.001289253834,-79.92357028875472,-0.0027828560400015,-0.0023367153954704,,9260.064158607724,11112.292394974402,150,2,2025-09-09,2025-09-26 15:04:40.223,HH,C,3620878862,HAWK11,1,1,73,2,1,1,225,2,1,0,0,12,1,225,2,1,-132760.09997733062,-4790204.760713424,4200141.060026646,-1.93032,-0.236329,0.202581,117.25,-21.875,-24.0,0.015625,-8.82812,8.5,-0.162109,0.0292969,0.0117188,4,0,41.42473193017807,-91.58754105734246,11074.340223829971,106.56752371972858,1.0887602242234729,22.20316196906618,189.38,9260.064158607724,11112.292394974402,150,False,12.915655226784814,False,175.4032135791376,163.91241216908648,False,11.530175037370281,True,False
2,1970-07-23 09:45:02.809282673,2025-09-09,2025-09-26 15:04:40.928,HH,C,2939663074,JASSM,3,117,76,2,2,1,225,9,2,0,1,26,0,0,0,0,-111478.58464967164,-4797453.311598119,4192035.176237584,2.29982,3.00152,-0.131731,-83.375,11.75,11.125,0.0,0.0,0.0,0.0,0.0,0.0,2,0,41.33011090436555,-91.33114441023764,10000.001305943086,-79.92423081383795,-0.0020199286419467,-0.0023372577621503,,9260.064158607724,11112.292394974402,150,2,2025-09-09,2025-09-26 15:04:40.892,HH,C,3621753728,HAWK11,1,1,73,2,1,1,225,2,1,0,0,12,1,225,2,1,-132674.09997733062,-4790221.769502486,4200122.895964146,-2.06809,-0.24304,0.206416,116.625,-24.25,-25.625,-0.140625,-7.79688,7.5,-0.244141,-0.00390625,-0.00976562,4,0,41.42452230914288,-91.58650756742404,11070.878465553054,106.9854289337605,1.2161957474620917,14.395987419531355,189.38,9260.064158607724,11112.292394974402,150,False,12.824303443329123,False,174.10554835675094,163.8150971611898,False,10.2921243329034,True,False
2,1970-07-23 09:45:02.819300480,2025-09-09,2025-09-26 15:04:41.930,HH,C,2940796598,JASSM,3,117,76,2,2,1,225,9,2,0,1,26,0,0,0,0,-111557.93816529664,-4797442.121168432,4192045.800261021,2.29982,3.00152,-0.131731,-83.375,11.75,11.125,0.0,0.0,0.0,0.0,0.0,0.0,2,0,41.330238234067046,-91.33209472015544,10000.001413506568,-79.92485839585669,-0.0012950546472817,-0.0023377825008413,,9260.064158607724,11112.292394974402,150,2,2025-09-09,2025-09-26 15:04:41.798,HH,C,3622747892,HAWK11,1,1,73,2,1,1,225,2,1,0,0,12,1,225,2,1,-132576.85778983062,-4790242.266572799,4200100.392057896,-2.27585,-0.218113,0.202198,116.5,-25.125,-26.625,-0.015625,-6.375,6.04688,-0.230469,-0.0214844,-0.00976562,4,0,41.42426448422278,-91.58533856569888,11065.813287259616,105.85952139660108,0.3539085531025063,2.1870837611756087,188.952,9260.064158607724,11112.292394974402,150,True,12.728428328907148,False,173.49286839485123,163.7188386052401,False,9.774980122751813,True,False
2,1970-07-23 09:45:02.829443267,2025-09-09,2025-09-26 15:04:42.944,HH,C,2942049852,JASSM,3,117,76,2,2,1,225,9,2,0,1,26,0,0,0,0,-111645.67449342164,-4797429.748121557,4192057.5453782086,2.29982,3.00152,-0.131731,-83.375,11.75,11.125,0.0,0.0,0.0,0.0,0.0,0.0,2,0,41.330379000189495,-91.33314542413927,10000.001638689251,-79.9255522796903,-0.0004936066791886,-0.0023383573000236,,9260.064158607724,11112.292394974402,150,2,2025-09-09,2025-09-26 15:04:42.747,HH,C,3623105792,HAWK11,1,1,73,2,1,1,225,2,1,0,0,12,1,225,2,1,-132542.67419608062,-4790249.508760299,4200092.358854771,-2.31737,-0.218688,0.207759,116.5,-24.875,-27.0,-0.015625,-6.4375,6.09375,-0.0957031,-0.00390625,0.0273438,4,0,41.42417280286768,-91.58492761582968,11063.858909175884,106.1162021690596,0.1623826952881679,-0.1836006217413946,190.088,9260.064158607724,11112.292394974402,150,True,12.663202933921138,False,173.42526381260836,163.6432341376827,False,9.79253664009185,True,False
2,1970-07-23 09:45:02.840661144,2025-09-09,2025-09-26 15:04:44.066,HH,C,2943240556,JASSM,3,117,76,2,2,1,225,9,2,0,1,26,0,0,0,0,-111729.03386842164,-4797417.991285619,4192068.702604771,2.29982,3.00152,-0.131635,-83.375,11.75,11.125,0.0,0.0,0.0,0.0,0.0,0.0,2,0,41.330512727970365,-91.3341437155258,9999.998829275784,-79.93030835172416,-0.0033915484638871,-0.0023387848112917,,9260.064158607724,11112.292394974402,150,2,2025-09-09,2025-09-26 15:04:43.892,HH,C,3625292956,HAWK11,1,1,73,2,1,1,225,2,1,0,0,12,1,225,2,1,-132327.87732108062,-4790295.265596236,4200041.290495396,-2.30692,-0.219263,0.209484,117.0,-24.75,-27.625,-0.03125,-6.57812,6.32812,-0.0292969,-0.015625,-0.03125,4,0,41.42359120558402,-91.58234530335103,11050.92508534019,106.21252328401071,0.1212197200570821,0.4221882320918113,190.284,9260.064158607724,11112.292394974402,150,True,12.49963524609298,False,173.2979255066303,163.4918212974918,False,9.840311693107653,True,False
2,1970-07-23 09:45:02.849242649,2025-09-09,2025-09-26 15:04:44.924,HH,C,2944433602,JASSM,3,117,76,2,2,1,225,9,2,0,1,26,0,0,0,0,-111812.55535279664,-4797406.211012182,4192079.882292271,2.29982,3.00143,-0.131635,-83.375,11.75,11.125,0.0,0.0,0.0,0.0,0.0,0.0,2,0,41.33064671569496,-91.33514395254868,9999.99996850516,-79.92734226520857,-0.0066886728989285,-0.0030604654910678,,9260.064158607724,11112.292394974402,150,2,2025-09-09,2025-09-26 15:04:44.892,HH,C,3626485956,HAWK11,1,1,73,2,1,1,225,2,1,0,0,12,1,225,2,1,-132210.52575858062,-4790319.574189986,4200012.550261021,-2.35102,-0.214661,0.223769,117.375,-24.125,-28.5,0.0,-6.625,6.3125,-0.0292969,-0.00390625,0.0234375,4,0,41.42327187344744,-91.58093473526002,11040.350199982931,106.64203148558622,-0.6210130541903648,-2.163218274512993,190.479,9260.064158607724,11112.292394974402,150,True,12.390312093063141,False,173.16508114749175,163.38044752829268,False,9.910510330232443,True,False
2,1970-07-23 09:45:02.859281521,2025-09-09,2025-09-26 15:04:45.928,HH,C,2945626648,JASSM,3,117,76,2,2,1,225,9,2,0,1,26,0,0,0,0,-111896.07683717164,-4797394.429762182,4192091.0610032086,2.29992,3.00143,-0.131635,-83.375,11.75,11.125,0.0,0.0,0.0,0.0,0.0,0.0,2,0,41.3307806939272,-91.3361441939418,10000.000303805742,-79.92800282885685,-0.0059257257905034,0.0024441129543564,,9260.064158607724,11112.292394974402,150,2,2025-09-09,2025-09-26 15:04:45.891,HH,C,3627758488,HAWK11,1,1,73,2,1,1,225,2,1,0,0,12,1,225,2,1,-132084.71716483062,-4790344.981416549,4199982.140104771,-2.36051,-0.219263,0.226837,118.125,-23.875,-28.375,0.0,-7.04688,7.03125,0.0,0.0,-0.0292969,4,0,41.42293610413704,-91.57942274251064,11028.28658200434,106.9463624622944,-0.5494602796451589,-2.6512250634598784,192.092,9260.064158607724,11112.292394974402,150,True,12.276513395600746,False,173.37062804002133,163.26167336664824,False,10.250984173752235,True,False
2,1970-07-23 09:45:02.868441558,2025-09-09,2025-09-26 15:04:46.844,HH,C,2946761112,JASSM,3,117,76,2,2,1,225,9,2,0,1,26,0,0,0,0,-111975.49675904664,-4797383.226637182,4192101.6899094586,2.29992,3.00143,-0.131635,-83.375,11.75,11.125,0.0,0.0,0.0,0.0,0.0,0.0,2,0,41.33090808155594,-91.3370953195272,10000.001194205764,-79.92863095785405,-0.0052002458721429,0.002443589285832,,9260.064158607724,11112.292394974402,150,2,2025-09-09,2025-09-26 15:04:46.596,HH,C,3628514054,HAWK11,1,1,73,2,1,1,225,2,1,0,0,12,1,225,2,1,-132009.72107108062,-4790360.090791549,4199963.911589146,-2.36041,-0.20517,0.214374,118.625,-23.75,-28.375,0.109375,-6.53125,6.71875,-0.0292969,-0.00195312,-0.0214844,4,0,41.42273547447172,-91.57852144301546,11020.792099385304,105.88807143316753,-0.6470005864646463,-2.81138188649332,192.557,9260.064158607724,11112.292394974402,150,True,12.193130964832749,False,173.46472854181758,163.16787535792741,False,10.452298094080902,True,False
2,1970-07-23 09:45:02.879479487,2025-09-09,2025-09-26 15:04:47.947,HH,C,2947953852,JASSM,3,117,76,2,2,1,225,9,2,0,1,26,0,0,0,0,-112058.99675904664,-4797371.447340307,4192112.863737584,2.29992,3.00143,-0.131635,-83.375,11.75,11.125,0.0,0.0,0.0,0.0,0.0,0.0,2,0,41.331042001202704,-91.33809531191888,10000.001776178502,-79.92929136050074,-0.0044374960836539,0.002443042560556,,9260.064158607724,11112.292394974402,150,2,2025-09-09,2025-09-26 15:04:48.004,HH,C,3630184252,HAWK11,1,1,73,2,1,1,225,2,1,0,0,12,1,225,2,1,-131842.78357108062,-4790392.960908736,4199924.265104771,-2.39339,-0.212456,0.218401,119.75,-23.5,-27.875,-0.046875,-6.9375,7.03125,0.0117188,-0.00585938,0.0,4,0,41.4222996665676,-91.57651546451191,11004.262872671456,106.33491945916516,-0.5004684098773373,-4.615849775700738,194.023,9260.064158607724,11112.292394974402,150,True,12.056886530368173,False,173.8597480434714,163.0228971579922,False,10.982639688338999,True,False
2,1970-07-23 09:45:02.889259433,2025-09-09,2025-09-26 15:04:48.925,HH,C,2949148120,JASSM,3,117,76,2,2,1,225,9,2,0,1,26,0,0,0,0,-112142.60222779664,-4797359.651441869,4192124.051237584,2.29992,3.00143,-0.131635,-83.375,11.75,11.125,0.0,0.0,0.0,0.0,0.0,0.0,2,0,41.33117608854897,-91.3390965719837,10000.000880012714,-79.9299526020937,-0.0036737812610847,0.0024424880997119,,9260.064158607724,11112.292394974402,150,2,2025-09-09,2025-09-26 15:04:48.904,HH,C,3630661452,HAWK11,1,1,73,2,1,1,225,2,1,0,0,12,1,225,2,1,-131794.53747733062,-4790402.235322799,4199913.157682896,-2.38659,-0.206608,0.21447,120.125,-23.375,-27.625,-0.09375,-6.95312,6.90625,0.0136719,0.0,-0.0214844,4,0,41.42217741566638,-91.57593580131176,10999.695925113358,105.94816833226706,-0.5892729884250286,-4.294120226320169,194.989,9260.064158607724,11112.292394974402,150,True,11.986437811493646,False,174.03092109904935,162.93384102815,False,11.237685870171063,True,False
2,1970-07-23 09:45:02.901862841,2025-09-09,2025-09-26 15:04:50.186,HH,C,2950518222,JASSM,3,117,76,2,2,1,225,9,2,0,1,26,0,0,0,0,-112238.52019654664,-4797346.117262182,4192136.885221959,2.29992,3.00143,-0.131635,-83.375,11.75,11.125,0.0,0.0,0.0,0.0,0.0,0.0,2,0,41.33132991132363,-91.3402452920589,9999.999347140652,-79.93071122984509,-0.0027975947889438,0.0024418528127854,,9260.064158607724,11112.292394974402,150,2,2025-09-09,2025-09-26 15:04:49.499,HH,C,3632013516,HAWK11,1,1,73,2,1,1,225,2,1,0,0,12,1,225,2,1,-131658.37732108062,-4790428.285127486,4199881.776823521,-2.37575,-0.197692,0.207854,121.125,-23.25,-27.25,-0.03125,-6.95312,6.96875,0.0136719,0.0,0.0078125,4,0,41.42183289776622,-91.5742999267067,10986.435360332856,105.33249762377068,-0.701323796471246,-3.773523992326191,195.905,9260.064158607724,11112.292394974402,150,True,11.861148899517728,False,174.32863240772417,162.78702764435573,False,11.670278881732987,True,False
2,1970-07-23 09:45:02.911422105,2025-09-09,2025-09-26 15:04:51.142,HH,C,2951832148,JASSM,3,117,76,2,2,1,225,9,2,0,1,26,0,0,0,0,-112330.50261842164,-4797333.137769994,4192149.191862584,2.29992,3.00143,-0.131635,-83.375,11.75,11.125,0.0,0.0,0.0,0.0,0.0,0.0,2,0,41.33147741049301,-91.34134688500914,9999.999295117364,-79.93143873649358,-0.0019573586891529,0.0024412450662728,,9260.064158607724,11112.292394974402,150,2,2025-09-09,2025-09-26 15:04:52.203,HH,C,3635274380,HAWK11,1,1,73,2,1,1,225,2,1,0,0,12,1,225,2,1,-131323.46325858062,-4790491.961885299,4199807.938932896,-2.09647,-0.227317,0.199226,122.875,-24.875,-26.125,0.046875,-8.73438,8.64062,0.470703,0.0390625,0.03125,4,0,41.421010358751495,-91.57027635003128,10960.154260632247,106.09425578339544,0.8611626776468616,12.572282936471822,199.779,9260.064158607724,11112.292394974402,150,False,11.629317099021609,False,174.57831953826206,162.5230849505244,False,12.05717832153071,True,False
2,1970-07-23 09:45:02.932022494,2025-09-09,2025-09-26 15:04:53.202,HH,C,2953085018,JASSM,3,117,76,2,2,1,225,9,2,0,1,26,0,0,0,0,-112418.21355592164,-4797320.760816869,4192160.926237584,2.29992,3.00143,-0.131635,-83.375,11.75,11.125,0.0,0.0,0.0,0.0,0.0,0.0,2,0,41.33161804627422,-91.34239732681516,10000.001277487025,-79.93213246423724,-0.0011561421918655,0.0024406695167367,,9260.064158607724,11112.292394974402,150,2,2025-09-09,2025-09-26 15:04:53.093,HH,C,3636189012,HAWK11,1,1,73,2,1,1,225,2,1,0,0,12,1,225,2,1,-131230.56872733062,-4790511.965791549,4199787.784636021,-1.77923,-0.272282,0.21121,121.875,-28.375,-27.5,-0.046875,-9.51562,9.48438,0.367188,0.0527344,0.0410156,4,0,41.4207704486512,-91.5691595870164,10959.342991103142,108.31762759987475,2.2392687390777084,31.334416822564776,200.268,9260.064158607724,11112.292394974402,150,False,11.532177533658537,False,173.0175444027894,162.39974034968733,False,10.6784339967542,True,False
2,1970-07-23 09:45:02.933283150,2025-09-09,2025-09-26 15:04:53.328,HH,C,2954396056,JASSM,3,117,76,2,2,1,225,9,2,0,1,26,0,0,0,0,-112509.99480592164,-4797307.807691869,4192173.204557896,2.29992,3.00143,-0.131635,-83.375,11.75,11.125,0.0,0.0,0.0,0.0,0.0,0.0,2,0,41.33176520481333,-91.3434965207514,10000.001990336868,-79.93285839071058,-0.000317742932305,0.0024400607830908,,9260.064158607724,11112.292394974402,150,2,2025-09-09,2025-09-26 15:04:53.093,HH,C,3636189012,HAWK11,1,1,73,2,1,1,225,2,1,0,0,12,1,225,2,1,-131230.56872733062,-4790511.965791549,4199787.784636021,-1.77923,-0.272282,0.21121,121.875,-28.375,-27.5,-0.046875,-9.51562,9.48438,0.367188,0.0527344,0.0410156,4,0,41.4207704486512,-91.5691595870164,10959.342991103142,108.31762759987475,2.2392687390777084,31.334416822564776,200.268,9260.064158607724,11112.292394974402,150,False,11.4841983704694,False,173.0175444027894,162.3238592676733,False,10.754141802470773,True,False
2,1970-07-23 09:45:02.944279582,2025-09-09,2025-09-26 15:04:54.427,HH,C,2955709180,JASSM,3,117,76,2,2,1,225,9,2,0,1,26,0,0,0,0,-112601.92254029664,-4797294.832105932,4192185.5004563336,2.29992,3.00133,-0.131539,-83.375,11.75,11.125,0.0,0.0,0.0,0.0,0.0,0.0,2,0,41.3319125846759,-91.34459747447848,9999.99842826318,-79.93405549170141,-0.0071975411816213,0.0017189598725493,,9260.064158607724,11112.292394974402,150,2,2025-09-09,2025-09-26 15:04:54.594,HH,C,3638018276,HAWK11,1,1,73,2,1,1,225,2,1,0,0,12,1,225,2,1,-131047.11560233062,-4790562.436494674,4199738.392057896,-1.52439,-0.371415,0.308905,116.75,-37.5,-37.0,-0.140625,-10.9062,10.7188,0.121094,0.09375,0.0546875,4,0,41.42016664419755,-91.5669505820705,10963.90657569748,116.16283795927215,2.283562320060236,47.70868832855688,200.757,9260.064158607724,11112.292394974402,150,False,11.331235732199785,False,166.69293226351388,162.17524042341086,False,4.750022469068613,True,False
2,1970-07-23 09:45:02.966299612,2025-09-09,2025-09-26 15:04:56.629,HH,C,2958334778,JASSM,3,117,76,2,2,1,225,9,2,0,1,26,0,0,0,0,-112785.73113404664,-4797268.885816869,4192210.085417271,2.29992,3.00133,-0.131539,-83.375,11.75,11.125,0.0,0.0,0.0,0.0,0.0,0.0,2,0,41.33220724413502,-91.3467988359109,9999.999313264098,-79.93550931894211,-0.0055184935975939,0.0017177269625027,,9260.064158607724,11112.292394974402,150,2,2025-09-09,2025-09-26 15:04:55.500,HH,C,3638932910,HAWK11,1,1,73,2,1,1,225,2,1,0,0,12,1,225,2,1,-130959.34216483062,-4790593.824189986,4199707.567839146,-1.46275,-0.445813,0.365471,112.25,-43.75,-42.875,-0.28125,-11.875,11.8438,0.0683594,0.0761719,0.0683594,4,0,41.419786114227286,-91.56589132965932,10968.29145443164,121.311681885045,2.7609692965395136,52.87894332285519,200.83,9260.064158607724,11112.292394974402,150,False,11.182437316442268,False,162.35879528009696,162.00654528196785,False,1.899232370808311,True,False
2,1970-07-23 09:45:02.975521457,2025-09-09,2025-09-26 15:04:57.552,HH,C,2957020244,JASSM,3,117,76,2,2,1,225,9,2,0,1,26,0,0,0,0,-112693.70574342164,-4797281.877027807,4192197.777800084,2.29992,3.00133,-0.131539,-83.375,11.75,11.125,0.0,0.0,0.0,0.0,0.0,0.0,2,0,41.33205972692944,-91.34569670217738,10000.001312527733,-79.93478144465006,-0.0063591235014604,0.0017183428130245,,9260.064158607724,11112.292394974402,150,2,2025-09-09,2025-09-26 15:04:59.094,HH,C,3643227704,HAWK11,1,1,73,2,1,1,225,2,1,0,0,12,1,225,2,1,-130600.57653983062,-4790794.419893111,4199507.161589146,-1.79821,-0.743022,0.533346,86.0,-66.5,-64.25,-0.296875,-11.0625,10.9531,-0.0175781,0.0722656,0.0507812,4,0,41.41729815733858,-91.56153831375954,11002.572232511662,139.2861541653172,5.014401587132702,42.35589843890656,200.305,9260.064158607724,11112.292394974402,150,False,10.987321635600413,False,143.90695416822098,162.29369049755556,False,18.636774736447464,True,False
2,1970-07-23 09:45:02.979981548,2025-09-09,2025-09-26 15:04:57.998,HH,C,2959706342,JASSM,3,117,76,2,2,1,225,9,2,0,1,26,0,0,0,0,-112881.75066529664,-4797255.331129369,4192222.926237584,2.29992,3.00133,-0.131539,-83.375,11.75,11.125,0.0,0.0,0.0,0.0,0.0,0.0,2,0,41.33236114386452,-91.34794881030214,10000.000841140383,-79.93626879057904,-0.0046413798233989,0.0017170931265765,,9260.064158607724,11112.292394974402,150,2,2025-09-09,2025-09-26 15:04:59.094,HH,C,3643227704,HAWK11,1,1,73,2,1,1,225,2,1,0,0,12,1,225,2,1,-130600.57653983062,-4790794.419893111,4199507.161589146,-1.79821,-0.743022,0.533346,86.0,-66.5,-64.25,-0.296875,-11.0625,10.9531,-0.0175781,0.0722656,0.0507812,4,0,41.41729815733858,-91.56153831375954,11002.572232511662,139.2861541653172,5.014401587132702,42.35589843890656,200.305,9260.064158607724,11112.292394974402,150,False,10.889105478578106,False,143.90695416822098,162.1287698577055,False,18.47626602907259,True,False
2,1970-07-23 09:45:02.988458573,2025-09-09,2025-09-26 15:04:58.845,HH,C,2961016948,JASSM,3,117,76,2,2,1,225,9,2,0,1,26,0,0,0,0,-112973.50066529664,-4797242.377027807,4192235.1957688336,2.29992,3.00133,-0.131539,-83.375,11.75,11.125,0.0,0.0,0.0,0.0,0.0,0.0,2,0,41.33250820014775,-91.34904765646355,10000.00096289676,-79.93699449803901,-0.0038032648704879,0.0017164772750087,,9260.064158607724,11112.292394974402,150,2,2025-09-09,2025-09-26 15:04:59.094,HH,C,3643227704,HAWK11,1,1,73,2,1,1,225,2,1,0,0,12,1,225,2,1,-130600.57653983062,-4790794.419893111,4199507.161589146,-1.79821,-0.743022,0.533346,86.0,-66.5,-64.25,-0.296875,-11.0625,10.9531,-0.0175781,0.0722656,0.0507812,4,0,41.41729815733858,-91.56153831375954,11002.572232511662,139.2861541653172,5.014401587132702,42.35589843890656,200.305,9260.064158607724,11112.292394974402,150,False,10.841217542316604,False,143.90695416822098,162.0472192390104,False,18.396926185407267,True,False
2,1970-07-23 09:45:03.017082213,2025-09-09,2025-09-26 15:05:01.708,HH,C,2962269798,JASSM,3,117,76,2,2,1,225,9,2,0,1,26,0,0,0,0,-113061.20964967164,-4797229.992262182,4192246.9242844586,2.29992,3.00133,-0.131539,-83.375,11.75,11.125,0.0,0.0,0.0,0.0,0.0,0.0,2,0,41.33264877272104,-91.35009811026173,10000.000947512215,-79.93768824787323,-0.0030020628989504,0.0017158856626356,,9260.064158607724,11112.292394974402,150,2,2025-09-09,2025-09-26 15:05:01.797,HH,C,3646647634,HAWK11,1,1,73,2,1,1,225,2,1,0,0,12,1,225,2,1,-130390.79919608062,-4791005.485322799,4199306.899870396,-1.92649,-1.01089,0.622413,60.0,-80.125,-73.875,-0.109375,-10.7344,10.6562,0.0078125,0.0449219,0.0566406,4,0,41.4147245989116,-91.55896268122592,11072.991953503826,153.03517503430834,6.98561968114536,44.87768867953197,198.374,9260.064158607724,11112.292394974402,150,False,10.620730216614934,False,129.81661984043433,162.40570375806433,False,32.89428083089865,False,False
2,1970-07-23 09:45:03.017198117,2025-09-09,2025-09-26 15:05:01.719,HH,C,2963583972,JASSM,3,117,76,2,2,1,225,9,2,0,1,26,0,0,0,0,-113153.20964967164,-4797217.001051244,4192259.2250657086,2.29992,3.00133,-0.131539,-83.375,11.75,11.125,0.0,0.0,0.0,0.0,0.0,0.0,2,0,41.332796205127885,-91.35119996076337,10000.000682788042,-79.93841594365406,-0.0021616646144519,0.0017152721956018,,9260.064158607724,11112.292394974402,150,2,2025-09-09,2025-09-26 15:05:01.797,HH,C,3646647634,HAWK11,1,1,73,2,1,1,225,2,1,0,0,12,1,225,2,1,-130390.79919608062,-4791005.485322799,4199306.899870396,-1.92649,-1.01089,0.622413,60.0,-80.125,-73.875,-0.109375,-10.7344,10.6562,0.0078125,0.0449219,0.0566406,4,0,41.4147245989116,-91.55896268122592,11072.991953503826,153.03517503430834,6.98561968114536,44.87768867953197,198.374,9260.064158607724,11112.292394974402,150,False,10.572637632351805,False,129.81661984043433,162.3231161018566,False,32.813763581671,False,False
2,1970-07-23 09:45:03.021241380,2025-09-09,2025-09-26 15:05:02.124,HH,C,2964954468,JASSM,3,117,76,2,2,1,225,9,2,0,1,26,0,0,0,0,-113249.15496217164,-4797203.452223119,4192272.052214146,2.29992,3.00133,-0.131539,-83.375,11.75,11.125,0.0,0.0,0.0,0.0,0.0,0.0,2,0,41.332949944070776,-91.35234906827073,10000.001504609963,-79.93917485168468,-0.0012852275689518,0.0017146371005751,,9260.064158607724,11112.292394974402,150,2,2025-09-09,2025-09-26 15:05:02.095,HH,C,3646965768,HAWK11,1,1,73,2,1,1,225,2,1,0,0,12,1,225,2,1,-130374.85778983062,-4791027.417939986,4199286.394011021,-1.93425,-1.02853,0.634205,57.25,-80.75,-75.0,-0.125,-9.98438,9.89062,0.0234375,0.0273438,0.0625,4,0,41.41445827209445,-91.55876504624516,11081.3653306057,154.06637369798446,6.708142437791064,45.1497942932043,197.689,9260.064158607724,11112.292394974402,150,False,10.507183420176894,False,128.4334995078734,162.2901443795432,False,34.14600983260715,False,False
2,1970-07-23 09:45:03.046515418,2025-09-09,2025-09-26 15:05:04.651,HH,C,2966208902,JASSM,3,117,76,2,2,1,225,9,2,0,1,26,0,0,0,0,-113336.97332154664,-4797191.048902807,4192283.792448521,2.29992,3.00133,-0.131539,-83.375,11.75,11.125,0.0,0.0,0.0,0.0,0.0,0.0,2,0,41.33309066059507,-91.3534008470964,10000.000431498993,-79.93986948272118,-0.0004830260982442,0.0017140461246309,,9260.064158607724,11112.292394974402,150,2,2025-09-09,2025-09-26 15:05:04.204,HH,C,3649351764,HAWK11,1,1,73,2,1,1,225,2,1,0,0,12,1,225,2,1,-130279.36169608062,-4791191.125947799,4199128.970182896,-2.00156,-1.22105,0.693455,37.875,-84.0,-81.125,-0.109375,-10.3906,10.25,0.03125,0.0703125,0.0703125,4,0,41.412437105591366,-91.55757065972686,11135.981478546368,163.44708342958174,6.514446066280238,49.18821581973863,196.37,9260.064158607724,11112.292394974402,150,False,10.357446125357527,False,118.95213386789565,162.66065245160544,False,43.911592837028934,False,False
2,1970-07-23 09:45:03.048700645,2025-09-09,2025-09-26 15:05:04.870,HH,C,2967520816,JASSM,3,117,76,2,2,1,225,9,2,0,1,26,0,0,0,0,-113428.81511842164,-4797178.077223119,4192296.069792271,2.29992,3.00123,-0.131539,-83.375,11.75,11.125,0.0,0.0,0.0,0.0,0.0,0.0,2,0,41.33323780915772,-91.3545008185098,10000.001791141383,-79.9369691494421,-0.0037041032991696,0.0009930660494772,,9260.064158607724,11112.292394974402,150,2,2025-09-09,2025-09-26 15:05:05.391,HH,C,3650982196,HAWK11,1,1,73,2,1,1,225,2,1,0,0,12,1,225,2,1,-130237.39294608062,-4791307.551729049,4199015.153776646,-2.06407,-1.39487,0.726148,22.75,-85.5,-83.75,-0.09375,-11.0469,11.0,0.0214844,0.0878906,0.0585938,4,0,41.41098294339352,-91.55703132712868,11172.540832255065,171.271747259262,6.318866873752596,52.98298040538602,196.101,9260.064158607724,11112.292394974402,150,False,10.247803009033904,False,111.74413276593376,162.9445504944089,False,51.37880645592,False,False
2,1970-07-23 09:45:03.057700398,2025-09-09,2025-09-26 15:05:05.770,HH,C,2968832898,JASSM,3,117,76,2,2,1,225,9,2,0,1,26,0,0,0,0,-113520.67058717164,-4797165.101637182,4192308.347136021,2.29992,3.00123,-0.131443,-83.375,11.75,11.125,0.0,0.0,0.0,0.0,0.0,0.0,2,0,41.33338496849346,-91.35560095917774,9999.99882188448,-79.94179238528844,-0.006524586062381,0.0009928420551687,,9260.064158607724,11112.292394974402,150,2,2025-09-09,2025-09-26 15:05:05.705,HH,C,3651260562,HAWK11,1,1,73,2,1,1,225,2,1,0,0,12,1,225,2,1,-130232.65075858062,-4791326.900361861,4198996.013151646,-2.0841,-1.42833,0.728929,19.5,-85.25,-84.5,-0.0625,-11.1719,11.1562,0.00195312,0.0898438,0.0664062,4,0,41.410739394501725,-91.55696837623094,11178.277574925078,172.72056024577097,6.361573123835894,53.26993429691025,195.905,9260.064158607724,11112.292394974402,150,False,10.19045720703727,False,110.20762659664287,162.92691844056705,False,52.88172553186856,False,False
2,1970-07-23 09:45:03.065799504,2025-09-09,2025-09-26 15:05:06.579,HH,C,2970143768,JASSM,3,117,76,2,2,1,225,9,2,0,1,26,0,0,0,0,-113612.44011842164,-4797152.137769994,4192320.612761021,2.29992,3.00123,-0.131443,-83.375,11.75,11.125,0.0,0.0,0.0,0.0,0.0,0.0,2,0,41.33353198057684,-91.35670007564744,9999.99880508523,-79.9425182859938,-0.0056862918107565,0.0009922221066101,,9260.064158607724,11112.292394974402,150,2,2025-09-09,2025-09-26 15:05:06.593,HH,C,3652413794,HAWK11,1,1,73,2,1,1,225,2,1,0,0,12,1,225,2,1,-130219.46325858062,-4791410.384736861,4198913.706511021,-2.19024,-1.57837,0.741392,7.375,-85.75,-84.75,-0.09375,-11.4688,11.4375,0.0,0.0859375,0.0683594,4,0,41.409689259851056,-91.55678368136394,11204.129001605836,179.16718864109734,6.105550208111884,53.66176769047077,195.991,9260.064158607724,11112.292394974402,150,False,10.10630244781746,False,104.48109593500824,163.13726351445843,False,58.82191695525882,False,False
2,1970-07-23 09:45:03.076819041,2025-09-09,2025-09-26 15:05:07.681,HH,C,2971457370,JASSM,3,117,76,2,2,1,225,9,2,0,1,26,0,0,0,0,-113704.39910279664,-4797139.146559057,4192332.903776646,2.29992,3.00123,-0.131443,-83.375,11.75,11.125,0.0,0.0,0.0,0.0,0.0,0.0,2,0,41.333679289541934,-91.35780146630374,10000.002009323873,-79.94324569079633,-0.0048462661635053,0.0009915970848204,,9260.064158607724,11112.292394974402,150,2,2025-09-09,2025-09-26 15:05:07.798,HH,C,3653845394,HAWK11,1,1,73,2,1,1,225,2,1,0,0,12,1,225,2,1,-130220.53357108062,-4791513.374971236,4198811.958464146,-2.31027,-1.75276,0.732092,-8.5,-84.75,-84.375,-0.1875,-11.5625,11.625,-0.00976562,0.0859375,0.0664062,4,0,41.408389541580256,-91.55676302494868,11236.73213653634,-173.3753783378311,6.2611892683356,54.3116439292808,195.184,9260.064158607724,11112.292394974402,150,False,10.022088592189116,False,96.91421805275809,163.44550991513464,False,66.68784302578888,False,False
2,1970-07-23 09:45:03.120541785,2025-09-09,2025-09-26 15:05:12.054,HH,C,2976765162,JASSM,3,117,76,2,2,1,225,9,2,0,1,26,0,0,0,0,-114075.97918092164,-4797086.639723119,4192382.5551438336,2.29992,3.00123,-0.131443,-83.375,11.75,11.125,0.0,0.0,0.0,0.0,0.0,0.0,2,0,41.33427440459717,-91.36225192664293,10000.000260600684,-79.94618498409422,-0.0014519610887511,0.000989083441333,,9260.064158607724,11112.292394974402,150,2,2025-09-09,2025-09-26 15:05:12.003,HH,C,3658895754,HAWK11,1,1,73,2,1,1,225,2,1,0,0,12,1,225,2,1,-130356.03357108062,-4791841.569307174,4198458.927214146,-2.9207,-2.1307,0.738132,-46.5,-71.0,-82.375,-0.03125,-5.07812,5.1875,-0.0800781,-0.0117188,0.0527344,4,0,41.40403207932722,-91.5582754233508,11287.052462247744,-157.9209192112213,1.8867531027597528,35.06049942458494,191.665,9260.064158607724,11112.292394974402,150,False,9.772900765426375,False,77.7797058117645,164.6447500498602,False,86.9048237805777,False,False
2,1970-07-23 09:45:03.131498343,2025-09-09,2025-09-26 15:05:13.149,HH,C,2978019866,JASSM,3,117,76,2,2,1,225,9,2,0,1,26,0,0,0,0,-114163.81707154664,-4797074.225660619,4192394.2895188336,2.29992,3.00114,-0.131443,-83.375,11.75,11.125,0.0,0.0,0.0,0.0,0.0,0.0,2,0,41.3344150520684,-91.36330398426595,9999.999872195158,-79.9432529257262,-0.0047096181166511,0.0002685876787719,,9260.064158607724,11112.292394974402,150,2,2025-09-09,2025-09-26 15:05:13.203,HH,C,3660208054,HAWK11,1,1,73,2,1,1,225,2,1,0,0,12,1,225,2,1,-130409.82653983062,-4791916.333955611,4198365.327604771,-3.04629,-2.18707,0.746378,-51.0,-67.25,-83.875,-0.015625,-5.8125,5.85938,-0.0878906,-0.0078125,0.0351562,4,0,41.40294676628898,-91.55889383638606,11271.47722206028,-155.92688792253216,0.5050212986799498,30.089733232968605,192.985,9260.064158607724,11112.292394974402,150,False,9.723900174403113,False,75.50868743979387,164.98570139015806,False,89.48963235904021,False,False
2,1970-07-23 09:45:03.139218088,2025-09-09,2025-09-26 15:05:13.921,HH,C,2972828356,JASSM,3,117,76,2,2,1,225,9,2,0,1,26,0,0,0,0,-113800.37761842164,-4797125.586012182,4192345.729948521,2.29992,3.00123,-0.131443,-83.375,11.75,11.125,0.0,0.0,0.0,0.0,0.0,0.0,2,0,41.33383302090797,-91.35895100450765,10000.001974237332,-79.944004896546,-0.0039695235841309,0.0009909499972698,,9260.064158607724,11112.292394974402,150,2,2025-09-09,2025-09-26 15:05:13.797,HH,C,3660963620,HAWK11,1,1,73,2,1,1,225,2,1,0,0,12,1,225,2,1,-130442.74450858062,-4791957.510713424,4198311.683073521,-3.12491,-2.21948,0.754527,-53.375,-65.625,-84.5,-0.0625,-5.70312,5.75,-0.0859375,-0.0078125,0.0390625,4,0,41.40233435569564,-91.55927374501104,11258.57900775686,-154.89834443449396,-0.4960677217215741,26.851699178479286,193.534,9260.064158607724,11112.292394974402,150,False,9.916851942204332,False,74.35210196793193,165.51757141093427,False,91.1710335080701,False,False
2,1970-07-23 09:45:03.174515767,2025-09-09,2025-09-26 15:05:17.451,HH,C,2983267264,JASSM,3,117,76,2,2,1,225,9,2,0,1,26,0,0,0,0,-114531.16863404664,-4797022.295973119,4192443.3578782086,2.29992,3.00114,-0.131347,-83.375,11.75,11.125,0.0,0.0,0.0,0.0,0.0,0.0,2,0,41.33500318488084,-91.36770390348728,9999.998525657891,-79.95025549594527,-0.0050135494928945,0.0002665447360996,,9260.064158607724,11112.292394974402,150,2,2025-09-09,2025-09-26 15:05:17.300,HH,C,3665178882,HAWK11,1,1,73,2,1,1,225,2,1,0,0,12,1,225,2,1,-130676.57263358062,-4792182.512666549,4198036.573698521,-2.96451,-2.52254,0.527594,-82.625,-57.875,-66.75,-0.171875,-12.375,12.3125,0.015625,0.0800781,0.0488281,4,0,41.39910082101196,-91.56199416756688,11230.866296964088,-136.29921853573265,3.290401331831984,47.00254526376489,198.667,9260.064158607724,11112.292394974402,150,False,9.560717638457213,False,57.854282942681586,166.27504889453672,False,108.47014982630166,False,False
2,1970-07-23 09:45:03.174785478,2025-09-09,2025-09-26 15:05:17.478,HH,C,2974140762,JASSM,3,117,76,2,2,1,225,9,2,0,1,26,0,0,0,0,-113892.25457154664,-4797112.603590307,4192358.007292271,2.29992,3.00123,-0.131443,-83.375,11.75,11.125,0.0,0.0,0.0,0.0,0.0,0.0,2,0,41.33398017528167,-91.36005142359956,10000.001612543165,-79.94473166404556,-0.0031302470233691,0.0009903273565198,,9260.064158607724,11112.292394974402,150,2,2025-09-09,2025-09-26 15:05:17.300,HH,C,3665178882,HAWK11,1,1,73,2,1,1,225,2,1,0,0,12,1,225,2,1,-130676.57263358062,-4792182.512666549,4198036.573698521,-2.96451,-2.52254,0.527594,-82.625,-57.875,-66.75,-0.171875,-12.375,12.3125,0.015625,0.0800781,0.0488281,4,0,41.39910082101196,-91.56199416756688,11230.866296964088,-136.29921853573265,3.290401331831984,47.00254526376489,198.667,9260.064158607724,11112.292394974402,150,False,9.901517452981594,False,57.854282942681586,166.7554397003362,False,108.94894003031149,False,False
2,1970-07-23 09:45:03.180876078,2025-09-09,2025-09-26 15:05:18.087,HH,C,2980642562,JASSM,3,117,76,2,2,1,225,9,2,0,1,26,0,0,0,0,-114347.42254029664,-4797048.272535619,4192418.816862584,2.29992,3.00114,-0.131443,-83.375,11.75,11.125,0.0,0.0,0.0,0.0,0.0,0.0,2,0,41.3347090336354,-91.3655030913148,10000.000130582182,-79.94470533629364,-0.0030324183699327,0.0002674460804051,,9260.064158607724,11112.292394974402,150,2,2025-09-09,2025-09-26 15:05:18.023,HH,C,3665536782,HAWK11,1,1,73,2,1,1,225,2,1,0,0,12,1,225,2,1,-130702.43982108062,-4792200.264619674,4198016.618620396,-2.97094,-2.5467,0.502762,-85.375,-56.875,-64.25,-0.125,-12.5781,12.5469,0.0136719,0.0976562,0.0546875,4,0,41.39885631301722,-91.5622974237836,11232.97882484592,-134.47600397158126,3.6939479981151218,47.42767711442439,198.887,9260.064158607724,11112.292394974402,150,False,9.66532945245252,False,56.09160067802255,166.52799621806076,False,110.49617947923043,False,False
2,1970-07-23 09:45:03.185937348,2025-09-09,2025-09-26 15:05:18.593,HH,C,2975455006,JASSM,3,117,76,2,2,1,225,9,2,0,1,26,0,0,0,0,-113984.26043092164,-4797099.601637182,4192370.300261021,2.29992,3.00123,-0.131443,-83.375,11.75,11.125,0.0,0.0,0.0,0.0,0.0,0.0,2,0,41.33412752257817,-91.36115339195048,9999.999047705767,-79.94545945688297,-0.0022897931993558,0.0009897068783844,,9260.064158607724,11112.292394974402,150,2,2025-09-09,2025-09-26 15:05:18.609,HH,C,3666729780,HAWK11,1,1,73,2,1,1,225,2,1,0,0,12,1,225,2,1,-130792.64294608062,-4792255.582002486,4197957.837370396,-2.99625,-2.63145,0.418297,-94.25,-51.75,-55.125,-0.046875,-12.5,12.5938,0.0136719,0.0820312,0.0644531,4,0,41.39811579248731,-91.5633570573277,11247.590192490055,-128.03499243764816,4.720099156614979,48.6116700916364,198.704,9260.064158607724,11112.292394974402,150,False,9.885716333729434,False,49.70514843595894,167.13982844362314,False,117.52794696855736,False,False
2,1970-07-23 09:45:03.186335725,2025-09-09,2025-09-26 15:05:18.633,HH,C,2984520362,JASSM,3,117,76,2,2,1,225,9,2,0,1,26,0,0,0,0,-114618.89324342164,-4797009.892652807,4192455.073698521,2.29992,3.00114,-0.131347,-83.375,11.75,11.125,0.0,0.0,0.0,0.0,0.0,0.0,2,0,41.33514360936523,-91.36875462922814,9999.999026665457,-79.95094945971994,-0.0042122022088861,0.0002659438616925,,9260.064158607724,11112.292394974402,150,2,2025-09-09,2025-09-26 15:05:18.623,HH,C,3666371880,HAWK11,1,1,73,2,1,1,225,2,1,0,0,12,1,225,2,1,-130764.00232108062,-4792239.316377486,4197975.028776646,-2.99011,-2.6048,0.441403,-91.75,-53.125,-58.0,0.0,-12.7031,12.8438,0.0273438,0.0878906,0.0644531,4,0,41.3983332550352,-91.56302018988475,11242.949727220834,-129.95519819492594,4.594265278028912,48.17081022897041,198.704,9260.064158607724,11112.292394974402,150,False,9.537894803564448,False,51.56514110030354,166.56855101709792,False,115.08456099554965,False,False
2,1970-07-23 09:45:03.191556442,2025-09-09,2025-09-26 15:05:19.155,HH,C,2979331274,JASSM,3,117,76,2,2,1,225,9,2,0,1,26,0,0,0,0,-114255.62371217164,-4797061.249098119,4192406.554167271,2.29992,3.00114,-0.131443,-83.375,11.75,11.125,0.0,0.0,0.0,0.0,0.0,0.0,2,0,41.33456205415226,-91.36440358194812,10000.000101123913,-79.94397915911087,-0.0038709827021375,0.0002680170194591,,9260.064158607724,11112.292394974402,150,2,2025-09-09,2025-09-26 15:05:19.311,HH,C,3667564880,HAWK11,1,1,73,2,1,1,225,2,1,0,0,12,1,225,2,1,-130860.01013358062,-4792290.619111861,4197922.536589146,-3.00143,-2.68878,0.355596,-99.875,-47.375,-48.5,-0.015625,-12.875,12.9375,0.0273438,0.0957031,0.0625,4,0,41.39765812280982,-91.56415046345974,11261.724020692154,-123.36344374208608,5.426702549366011,49.96895804082743,198.667,9260.064158607724,11112.292394974402,150,False,9.762877451941602,False,45.14660526305742,167.17321631559412,False,122.14652846761958,False,False
2,1970-07-23 09:45:03.202718554,2025-09-09,2025-09-26 15:05:20.271,HH,C,2981956790,JASSM,3,117,76,2,2,1,225,9,2,0,1,26,0,0,0,0,-114439.42644654664,-4797035.266676244,4192431.104948521,2.29992,3.00114,-0.131347,-83.375,11.75,11.125,0.0,0.0,0.0,0.0,0.0,0.0,2,0,41.33485631921017,-91.36660506202672,9999.999566135906,-79.9495297556734,-0.0058515964231112,0.0002671730108624,,9260.064158607724,11112.292394974402,150,2,2025-09-09,2025-09-26 15:05:20.311,HH,C,3668837412,HAWK11,1,1,73,2,1,1,225,2,1,0,0,12,1,225,2,1,-130970.52185233062,-4792337.962861861,4197877.960417271,-3.01907,-2.76922,0.260106,-107.0,-40.125,-37.375,0.109375,-12.6406,12.7344,-0.015625,0.0859375,0.0703125,4,0,41.39705761193007,-91.5654552790882,11288.91510756658,-116.38448048142445,6.4319569420571785,51.07897071238436,197.909,9260.064158607724,11112.292394974402,150,False,9.704845233665433,False,38.11713332064509,167.3676691667197,False,129.43269305229845,False,False
2,1970-07-23 09:45:03.202835066,2025-09-09,2025-09-26 15:05:20.283,HH,C,2985832316,JASSM,3,117,76,2,2,1,225,9,2,0,1,26,0,0,0,0,-114710.73894654664,-4796996.906324682,4192467.339323521,2.29992,3.00114,-0.131347,-83.375,11.75,11.125,0.0,0.0,0.0,0.0,0.0,0.0,2,0,41.33529061843559,-91.36985472049795,10000.00188485725,-79.95167602960115,-0.0033732098234463,0.0002653167221519,,9260.064158607724,11112.292394974402,150,2,2025-09-09,2025-09-26 15:05:20.311,HH,C,3668837412,HAWK11,1,1,73,2,1,1,225,2,1,0,0,12,1,225,2,1,-130970.52185233062,-4792337.962861861,4197877.960417271,-3.01907,-2.76922,0.260106,-107.0,-40.125,-37.375,0.109375,-12.6406,12.7344,-0.015625,0.0859375,0.0703125,4,0,41.39705761193007,-91.5654552790882,11288.91510756658,-116.38448048142445,6.4319569420571785,51.07897071238436,197.909,9260.064158607724,11112.292394974402,150,False,9.559680128615065,False,38.11713332064509,167.1729508910808,False,129.24026596784765,False,False
2,1970-07-23 09:45:03.207295878,2025-09-09,2025-09-26 15:05:20.729,HH,C,2987085014,JASSM,3,117,76,2,2,1,225,9,2,0,1,26,0,0,0,0,-114798.43621217164,-4796984.504957494,4192479.0492844586,2.29992,3.00114,-0.131347,-83.375,11.75,11.125,0.0,0.0,0.0,0.0,0.0,0.0,2,0,41.33543097596538,-91.37090512850756,10000.001281981697,-79.95236978750019,-0.0025721125753746,0.0002647196776358,,9260.064158607724,11112.292394974402,150,2,2025-09-09,2025-09-26 15:05:20.703,HH,C,3669235078,HAWK11,1,1,73,2,1,1,225,2,1,0,0,12,1,225,2,1,-131007.34997733062,-4792351.432588424,4197866.218229771,-3.03057,-2.79673,0.230001,-108.875,-37.5,-33.75,-0.140625,-12.5,12.5625,-0.0175781,0.0957031,0.0664062,4,0,41.39689222935202,-91.56589085756067,11299.054665813284,-114.07036626932458,6.595251395860153,51.06492394453018,197.653,9260.064158607724,11112.292394974402,150,False,9.527020232469047,False,35.84302772206893,167.20808954208408,False,131.57190476323936,False,False
2,1970-07-23 09:45:03.228257440,2025-09-09,2025-09-26 15:05:22.825,HH,C,2989650122,JASSM,3,117,76,2,2,1,225,9,2,0,1,26,0,0,0,0,-114978.00847779664,-4796959.108473119,4192503.024870396,2.29992,3.00104,-0.131347,-83.375,11.75,11.125,0.0,0.0,0.0,0.0,0.0,0.0,2,0,41.33571835042575,-91.37305599892774,10000.00079918198,-79.95015435701335,-0.0050018960128706,-0.000457699702161,,9260.064158607724,11112.292394974402,150,2,2025-09-09,2025-09-26 15:05:22.813,HH,C,3671660842,HAWK11,1,1,73,2,1,1,225,2,1,0,0,12,1,225,2,1,-131237.03357108062,-4792409.604463424,4197816.263151646,-3.13287,-2.92166,0.125691,-116.0,-21.875,-17.125,0.015625,-7.82812,7.75,-0.0214844,0.0253906,0.0546875,4,0,41.39617157342945,-91.56861579389788,11349.251986172,-104.82709125894432,5.698434700481714,47.46538704064282,193.376,9260.064158607724,11112.292394974402,150,False,9.527646745042992,False,24.424299648747123,167.59483424542958,False,143.42711588533138,False,False
2,1970-07-23 09:45:03.236377185,2025-09-09,2025-09-26 15:05:23.637,HH,C,2988397364,JASSM,3,117,76,2,2,1,225,9,2,0,1,26,0,0,0,0,-114890.30730592164,-4796971.511793432,4192491.315886021,2.29992,3.00114,-0.131347,-83.375,11.75,11.125,0.0,0.0,0.0,0.0,0.0,0.0,2,0,41.33557800808118,-91.37200553449604,9999.999706072627,-79.95309656940356,-0.0017328870895096,0.0002640896370779,,9260.064158607724,11112.292394974402,150,2,2025-09-09,2025-09-26 15:05:23.703,HH,C,3672615240,HAWK11,1,1,73,2,1,1,225,2,1,0,0,12,1,225,2,1,-131329.73278983062,-4792420.396455611,4197801.749479771,3.13181,-2.96605,0.104119,-117.125,-15.375,-14.5,-0.125,-7.20312,7.20312,-0.0332031,0.0488281,0.0546875,4,0,41.39599429304989,-91.56971969772576,11350.562876902928,-102.19420278106128,4.683484437247807,46.93518515525257,193.217,9260.064158607724,11112.292394974402,150,False,9.616648042235575,False,21.211513907982248,167.82657236645997,False,146.7662419011173,False,False
2,1970-07-23 09:45:03.239847243,2025-09-09,2025-09-26 15:05:23.984,HH,C,2990904130,JASSM,3,117,76,2,2,1,225,9,2,0,1,26,0,0,0,0,-115065.79754029664,-4796946.690504369,4192514.744596959,2.29992,3.00104,-0.131347,-83.375,11.75,11.125,0.0,0.0,0.0,0.0,0.0,0.0,2,0,41.33585883028876,-91.37410752124416,9999.99838527812,-79.95084885675502,-0.0041999586602895,-0.0004582508367635,,9260.064158607724,11112.292394974402,150,2,2025-09-09,2025-09-26 15:05:24.003,HH,C,3673171974,HAWK11,1,1,73,2,1,1,225,2,1,0,0,12,1,225,2,1,-131385.36169608062,-4792425.907197799,4197794.546354771,3.10574,-2.99423,0.0815886,-117.75,-11.75,-12.625,-0.125,-8.03125,7.98438,-0.0566406,0.0410156,0.0585938,4,0,41.39590381570624,-91.57038246494884,11352.244710023346,-100.15102603022532,4.365046796288596,45.75202964218762,193.29,9260.064158607724,11112.292394974402,150,False,9.548160081138384,False,19.30651404750117,167.80197013915915,False,148.60242436317043,False,False
2,1970-07-23 09:45:03.249295779,2025-09-09,2025-09-26 15:05:24.929,HH,C,2992157210,JASSM,3,117,76,2,2,1,225,9,2,0,1,26,0,0,0,0,-115153.52019654664,-4796934.282301244,4192526.4555344586,2.29992,3.00104,-0.131347,-83.375,11.75,11.125,0.0,0.0,0.0,0.0,0.0,0.0,2,0,41.33599919259123,-91.3751582525645,10000.001157123968,-79.95154283600826,-0.0033986283116729,-0.0004587998593695,,9260.064158607724,11112.292394974402,150,2,2025-09-09,2025-09-26 15:05:24.907,HH,C,3674245672,HAWK11,1,1,73,2,1,1,225,2,1,0,0,12,1,225,2,1,-131492.06482108062,-4792433.029268111,4197784.407682896,3.03699,-3.04284,0.0391165,-118.875,-5.75,-7.875,-0.171875,-8.78125,8.70312,-0.078125,0.0410156,0.0488281,4,0,41.39577559808927,-91.57165485929993,11354.970765798394,-96.47407505672352,3.9262834451827024,42.24743859450978,193.754,9260.064158607724,11112.292394974402,150,False,9.551328289018867,False,15.617762197695358,167.91233786086363,False,152.36352561258437,False,False
2,1970-07-23 09:45:03.259456538,2025-09-09,2025-09-26 15:05:25.945,HH,C,2993409966,JASSM,3,117,76,2,2,1,225,9,2,0,1,26,0,0,0,0,-115241.22136842164,-4796921.875074682,4192538.1625657086,2.29992,3.00104,-0.131347,-83.375,11.75,11.125,0.0,0.0,0.0,0.0,0.0,0.0,2,0,41.33613951616563,-91.37620873164808,10000.000698951746,-79.95223665060546,-0.0025974928872552,-0.0004593537933337,,9260.064158607724,11112.292394974402,150,2,2025-09-09,2025-09-26 15:05:25.811,HH,C,3675080772,HAWK11,1,1,73,2,1,1,225,2,1,0,0,12,1,225,2,1,-131575.81091483062,-4792435.235322799,4197779.907682896,2.97247,-3.0693,0.00747816,-119.375,-1.75,-3.75,-0.046875,-8.90625,8.84375,-0.0996094,0.0410156,0.0332031,4,0,41.39571842424824,-91.5726546058323,11356.290383382677,-94.10729936710784,3.999485057772215,38.74948048984626,193.987,9260.064158607724,11112.292394974402,150,False,9.544747995407986,False,12.850311344985137,167.97181204655104,False,155.18271762509474,False,False
2,1970-07-23 09:45:03.271014710,2025-09-09,2025-09-26 15:05:27.101,HH,C,2994720512,JASSM,3,117,76,2,2,1,225,9,2,0,1,26,0,0,0,0,-115332.96746217164,-4796908.895582494,4192550.407682896,2.29992,3.00104,-0.131251,-83.375,11.875,11.125,0.0,0.0,0.0,0.0,0.0,0.0,2,0,41.336286288991886,-91.37730766538212,10000.000513289162,-79.95705903836512,-0.005419075667123,-0.0004596643634332,,9260.064158607724,11112.292394974402,150,2,2025-09-09,2025-09-26 15:05:27.007,HH,C,3676790736,HAWK11,1,1,73,2,1,1,225,2,1,0,0,12,1,225,2,1,-131747.03747733062,-4792433.705049361,4197779.722136021,2.73816,-3.11475,-0.0526347,-119.75,3.5,4.375,-0.296875,-9.03125,8.98438,-0.220703,0.0292969,0.0195312,4,0,41.3956982924335,-91.57470065725254,11363.69610222789,-89.7926430451675,4.328082764069267,25.57886999352068,194.292,9260.064158607724,11112.292394974402,150,False,9.580575068806644,False,8.400761868902062,168.16789660107142,False,159.92762609648045,False,False
2,1970-07-23 09:45:03.284695438,2025-09-09,2025-09-26 15:05:28.469,HH,C,2995973282,JASSM,3,117,76,2,2,1,225,9,2,0,1,26,0,0,0,0,-115420.66863404664,-4796896.486402807,4192562.112761021,2.29992,3.00104,-0.131251,-83.375,11.875,11.125,0.0,0.0,0.0,0.0,0.0,0.0,2,0,41.33642659134997,-91.37835815425144,9999.999399166996,-79.95775286335328,-0.0046179401876407,-0.000460273861217,,9260.064158607724,11112.292394974402,150,2,2025-09-09,2025-09-26 15:05:28.501,HH,C,3678341634,HAWK11,1,1,73,2,1,1,225,2,1,0,0,12,1,225,2,1,-131903.91247733062,-4792426.119111861,4197786.274870396,2.43414,3.13546,-0.0217634,-119.875,7.0,6.125,0.0625,-4.51562,4.67188,-0.191406,-0.0449219,0.00195312,4,0,41.39576198459216,-91.57657724731966,11369.865255498997,-89.874402855283,1.7434288625249197,8.085427177429926,193.754,9260.064158607724,11112.292394974402,150,True,9.613408367964272,False,6.6108954092168855,168.27389754426997,False,161.73746164777472,False,False
2,1970-07-23 09:45:03.292274907,2025-09-09,2025-09-26 15:05:29.227,HH,C,2997285560,JASSM,3,117,76,2,2,1,225,9,2,0,1,26,0,0,0,0,-115512.53777467164,-4796883.487379369,4192574.3735032086,2.29992,3.00104,-0.131251,-83.375,11.875,11.125,0.0,0.0,0.0,0.0,0.0,0.0,2,0,41.33657354768727,-91.3794585721155,10000.001042688618,-79.95847966743419,-0.0037787316332133,-0.0004609087788445,,9260.064158607724,11112.292394974402,150,2,2025-09-09,2025-09-26 15:05:28.811,HH,C,3678739300,HAWK11,1,1,73,2,1,1,225,2,1,0,0,12,1,225,2,1,-131943.53357108062,-4792423.298799361,4197787.911589146,2.37786,3.12309,-0.0141893,-120.0,8.125,5.5,0.109375,-4.25,4.29688,-0.150391,-0.0292969,0.0234375,4,0,41.39578332242628,-91.57705150566176,11369.160777778252,-89.73186113378831,0.9253102909938458,4.8515045726155535,193.95,9260.064158607724,11112.292394974402,150,True,9.58439585633312,False,6.468521320990845,168.25263636611524,False,161.8034940777579,False,False
2,1970-07-23 09:45:03.303337860,2025-09-09,2025-09-26 15:05:30.333,HH,C,2998538260,JASSM,3,117,76,2,2,1,225,9,2,0,1,26,0,0,0,0,-115600.23308717164,-4796871.077223119,4192586.075651646,2.29992,3.00104,-0.131251,-83.375,11.875,11.125,0.0,0.0,0.0,0.0,0.0,0.0,2,0,41.33671381725219,-91.38050900054958,9999.999219432122,-79.95917345647791,-0.0029776499941175,-0.0004615143676508,,9260.064158607724,11112.292394974402,150,2,2025-09-09,2025-09-26 15:05:30.313,HH,C,3680687866,HAWK11,1,1,73,2,1,1,225,2,1,0,0,12,1,225,2,1,-132140.54919608062,-4792405.106416549,4197793.929167271,2.33165,3.102,-0.0183119,-120.75,11.375,3.625,0.28125,-7.1875,7.125,0.101562,0.0195312,0.0117188,4,0,41.3958998729491,-91.57941113025224,11350.81320017585,-88.75718825974621,0.1767959393685829,2.1934666047706344,196.027,9260.064158607724,11112.292394974402,150,True,9.638656999892364,False,6.415768189742036,168.3910163869799,False,162.0420771734682,False,False
2,1970-07-23 09:45:03.313415935,2025-09-09,2025-09-26 15:05:31.341,HH,C,2999790960,JASSM,3,117,76,2,2,1,225,9,2,0,1,26,0,0,0,0,-115687.92839967164,-4796858.667066869,4192597.777800084,2.29992,3.00104,-0.131251,-83.375,11.875,11.125,0.0,0.0,0.0,0.0,0.0,0.0,2,0,41.336854077227,-91.38155943349064,10000.00149425175,-79.95986725043772,-0.0021765683746131,-0.000462119919617,,9260.064158607724,11112.292394974402,150,2,2025-09-09,2025-09-26 15:05:31.543,HH,C,3681483198,HAWK11,1,1,73,2,1,1,225,2,1,0,0,12,1,225,2,1,-132222.08435233062,-4792397.834932174,4197797.331511021,2.48208,3.10104,-0.0475534,-121.0,8.75,6.75,0.078125,-8.09375,7.96875,0.255859,0.0371094,0.0351562,4,0,41.39595271839558,-91.58038758257746,11345.837794531,-87.46457310916611,1.2442117720027357,10.826437173145845,197.958,9260.064158607724,11112.292394974402,150,False,9.633608978273204,False,5.869929973944556,168.41236880451626,False,162.5723743459475,False,False
2,1970-07-23 09:45:03.323453706,2025-09-09,2025-09-26 15:05:32.345,HH,C,3000984030,JASSM,3,117,76,2,2,1,225,9,2,0,1,26,0,0,0,0,-115771.45183717164,-4796846.845777807,4192608.921354771,2.29992,3.00095,-0.131251,-83.375,11.875,11.125,0.0,0.0,0.0,0.0,0.0,0.0,2,0,41.336987651974944,-91.3825598994594,9999.9996381973,-79.95690095735631,-0.0054736441716973,-0.0011816056572805,,9260.064158607724,11112.292394974402,150,2,2025-09-09,2025-09-26 15:05:32.311,HH,C,3683153396,HAWK11,1,1,73,2,1,1,225,2,1,0,0,12,1,225,2,1,-132392.00622733062,-4792382.043916549,4197810.735807896,2.80901,3.0903,-0.132785,-120.75,12.375,14.125,-0.125,-10.9844,10.8438,0.119141,0.0742188,0.0605469,4,0,41.396109234934734,-91.58242275727412,11347.6103055468,-83.38977408955812,4.010930064746981,29.68963489731593,198.068,9260.064158607724,11112.292394974402,150,False,9.677452955216081,False,2.4069925431962984,168.50511233552015,False,166.42537695515006,False,False
2,1970-07-23 09:45:03.333214745,2025-09-09,2025-09-26 15:05:33.321,HH,C,3002177884,JASSM,3,117,76,2,2,1,225,9,2,0,1,26,0,0,0,0,-115855.02996217164,-4796835.015699682,4192620.072721959,2.29992,3.00095,-0.131251,-83.375,11.875,11.125,0.0,0.0,0.0,0.0,0.0,0.0,2,0,41.33712131519551,-91.3835610248839,10000.000037239091,-79.957562188027,-0.0047101707774184,-0.0011821401034265,,9260.064158607724,11112.292394974402,150,2,2025-09-09,2025-09-26 15:05:33.405,HH,C,3684306628,HAWK11,1,1,73,2,1,1,225,2,1,0,0,12,1,225,2,1,-132507.12732108062,-4792369.404268111,4197828.894011021,2.9462,3.04543,-0.219168,-119.0,15.25,22.875,-0.078125,-11.6562,11.7031,0.160156,0.0625,0.0566406,4,0,41.3962880769902,-91.58380222303715,11363.735920711955,-77.98301936282611,5.373000652251271,37.54248977515588,199.156,9260.064158607724,11112.292394974402,150,False,9.69428807498411,False,3.364454888495024,168.52475238511667,False,170.39916653381215,False,False
2,1970-07-23 09:45:03.348238510,2025-09-09,2025-09-26 15:05:34.823,HH,C,3003491182,JASSM,3,117,76,2,2,1,225,9,2,0,1,26,0,0,0,0,-115946.96746217164,-4796822.002027807,4192632.337370396,2.29992,3.00095,-0.131251,-83.375,11.875,11.125,0.0,0.0,0.0,0.0,0.0,0.0,2,0,41.33726832539634,-91.38466228639976,9999.999404786098,-79.95828955935292,-0.0038703377673042,-0.0011827163530748,,9260.064158607724,11112.292394974402,150,2,2025-09-09,2025-09-26 15:05:34.703,HH,C,3685976826,HAWK11,1,1,73,2,1,1,225,2,1,0,0,12,1,225,2,1,-132671.26794608062,-4792343.676729049,4197870.505339146,-3.13862,2.97985,-0.298647,-114.75,23.0,34.625,0.0,-9.53125,9.4375,0.0957031,0.0136719,0.0644531,4,0,41.39669500957817,-91.58577163487352,11401.88980169045,-72.14035494535905,5.666380418566312,48.50737388918703,196.59,9260.064158607724,11112.292394974402,150,False,9.73637363873924,False,9.49510180850712,168.5192262255789,False,176.47920771308566,False,False
2,1970-07-23 09:45:03.355275443,2025-09-09,2025-09-26 15:05:35.527,HH,C,3004742542,JASSM,3,117,76,2,2,1,225,9,2,0,1,26,0,0,0,0,-116034.57097779664,-4796809.600660619,4192644.0238938336,2.29992,3.00095,-0.131251,-83.375,11.875,11.125,0.0,0.0,0.0,0.0,0.0,0.0,2,0,41.33740840283491,-91.3857116387858,10000.000199753053,-79.9589826472411,-0.003070093465696,-0.0011832724328164,,9260.064158607724,11112.292394974402,150,2,2025-09-09,2025-09-26 15:05:35.543,HH,C,3686613092,HAWK11,1,1,73,2,1,1,225,2,1,0,0,12,1,225,2,1,-132732.04138358062,-4792330.052705611,4197889.729948521,-3.06815,2.9392,-0.309385,-113.0,27.25,37.375,0.1875,-8.0625,7.95312,0.115234,0.0449219,0.0664062,4,0,41.39689582101278,-91.5865021745352,11414.2206167323,-70.1907869066647,4.42446161353624,52.01903861883064,195.258,9260.064158607724,11112.292394974402,150,False,9.724329110521444,False,11.587843871095208,168.46662985427383,False,178.3167072677487,False,False
2,1970-07-23 09:45:03.364438518,2025-09-09,2025-09-26 15:05:36.443,HH,C,3005936796,JASSM,3,117,76,2,2,1,225,9,2,0,1,26,0,0,0,0,-116118.17644654664,-4796797.764723119,4192655.176237584,2.29992,3.00095,-0.131251,-83.375,11.875,11.125,0.0,0.0,0.0,0.0,0.0,0.0,2,0,41.337542076116414,-91.38671310520613,10000.001634075415,-79.95964410867985,-0.0023063710093209,-0.0011838007344419,,9260.064158607724,11112.292394974402,150,2,2025-09-09,2025-09-26 15:05:36.499,HH,C,3687885624,HAWK11,1,1,73,2,1,1,225,2,1,0,0,12,1,225,2,1,-132849.85778983062,-4792295.416963424,4197932.388151646,-2.97679,2.85838,-0.380523,-108.5,35.875,43.25,-0.125,-9.65625,9.67188,0.0117188,0.078125,0.0527344,4,0,41.39737040399443,-91.58792114495604,11429.591088943713,-64.22558747783184,3.990030206258293,56.12444818007993,195.416,9260.064158607724,11112.292394974402,150,False,9.74932284718861,False,16.4768753973407,168.39397469716673,False,175.1274772120218,False,False
2,1970-07-23 09:45:03.377861509,2025-09-09,2025-09-26 15:05:37.786,HH,C,3007188472,JASSM,3,117,76,2,2,1,225,9,2,0,1,26,0,0,0,0,-116205.80144654664,-4796785.358473119,4192666.863737584,2.29992,3.00095,-0.131155,-83.375,11.875,11.125,0.0,0.0,0.0,0.0,0.0,0.0,2,0,41.33768216737308,-91.38776272426291,10000.001794786622,-79.9644338982362,-0.0051656479091682,-0.0011841165102238,,9260.064158607724,11112.292394974402,150,2,2025-09-09,2025-09-26 15:05:37.703,HH,C,3689516056,HAWK11,1,1,73,2,1,1,225,2,1,0,0,12,1,225,2,1,-132993.74450858062,-4792237.745088424,4197997.983854771,-2.93489,2.73748,-0.45751,-100.625,47.375,51.875,-0.140625,-9.84375,9.70312,0.00585938,0.0644531,0.0722656,4,0,41.39813253968406,-91.58965922558842,11439.842778960592,-56.63644122465867,2.5649190128062647,56.13631322090503,195.795,9260.064158607724,11112.292394974402,150,False,9.791910756240728,False,23.924814988403604,168.25762579551994,False,167.7003265564118,False,False
2,1970-07-23 09:45:03.386236475,2025-09-09,2025-09-26 15:05:38.623,HH,C,3008442290,JASSM,3,117,76,2,2,1,225,9,2,0,1,26,0,0,0,0,-116293.57488404664,-4796772.929762182,4192678.569792271,2.29992,3.00095,-0.131155,-83.375,11.875,11.125,0.0,0.0,0.0,0.0,0.0,0.0,2,0,41.33782248652438,-91.38881412631066,9999.99980425872,-79.96512834559407,-0.0043638510824541,-0.0011847291374753,,9260.064158607724,11112.292394974402,150,2,2025-09-09,2025-09-26 15:05:38.609,HH,C,3690430688,HAWK11,1,1,73,2,1,1,225,2,1,0,0,12,1,225,2,1,-133068.26013358062,-4792199.484346236,4198039.247526646,-2.90277,2.67258,-0.502187,-95.5,53.375,56.375,-0.03125,-10.0938,9.96875,0.00195312,0.0722656,0.0585938,4,0,41.3986263863035,-91.5905621374195,11440.33124757117,-52.47926261365605,2.1493400767597306,56.429896571074025,196.052,9260.064158607724,11112.292394974402,150,False,9.793561088885326,False,28.091327074512154,168.12833998138092,False,163.6107820563116,False,False
2,1970-07-23 09:45:03.397260604,2025-09-09,2025-09-26 15:05:39.726,HH,C,3009752896,JASSM,3,117,76,2,2,1,225,9,2,0,1,26,0,0,0,0,-116385.32488404664,-4796759.937574682,4192690.806120396,2.29992,3.00095,-0.131155,-83.375,11.875,11.125,0.0,0.0,0.0,0.0,0.0,0.0,2,0,41.33796915443754,-91.38991316691036,10000.00099122449,-79.96585426012375,-0.0035257285762145,-0.0011853713306381,,9260.064158607724,11112.292394974402,150,2,2025-09-09,2025-09-26 15:05:39.811,HH,C,3691822520,HAWK11,1,1,73,2,1,1,225,2,1,0,0,12,1,225,2,1,-133174.73278983062,-4792131.751924361,4198109.440886021,-2.83048,2.54334,-0.564026,-86.625,62.0,63.5,-0.046875,-10.5781,10.4531,0.0214844,0.0761719,0.0878906,4,0,41.399485551444926,-91.59185663587463,11433.27294828671,-45.34317281575463,0.6410798511210584,56.97685952685725,197.078,9260.064158607724,11112.292394974402,150,False,9.817706018565277,False,34.66388656378769,167.9180679552893,False,157.2129871131526,False,False
2,1970-07-23 09:45:03.409055613,2025-09-09,2025-09-26 15:05:40.905,HH,C,3011005596,JASSM,3,117,76,2,2,1,225,9,2,0,1,26,0,0,0,0,-116473.02214967164,-4796747.517652807,4192702.5004563336,2.29992,3.00095,-0.131155,-83.375,11.875,11.125,0.0,0.0,0.0,0.0,0.0,0.0,2,0,41.33810933351205,-91.39096366632504,9999.99909220331,-79.96654811526287,-0.0027246269492842,-0.0011859845804089,,9260.064158607724,11112.292394974402,150,2,2025-09-09,2025-09-26 15:05:41.001,HH,C,3693452952,HAWK11,1,1,73,2,1,1,225,2,1,0,0,12,1,225,2,1,-133285.38122733062,-4792039.551729049,4198202.106901646,-2.71678,2.40097,-0.632,-75.125,70.5,71.25,0.015625,-10.5625,10.3906,0.015625,0.0859375,0.0625,4,0,41.4006412656415,-91.59320918853352,11415.078226435897,-37.61884627415972,-0.2929538699301449,58.91469681805096,197.995,9260.064158607724,11112.292394974402,150,False,9.853338333408141,False,42.11446227408245,167.62342343989064,False,150.05398881757483,False,False
2,1970-07-23 09:45:03.430656647,2025-09-09,2025-09-26 15:05:43.065,HH,C,3012199716,JASSM,3,117,76,2,2,1,225,9,2,0,1,26,0,0,0,0,-116556.61785279664,-4796735.678785619,4192713.6469407086,2.29992,3.00085,-0.131155,-83.375,11.875,11.125,0.0,0.0,0.0,0.0,0.0,0.0,2,0,41.338242940304994,-91.39196503848588,9999.999563871766,-79.96358234000631,-0.0060210470625483,-0.0019049875232144,,9260.064158607724,11112.292394974402,150,2,2025-09-09,2025-09-26 15:05:43.109,HH,C,3695838950,HAWK11,1,1,73,2,1,1,225,2,1,0,0,12,1,225,2,1,-133413.57653983062,-4791882.047822799,4198351.786589146,-2.63567,2.16406,-0.707069,-53.5,84.5,79.125,0.0,-10.5469,10.5,-0.0703125,0.0566406,0.0585938,4,0,41.40256740989995,-91.59479315365284,11361.161368721569,-26.27515676148672,-1.956711981266944,54.88416283195362,200.61,9260.064158607724,11112.292394974402,150,False,9.918946167279227,False,54.15242134019741,167.11541881062587,False,138.4345708266875,False,False
2,1970-07-23 09:45:03.431055266,2025-09-09,2025-09-26 15:05:43.105,HH,C,3013451342,JASSM,3,117,76,2,2,1,225,9,2,0,1,26,0,0,0,0,-116644.23894654664,-4796723.268629369,4192725.3305344586,2.29992,3.00085,-0.131155,-83.375,11.875,11.125,0.0,0.0,0.0,0.0,0.0,0.0,2,0,41.33838298103144,-91.39301463454542,10000.00187859649,-79.96427560222196,-0.0052206406665423,-0.0019055515487395,,9260.064158607724,11112.292394974402,150,2,2025-09-09,2025-09-26 15:05:43.109,HH,C,3695838950,HAWK11,1,1,73,2,1,1,225,2,1,0,0,12,1,225,2,1,-133413.57653983062,-4791882.047822799,4198351.786589146,-2.63567,2.16406,-0.707069,-53.5,84.5,79.125,0.0,-10.5469,10.5,-0.0703125,0.0566406,0.0585938,4,0,41.40256740989995,-91.59479315365284,11361.161368721569,-26.27515676148672,-1.956711981266944,54.88416283195362,200.61,9260.064158607724,11112.292394974402,150,False,9.872107026663757,False,54.15242134019741,167.05308987844856,False,138.49515893872376,False,False
2,1970-07-23 09:45:03.440696666,2025-09-09,2025-09-26 15:05:44.069,HH,C,3014705596,JASSM,3,117,76,2,2,1,225,9,2,0,1,26,0,0,0,0,-116732.04558717164,-4796710.831129369,4192737.036589146,2.29992,3.00085,-0.131155,-83.375,11.875,11.125,0.0,0.0,0.0,0.0,0.0,0.0,2,0,41.33852329961751,-91.39406645805424,10000.00074090404,-79.96497033761722,-0.0044185407004935,-0.0019061077444517,,9260.064158607724,11112.292394974402,150,2,2025-09-09,2025-09-26 15:05:44.001,HH,C,3697031948,HAWK11,1,1,73,2,1,1,225,2,1,0,0,12,1,225,2,1,-133461.75232108062,-4791795.049775924,4198432.727995396,-2.60451,2.0377,-0.736982,-42.875,88.75,82.875,-0.234375,-11.0,10.7031,-0.00976562,0.0683594,0.0683594,4,0,41.40362335992212,-91.59539768751186,11326.078881710357,-20.606312877946653,-2.542084010512619,51.65766047163804,202.529,9260.064158607724,11112.292394974402,150,False,9.875139379516797,False,59.50898533199918,166.71870879693293,False,133.48513774737677,False,False
2,1970-07-23 09:45:03.449413611,2025-09-09,2025-09-26 15:05:44.941,HH,C,3016017974,JASSM,3,117,76,2,2,1,225,9,2,0,1,26,0,0,0,0,-116823.91668092164,-4796697.815504369,4192749.284636021,2.29992,3.00085,-0.131155,-83.375,11.875,11.125,0.0,0.0,0.0,0.0,0.0,0.0,2,0,41.33867011829923,-91.39516697461418,9999.998306158475,-79.96569723712678,-0.0035793094389783,-0.0019067045493133,,9260.064158607724,11112.292394974402,150,2,2025-09-09,2025-09-26 15:05:45.203,HH,C,3698224946,HAWK11,1,1,73,2,1,1,225,2,1,0,0,12,1,225,2,1,-133498.91638358062,-4791704.521455611,4198517.462370396,-2.52455,1.92016,-0.771209,-31.5,91.875,86.5,-0.390625,-11.4219,11.1094,-0.015625,0.0722656,0.046875,4,0,41.4047277407466,-91.59587185007476,11289.796336686968,-15.326730951876332,-2.237898268041943,51.40440150817272,204.728,9260.064158607724,11112.292394974402,150,False,9.872137249243254,False,64.94035686723659,166.35230395165954,False,128.44777824805786,False,False
2,1970-07-23 09:45:03.462268652,2025-09-09,2025-09-26 15:05:46.226,HH,C,3017211020,JASSM,3,117,76,2,2,1,225,9,2,0,1,26,0,0,0,0,-116907.44011842164,-4796685.983473119,4192760.418425084,2.29992,3.00085,-0.131155,-83.375,11.875,11.125,0.0,0.0,0.0,0.0,0.0,0.0,2,0,41.338803572566846,-91.3961674992712,9999.999394488996,-79.9663580930741,-0.0028163358285862,-0.0019072324207473,,9260.064158607724,11112.292394974402,150,2,2025-09-09,2025-09-26 15:05:46.143,HH,C,3699179346,HAWK11,1,1,73,2,1,1,225,2,1,0,0,12,1,225,2,1,-133520.26403983062,-4791629.732393111,4198587.448698521,-2.46913,1.81643,-0.787699,-22.125,93.875,88.75,-0.34375,-11.2344,10.9375,-0.0117188,0.0703125,0.0644531,4,0,41.40564155729863,-91.59615181198242,11259.1520971001,-10.993696850225756,-2.334307718713159,50.22677608033821,206.28,9260.064158607724,11112.292394974402,150,False,9.861347126622825,False,69.23821777441964,166.03107256093722,False,124.48763736401777,False,False
2,1970-07-23 09:45:03.470233567,2025-09-09,2025-09-26 15:05:47.023,HH,C,3018464126,JASSM,3,117,76,2,2,1,225,9,2,0,1,26,0,0,0,0,-116995.16277467164,-4796673.554762182,4192772.1117844586,2.29992,3.00085,-0.131155,-83.375,11.875,11.125,0.0,0.0,0.0,0.0,0.0,0.0,2,0,41.33894373648748,-91.3972183311644,9999.999660117604,-79.96705217931522,-0.002015000984956,-0.0019077960643279,,9260.064158607724,11112.292394974402,150,2,2025-09-09,2025-09-26 15:05:47.005,HH,C,3700372344,HAWK11,1,1,73,2,1,1,225,2,1,0,0,12,1,225,2,1,-133537.26794608062,-4791535.531221236,4198677.763151646,-2.39771,1.68297,-0.807833,-10.5,94.875,91.375,-0.265625,-11.5781,11.25,-0.0292969,0.0703125,0.0585938,4,0,41.4068088009594,-91.59638634590618,11224.576954277294,-5.538642115039573,-2.016876169671864,48.63435971313843,207.82,9260.064158607724,11112.292394974402,150,False,9.853052575916726,False,74.40001742284232,165.620882070371,False,119.77218352116158,False,False
2,1970-07-23 09:45:03.481294694,2025-09-09,2025-09-26 15:05:48.129,HH,C,3019774488,JASSM,3,117,76,2,2,1,225,9,2,0,1,26,0,0,0,0,-117086.89714967164,-4796660.556715307,4192784.339323521,2.29992,3.00085,-0.131155,-83.375,11.875,11.125,0.0,0.0,0.0,0.0,0.0,0.0,2,0,41.339090301817045,-91.39831722463236,10000.00073430106,-79.9677780128379,-0.001177019139169,-0.0019083871029742,,9260.064158607724,11112.292394974402,150,2,2025-09-09,2025-09-26 15:05:48.203,HH,C,3701923244,HAWK11,1,1,73,2,1,1,225,2,1,0,0,12,1,225,2,1,-133540.36950858062,-4791411.306611861,4198797.964323521,-2.32734,1.50857,-0.824227,5.125,94.75,94.0,-0.09375,-11.9375,11.5625,-0.0390625,0.0800781,0.0585938,4,0,41.408358711462746,-91.59646477297876,11180.062471654584,1.3371522679479952,-1.3496784161620223,45.176678470229376,209.641,9260.064158607724,11112.292394974402,150,False,9.846434579662265,False,81.16009863368882,165.06934705311926,False,113.61108739629577,False,False
2,1970-07-23 09:45:03.493452272,2025-09-09,2025-09-26 15:05:49.345,HH,C,3021086838,JASSM,3,117,76,2,2,1,225,9,2,0,1,26,0,0,0,0,-117178.76824342164,-4796647.538160619,4192796.583464146,2.29992,3.00085,-0.131059,-83.375,11.875,11.125,0.0,0.0,0.0,0.0,0.0,0.0,2,0,41.33923707085437,-91.39941776113416,9999.999992264886,-79.97260140919218,-0.0039975582012717,-0.0019088198103467,,9260.064158607724,11112.292394974402,150,2,2025-09-09,2025-09-26 15:05:49.499,HH,C,3703553674,HAWK11,1,1,73,2,1,1,225,2,1,0,0,12,1,225,2,1,-133522.64685233062,-4791283.676729049,4198927.368620396,-2.25294,1.33571,-0.841868,20.875,92.0,96.25,-0.046875,-12.0625,11.75,-0.0273438,0.0644531,0.0527344,4,0,41.40999445840448,-91.596295508497,11145.731528383578,7.8766060703829055,0.2578069298828923,42.03951560984776,211.046,9260.064158607724,11112.292394974402,150,False,9.832830228002567,False,87.88345185247621,164.46103076719368,False,107.55620071519945,False,False
2,1970-07-23 09:45:03.502413556,2025-09-09,2025-09-26 15:05:50.241,HH,C,3022399178,JASSM,3,117,76,2,2,1,225,9,2,0,1,26,0,0,0,0,-117270.63933717164,-4796634.518629369,4192808.8266282086,2.29992,3.00085,-0.131059,-83.375,11.875,11.125,0.0,0.0,0.0,0.0,0.0,0.0,2,0,41.3393838285694,-91.40051830286208,9999.999226802038,-79.97332833562001,-0.0031583279508388,-0.0019094666414236,,9260.064158607724,11112.292394974402,150,2,2025-09-09,2025-09-26 15:05:50.109,HH,C,3704388774,HAWK11,1,1,73,2,1,1,225,2,1,0,0,12,1,225,2,1,-133505.00232108062,-4791219.180635299,4198995.315886021,-2.19704,1.24837,-0.843018,28.5,89.625,96.875,-0.328125,-11.8594,11.4062,-0.00585938,0.0644531,0.0449219,4,0,41.410839745121606,-91.59610614726157,11133.33741320817,11.1368924112974,0.9434792493936812,41.54061241791464,211.437,9260.064158607724,11112.292394974402,150,False,9.798696995406875,False,91.16981149916815,164.09491321702862,False,104.66396978574609,False,False
2,1970-07-23 09:45:03.514658621,2025-09-09,2025-09-26 15:05:51.465,HH,C,3023713542,JASSM,3,117,76,2,2,1,225,9,2,0,1,26,0,0,0,0,-117362.65105592164,-4796621.478590307,4192821.088346959,2.29992,3.00075,-0.131059,-83.375,11.875,11.125,0.0,0.0,0.0,0.0,0.0,0.0,2,0,41.33953080255894,-91.40162053428554,10000.00113978389,-79.97042909950217,-0.0063778714154745,-0.0026280427088605,,9260.064158607724,11112.292394974402,150,2,2025-09-09,2025-09-26 15:05:51.609,HH,C,3706138506,HAWK11,1,1,73,2,1,1,225,2,1,0,0,12,1,225,2,1,-133450.74841483062,-4791089.581025924,4199136.851042271,-2.01738,1.0666,-0.829692,44.375,84.625,96.5,-0.28125,-11.7344,11.3281,0.103516,0.0722656,0.0410156,4,0,41.41257514731826,-91.59550099028378,11118.011138579268,18.04640973555844,2.1805032110100666,44.283547448553456,212.232,9260.064158607724,11112.292394974402,150,False,9.771946454346937,False,98.07894077476982,163.39815901980782,False,98.48658084775013,False,False
2,1970-07-23 09:45:03.525230909,2025-09-09,2025-09-26 15:05:52.523,HH,C,3025024632,JASSM,3,117,76,2,2,1,225,9,2,0,1,26,0,0,0,0,-117454.43621217164,-4796608.468824682,4192833.3188157086,2.29992,3.00075,-0.131059,-83.375,11.875,11.125,0.0,0.0,0.0,0.0,0.0,0.0,2,0,41.339677407890655,-91.4027200571337,10000.000731166096,-79.97115535715182,-0.0055394246406557,-0.0026286415324768,,9260.064158607724,11112.292394974402,150,2,2025-09-09,2025-09-26 15:05:52.499,HH,C,3707053138,HAWK11,1,1,73,2,1,1,225,2,1,0,0,12,1,225,2,1,-133413.18982108062,-4791025.369111861,4199209.788542271,-1.87692,0.962669,-0.809079,53.375,81.875,94.625,-0.15625,-12.1406,11.6562,0.078125,0.0859375,0.0703125,4,0,41.41345572312004,-91.59507354862411,11115.796375189364,22.25883211926662,2.62628436184245,48.15451262986706,212.244,9260.064158607724,11112.292394974402,150,False,9.73045200983182,False,102.1141383250907,162.98577799939596,False,94.87012969629632,False,False
2,1970-07-23 09:45:03.536272563,2025-09-09,2025-09-26 15:05:53.627,HH,C,3026337858,JASSM,3,117,76,2,2,1,225,9,2,0,1,26,0,0,0,0,-117546.36980592164,-4796595.437574682,4192845.567839146,2.29992,3.00075,-0.131059,-83.375,11.875,11.125,0.0,0.0,0.0,0.0,0.0,0.0,2,0,41.33982423414989,-91.40382136323385,10000.001073017716,-79.97188279480301,-0.0046996228128863,-0.0026292357195595,,9260.064158607724,11112.292394974402,150,2,2025-09-09,2025-09-26 15:05:53.703,HH,C,3708405202,HAWK11,1,1,73,2,1,1,225,2,1,0,0,12,1,225,2,1,-133345.58435233062,-4790935.941377486,4199314.345182896,-1.72515,0.809079,-0.760279,66.625,76.25,91.125,-0.109375,-12.7031,12.2969,-0.03125,0.0996094,0.0546875,4,0,41.41470471969066,-91.59429542550367,11118.134474114542,29.078408958676,2.9987458783759045,50.95912621767512,212.378,9260.064158607724,11112.292394974402,150,False,9.685612832536973,False,108.31116625306461,162.4109063517113,False,89.26056800614941,False,False
2,1970-07-23 09:45:03.546411612,2025-09-09,2025-09-26 15:05:54.641,HH,C,3027648594,JASSM,3,117,76,2,2,1,225,9,2,0,1,26,0,0,0,0,-117638.12761842164,-4796582.429762182,4192857.792448521,2.29992,3.00075,-0.131059,-83.375,11.875,11.125,0.0,0.0,0.0,0.0,0.0,0.0,2,0,41.33997077123527,-91.40492056895144,10000.000110699912,-79.97260884722527,-0.0038614260647474,-0.0026298307180738,,9260.064158607724,11112.292394974402,150,2,2025-09-09,2025-09-26 15:05:54.609,HH,C,3709637968,HAWK11,1,1,73,2,1,1,225,2,1,0,0,12,1,225,2,1,-133270.56872733062,-4790859.954072799,4199407.046354771,-1.66542,0.70055,-0.716944,78.0,70.25,86.625,-0.203125,-10.4531,10.0,0.046875,0.0273438,0.0546875,4,0,41.41579494583182,-91.59342425209984,11127.303239993193,34.29886791954244,3.346671710746913,50.48073155634415,211.462,9260.064158607724,11112.292394974402,150,False,9.633658750572872,False,114.01575157581918,161.8684959737828,False,84.10633402652128,False,False
2,1970-07-23 09:45:03.557431596,2025-09-09,2025-09-26 15:05:55.743,HH,C,3028903218,JASSM,3,117,76,2,2,1,225,9,2,0,1,26,0,0,0,0,-117725.95964967164,-4796569.978590307,4192869.4926438336,2.29992,3.00075,-0.131059,-83.375,11.875,11.125,0.0,0.0,0.0,0.0,0.0,0.0,2,0,41.34011101892785,-91.4059727506548,10000.000647026232,-79.97330384111491,-0.0030590926643207,-0.0026303902917198,,9260.064158607724,11112.292394974402,150,2,2025-09-09,2025-09-26 15:05:55.811,HH,C,3711188866,HAWK11,1,1,73,2,1,1,225,2,1,0,0,12,1,225,2,1,-133161.64685233062,-4790769.479463424,4199512.751432896,-1.54999,0.588665,-0.646285,89.5,65.5,79.0,-0.3125,-10.9219,10.4062,0.0234375,0.0742188,0.0566406,4,0,41.41706474529358,-91.5921526710117,11126.757583166704,40.71322415032166,2.9962964415432225,53.40572047308088,211.083,9260.064158607724,11112.292394974402,150,False,9.573997781326993,False,120.1248041042922,161.21682147975224,False,78.64170393885126,False,False
2,1970-07-23 09:45:03.568472984,2025-09-09,2025-09-26 15:05:56.847,HH,C,3030213832,JASSM,3,117,76,2,2,1,225,9,2,0,1,26,0,0,0,0,-117817.70964967164,-4796556.969801244,4192881.715300084,2.29992,3.00075,-0.131059,-83.375,11.875,11.125,0.0,0.0,0.0,0.0,0.0,0.0,2,0,41.34025752920584,-91.40707187303666,10000.001356010844,-79.97402984263894,-0.0022209657898933,-0.0026309912066981,,9260.064158607724,11112.292394974402,150,2,2025-09-09,2025-09-26 15:05:56.703,HH,C,3712222798,HAWK11,1,1,73,2,1,1,225,2,1,0,0,12,1,225,2,1,-133080.50622733062,-4790713.964814986,4199578.186979771,-1.49496,0.51839,-0.589624,97.25,61.0,73.375,-0.390625,-10.9062,10.5625,0.0214844,0.0703125,0.0507812,4,0,41.41785012871747,-91.59120143781452,11126.70250246235,45.31063843278304,2.528204374742199,54.44605868533598,211.718,9260.064158607724,11112.292394974402,150,False,9.511875118591464,False,124.57300287450195,160.74717356752595,False,74.66121638023189,False,False
2,1970-07-23 09:45:03.581471778,2025-09-09,2025-09-26 15:05:58.147,HH,C,3031468620,JASSM,3,117,76,2,2,1,225,9,2,0,1,26,0,0,0,0,-117905.55339967164,-4796544.514723119,4192893.415495396,2.30001,3.00075,-0.131059,-83.375,11.875,11.125,0.0,0.0,0.0,0.0,0.0,0.0,2,0,41.340397778726775,-91.40812420501425,10000.001387693534,-79.97472493975896,-0.0014185244076196,0.0028599186486262,,9260.064158607724,11112.292394974402,150,2,2025-09-09,2025-09-26 15:05:58.204,HH,C,3713972530,HAWK11,1,1,73,2,1,1,225,2,1,0,0,12,1,225,2,1,-132929.35388358062,-4790629.642549361,4199675.448698521,-1.44769,0.411778,-0.493942,109.125,53.125,62.25,-0.140625,-10.7031,10.25,-0.0136719,0.0527344,0.0566406,4,0,41.41903328483025,-91.58942304606944,11120.105791773962,52.86491253152188,1.8741396168659128,54.28905096092329,211.498,9260.064158607724,11112.292394974402,150,False,9.432011824230441,False,132.1439865683394,160.03861591099172,False,67.7874388752664,False,False
2,1970-07-23 09:45:03.590270215,2025-09-09,2025-09-26 15:05:59.027,HH,C,3032783780,JASSM,3,117,76,2,2,1,225,9,2,0,1,26,0,0,0,0,-117997.61980592164,-4796531.459059057,4192905.6781907086,2.30001,3.00075,-0.131059,-83.375,11.875,11.125,0.0,0.0,0.0,0.0,0.0,0.0,2,0,41.34054477130993,-91.40922712807075,10000.001384069688,-79.97545345590169,-0.0005775072009237,0.0028593180862847,,9260.064158607724,11112.292394974402,150,2,2025-09-09,2025-09-26 15:05:59.109,HH,C,3714966696,HAWK11,1,1,73,2,1,1,225,2,1,0,0,12,1,225,2,1,-132835.69372733062,-4790586.564424361,4199723.948698521,-1.43303,0.360102,-0.43891,115.125,48.75,55.375,-0.15625,-10.7031,10.2344,-0.00195312,0.0761719,0.0625,4,0,41.419632411399256,-91.58831800984734,11113.04256047632,56.9546342869436,1.3997907451659866,53.91416817541102,211.853,9260.064158607724,11112.292394974402,150,False,9.359727468187605,False,136.34287830545966,159.5913804170546,False,64.02160840384734,False,False
2,1970-07-23 09:45:03.601250921,2025-09-09,2025-09-26 15:06:00.125,HH,C,3034150698,JASSM,3,117,76,2,2,1,225,9,2,0,1,26,0,0,0,0,-118093.31121217164,-4796517.887769994,4192918.4223313336,2.30001,3.00075,-0.130964,-83.375,11.875,11.125,0.0,0.0,0.0,0.0,0.0,0.0,2,0,41.34069754034937,-91.41037348306703,9999.999293051833,-79.98030709172414,-0.0033631967258088,0.0028588035934512,,9260.064158607724,11112.292394974402,150,2,2025-09-09,2025-09-26 15:05:59.701,HH,C,3715801796,HAWK11,1,1,73,2,1,1,225,2,1,0,0,12,1,225,2,1,-132753.37732108062,-4790553.790010299,4199760.140104771,-1.42718,0.312453,-0.394425,119.75,44.5,49.625,-0.328125,-11.0938,10.5625,-0.0273438,0.0703125,0.0585938,4,0,41.42008527379683,-91.58734510941848,11105.382730289048,60.523176187707854,1.3323541348833303,53.228983468045946,212.134,9260.064158607724,11112.292394974402,150,False,9.286771148347366,False,139.8867549249501,159.19794319773692,False,60.86186717764281,False,False
2,1970-07-23 09:45:03.611451936,2025-09-09,2025-09-26 15:06:01.145,HH,C,3035403582,JASSM,3,117,76,2,2,1,225,9,2,0,1,26,0,0,0,0,-118181.02214967164,-4796505.448316869,4192930.102995396,2.30001,3.00066,-0.130964,-83.375,11.875,11.125,0.0,0.0,0.0,0.0,0.0,0.0,2,0,41.34083755428948,-91.4114242390878,10000.000317466973,-79.97737377611796,-0.0066220311391676,0.002140759008881,,9260.064158607724,11112.292394974402,150,2,2025-09-09,2025-09-26 15:06:01.499,HH,C,3717949192,HAWK11,1,1,73,2,1,1,225,2,1,0,0,12,1,225,2,1,-132528.76794608062,-4790484.753877486,4199834.351042271,-1.41471,0.199705,-0.283691,129.25,32.0,34.25,-0.390625,-11.0781,10.5625,-0.0429688,0.0683594,0.0410156,4,0,41.42103394319989,-91.58468362875692,11081.387612263736,69.31999808865102,1.312624206355377,51.99259329889512,212.733,9260.064158607724,11112.292394974402,150,False,9.168972760165998,False,149.03933185530965,158.40465356501096,False,52.48262583951207,False,False
2,1970-07-23 09:45:03.622452798,2025-09-09,2025-09-26 15:06:02.245,HH,C,3036715992,JASSM,3,117,76,2,2,1,225,9,2,0,1,26,0,0,0,0,-118272.89714967164,-4796492.417066869,4192942.337370396,2.30001,3.00066,-0.130964,-83.375,11.875,11.125,0.0,0.0,0.0,0.0,0.0,0.0,2,0,41.34098420683685,-91.4125248847698,10000.000951838832,-79.97810079426704,-0.0057827623865319,0.0021401558865039,,9260.064158607724,11112.292394974402,150,2,2025-09-09,2025-09-26 15:06:01.542,HH,C,3716040394,HAWK11,1,1,73,2,1,1,225,2,1,0,0,12,1,225,2,1,-132728.49450858062,-4790544.648408736,4199770.102995396,-1.42785,0.298263,-0.38129,120.875,43.125,48.25,-0.25,-10.75,10.375,-0.0351562,0.0683594,0.0585938,4,0,41.420211014647286,-91.58705076232172,11102.829976105882,61.58796226521756,1.3352689027096132,52.90782600010968,212.757,9260.064158607724,11112.292394974402,150,False,9.187336361759797,False,140.82523779285737,158.89695935635424,False,60.22540624569646,False,False
2,1970-07-23 09:45:03.634212158,2025-09-09,2025-09-26 15:06:03.421,HH,C,3038028100,JASSM,3,117,76,2,2,1,225,9,2,0,1,26,0,0,0,0,-118364.75261842164,-4796479.387769994,4192954.567839146,2.30001,3.00066,-0.130964,-83.375,11.875,11.125,0.0,0.0,0.0,0.0,0.0,0.0,2,0,41.34113081371779,-91.41362530164795,10000.00124161216,-79.97882766340608,-0.0049436725834316,0.0021395568682069,,9260.064158607724,11112.292394974402,150,2,2025-09-09,2025-09-26 15:06:03.311,HH,C,3720096590,HAWK11,1,1,73,2,1,1,225,2,1,0,0,12,1,225,2,1,-132288.64685233062,-4790437.432588424,4199881.501432896,-1.45968,0.114377,-0.164328,135.5,20.125,19.625,-0.0625,-9.78125,9.23438,-0.0527344,0.0390625,0.0449219,4,0,41.42167325654548,-91.58182951123122,11051.034450553629,77.58265791183159,0.2032437194638074,48.43718221534915,213.319,9260.064158607724,11112.292394974402,150,False,8.98704163404808,False,157.2378207530767,157.53273626524427,False,45.12081035026275,False,False
2,1970-07-23 09:45:03.645492400,2025-09-09,2025-09-26 15:06:04.549,HH,C,3039281070,JASSM,3,117,76,2,2,1,225,9,2,0,1,26,0,0,0,0,-118452.46746217164,-4796466.944410619,4192966.245573521,2.30001,3.00066,-0.130964,-83.375,11.875,11.125,0.0,0.0,0.0,0.0,0.0,0.0,2,0,41.341270800805226,-91.41467611938027,9999.999222655695,-79.97952177231693,-0.0041424068830668,0.0021389862058931,,9260.064158607724,11112.292394974402,150,2,2025-09-09,2025-09-26 15:06:05.109,HH,C,3722045156,HAWK11,1,1,73,2,1,1,225,2,1,0,0,12,1,225,2,1,-132065.23278983062,-4790410.494111861,4199901.856901646,-1.60838,0.0541687,-0.079767,138.25,11.875,7.625,-0.28125,-9.35938,8.79688,-0.113281,0.03125,0.0644531,4,0,41.42200763330948,-91.57916828742204,11013.81027902369,83.47739232853252,-0.4758664130775163,39.482771254643325,214.737,9260.064158607724,11112.292394974402,150,False,8.852877084427298,False,163.19163113492337,156.8900724397088,False,39.701811289055044,False,False
2,1970-07-23 09:45:03.656337803,2025-09-09,2025-09-26 15:06:05.633,HH,C,3040652802,JASSM,3,117,76,2,2,1,225,9,2,0,1,26,0,0,0,0,-118548.49480592164,-4796453.320387182,4192979.030729771,2.30001,3.00066,-0.130964,-83.375,11.875,11.125,0.0,0.0,0.0,0.0,0.0,0.0,2,0,41.34142405674501,-91.41582652587014,9999.999801597362,-79.98028166597163,-0.0032652047178131,0.0021383481124564,,9260.064158607724,11112.292394974402,150,2,2025-09-09,2025-09-26 15:06:05.408,HH,C,3722363288,HAWK11,1,1,73,2,1,1,225,2,1,0,0,12,1,225,2,1,-132029.23278983062,-4790407.569307174,4199903.573698521,-1.63503,0.0441978,-0.0682621,138.625,10.5,6.125,0.0625,-9.26562,8.71875,-0.0859375,0.0273438,0.0507812,4,0,41.42204253185852,-91.5787389991933,11007.90362861075,84.34889150796621,-0.4873164202629883,37.90610220798533,214.529,9260.064158607724,11112.292394974402,150,False,8.789476416135734,False,164.03254792061603,156.67516053277504,False,39.0675719670034,False,False
2,1970-07-23 09:45:03.667558050,2025-09-09,2025-09-26 15:06:06.755,HH,C,3041907514,JASSM,3,117,76,2,2,1,225,9,2,0,1,26,0,0,0,0,-118636.33074342164,-4796440.858473119,4192990.723112584,2.30001,3.00066,-0.130964,-83.375,11.875,11.125,0.0,0.0,0.0,0.0,0.0,0.0,2,0,41.3415642151758,-91.41687880414636,9999.999801826523,-79.98097674369409,-0.0024628328887594,0.0021377785411034,,9260.064158607724,11112.292394974402,150,2,2025-09-09,2025-09-26 15:06:06.613,HH,C,3723993720,HAWK11,1,1,73,2,1,1,225,2,1,0,0,12,1,225,2,1,-131839.08435233062,-4790398.434541549,4199907.618620396,-1.76293,-0.00594418,-0.0256942,139.625,3.0,0.0,0.09375,-9.28125,8.8125,-0.0722656,0.0332031,0.0234375,4,0,41.42215536285724,-91.57646945286676,10981.340299588112,88.07851166263399,0.0475185515747823,30.428937258250688,216.423,9260.064158607724,11112.292394974402,150,False,8.66399905859474,False,168.0290283154067,156.14166613420892,False,35.64462271496266,False,False
2,1970-07-23 09:45:03.677410844,2025-09-09,2025-09-26 15:06:07.741,HH,C,3043277504,JASSM,3,117,76,2,2,1,225,9,2,0,1,26,0,0,0,0,-118732.23699342164,-4796427.250074682,4193003.489714146,2.30001,3.00066,-0.130964,-83.375,11.875,11.125,0.0,0.0,0.0,0.0,0.0,0.0,2,0,41.34171724867471,-91.4180277707039,10000.00067281177,-79.98173569064552,-0.0015867378617569,0.0021371484776438,,9260.064158607724,11112.292394974402,150,2,2025-09-09,2025-09-26 15:06:07.816,HH,C,3725504852,HAWK11,1,1,73,2,1,1,225,2,1,0,0,12,1,225,2,1,-131661.21716483062,-4790398.854463424,4199903.829557896,-1.84145,-0.0487998,0.00115049,139.75,-3.375,-4.875,0.0,-8.65625,8.14062,-0.0527344,0.00195312,0.0332031,4,0,41.4221564093373,-91.57434353427011,10962.118184027127,90.85776243183813,0.8724332068256857,25.92218742292232,216.998,9260.064158607724,11112.292394974402,150,False,8.536812719339624,False,171.3164527487969,155.64138732721892,False,32.91206273257463,False,False
2,1970-07-23 09:45:03.688429575,2025-09-09,2025-09-26 15:06:08.842,HH,C,3044530222,JASSM,3,117,76,2,2,1,225,9,2,0,1,26,0,0,0,0,-118819.93621217164,-4796414.804762182,4193015.1625657086,2.30001,3.00066,-0.130964,-83.375,11.875,11.125,0.0,0.0,0.0,0.0,0.0,0.0,2,0,41.34185717646793,-91.41907842133028,9999.999486344048,-79.98242969728254,-0.0007856130490814,0.0021365724778976,,9260.064158607724,11112.292394974402,150,2,2025-09-09,2025-09-26 15:06:08.819,HH,C,3726618318,HAWK11,1,1,73,2,1,1,225,2,1,0,0,12,1,225,2,1,-131531.75232108062,-4790403.472627486,4199898.067839146,-1.88545,-0.0704672,0.0250231,139.625,-6.75,-7.625,-0.046875,-8.29688,7.75,-0.0488281,0.0117188,0.0390625,4,0,41.422111209857874,-91.5727947164088,10952.222590949366,92.70592920640487,0.8985944363555457,23.445611155352207,216.9,9260.064158607724,11112.292394974402,150,False,8.434125557677506,False,173.0989736958127,155.25474278998,False,31.540665103295993,False,False
2,1970-07-23 09:45:03.702705087,2025-09-09,2025-09-26 15:06:10.270,HH,C,3045842552,JASSM,3,117,76,2,2,1,225,9,2,0,1,26,0,0,0,0,-118911.80730592164,-4796401.767652807,4193027.390104771,2.30001,3.00066,-0.130964,-83.375,11.875,11.125,0.0,0.0,0.0,0.0,0.0,0.0,2,0,41.3420037449992,-91.4201790564402,10000.001919809349,-79.98315672321459,5.362047643755533e-05,0.0021359744005972,,9260.064158607724,11112.292394974402,150,2,2025-09-09,2025-09-26 15:06:10.317,HH,C,3728129448,HAWK11,1,1,73,2,1,1,225,2,1,0,0,12,1,225,2,1,-131354.06872733062,-4790414.928682174,4199885.794401646,-2.01565,-0.0973119,0.0405546,139.375,-11.125,-10.75,-0.03125,-8.26562,7.65625,-0.0957031,0.0117188,0.0332031,4,0,41.42198922107577,-91.57066737041704,10941.765123968607,94.39293007996568,1.461467970952969,16.071017666648665,218.256,9260.064158607724,11112.292394974402,150,False,8.30582423756185,False,175.2885223015607,154.774403739419,False,29.885694568125594,True,False
2,1970-07-23 09:45:03.710229501,2025-09-09,2025-09-26 15:06:11.022,HH,C,3047095408,JASSM,3,117,76,2,2,1,225,9,2,0,1,26,0,0,0,0,-118999.51433717164,-4796389.319410619,4193039.061979771,2.30001,3.00056,-0.130868,-83.375,11.875,11.125,0.0,0.0,0.0,0.0,0.0,0.0,2,0,41.342143662807885,-91.4212298104106,10000.000272110829,-79.98431971031106,-0.0068651260712531,0.0014185579155395,,9260.064158607724,11112.292394974402,150,2,2025-09-09,2025-09-26 15:06:10.908,HH,C,3729044082,HAWK11,1,1,73,2,1,1,225,2,1,0,0,12,1,225,2,1,-131247.20153983062,-4790424.427705611,4199877.378386021,-2.07461,-0.117062,0.0480328,139.125,-13.5,-11.5,0.015625,-8.5625,8.04688,-0.0390625,0.0175781,0.0175781,4,0,41.421893326579394,-91.56938703404086,10939.65427450244,95.4652289188517,2.023350390690088,12.775399076704998,218.391,9260.064158607724,11112.292394974402,150,False,8.212079153154507,False,176.197399696285,154.432001028478,False,29.366587939138437,True,False
2,1970-07-23 09:45:03.730690999,2025-09-09,2025-09-26 15:06:13.069,HH,C,3049602354,JASSM,3,117,76,2,2,1,225,9,2,0,1,26,0,0,0,0,-119175.01043092164,-4796364.408277807,4193062.415495396,2.30001,3.00056,-0.130868,-83.375,11.875,11.125,0.0,0.0,0.0,0.0,0.0,0.0,2,0,41.34242361056395,-91.42333231550327,9999.999386795194,-79.98570853235762,-0.0052619822779391,0.0014173882621428,,9260.064158607724,11112.292394974402,150,2,2025-09-09,2025-09-26 15:06:13.003,HH,C,3731549378,HAWK11,1,1,73,2,1,1,225,2,1,0,0,12,1,225,2,1,-130954.59997733062,-4790458.024385299,4199852.091276646,-2.2213,-0.137483,0.0658653,138.625,-17.75,-12.5,0.140625,-7.57812,7.10938,-0.0253906,0.00976562,0.0253906,4,0,41.421570387819386,-91.5658790213226,10947.696041357824,97.00854817085587,2.218444429406353,4.494450963028111,218.489,9260.064158607724,11112.292394974402,150,True,7.986450278686534,False,177.45529438746024,153.58692992886446,False,28.8031285091884,True,False
2,1970-07-23 09:45:03.734664693,2025-09-09,2025-09-26 15:06:13.466,HH,C,3048348200,JASSM,3,117,76,2,2,1,225,9,2,0,1,26,0,0,0,0,-119087.21355592164,-4796376.871168432,4193050.7328782086,2.30001,3.00056,-0.130868,-83.375,11.875,11.125,0.0,0.0,0.0,0.0,0.0,0.0,2,0,41.34228356557464,-91.42228047561116,10000.00012962886,-79.98501373239127,-0.0060639999487304,0.0014179714350321,,9260.064158607724,11112.292394974402,150,2,2025-09-09,2025-09-26 15:06:13.606,HH,C,3732384478,HAWK11,1,1,73,2,1,1,225,2,1,0,0,12,1,225,2,1,-130858.39685233062,-4790470.496064986,4199843.833464146,-2.24316,-0.14103,0.063085,138.375,-18.375,-12.5,0.0,-7.51562,6.9375,-0.0292969,-0.0117188,-0.00976562,4,0,41.42145608181695,-91.56472518069069,10953.977768193745,97.02563477648437,2.4767055428549583,3.255769029562372,218.733,9260.064158607724,11112.292394974402,150,True,7.983686360654657,False,177.53238153610354,153.55892031304822,False,28.664505705028258,True,False
2,1970-07-23 09:45:03.742674431,2025-09-09,2025-09-26 15:06:14.267,HH,C,3050853404,JASSM,3,117,76,2,2,1,225,9,2,0,1,26,0,0,0,0,-119262.59246217164,-4796351.975660619,4193074.0688157086,2.30001,3.00056,-0.130868,-83.375,11.875,11.125,0.0,0.0,0.0,0.0,0.0,0.0,2,0,41.342563299815815,-91.4243815860423,10000.0006506898,-79.98640163705186,-0.0044619277600863,0.0014168099679318,,9260.064158607724,11112.292394974402,150,2,2025-09-09,2025-09-26 15:06:14.310,HH,C,3733179810,HAWK11,1,1,73,2,1,1,225,2,1,0,0,12,1,225,2,1,-130766.20935233062,-4790483.039033736,4199835.382292271,-2.26857,-0.134607,0.0559903,138.25,-19.0,-12.5,-0.078125,-7.45312,6.92188,-0.0371094,0.0,-0.0078125,4,0,41.42133938281892,-91.56361931399924,10960.289545959304,96.47794838619892,2.4741871298938647,1.7544731353140188,218.525,9260.064158607724,11112.292394974402,150,True,7.853688213760069,False,177.5772158725402,153.0708461219496,False,28.994321418210724,True,False
2,1970-07-23 09:45:03.751249386,2025-09-09,2025-09-26 15:06:15.124,HH,C,3052046554,JASSM,3,117,76,2,2,1,225,9,2,0,1,26,0,0,0,0,-119346.11980592164,-4796340.117262182,4193085.181120396,2.30001,3.00056,-0.130868,-83.375,11.875,11.125,0.0,0.0,0.0,0.0,0.0,0.0,2,0,41.3426965109638,-91.4253822842564,9999.999031679565,-79.98706265867531,-0.0036989125665704,0.0014162606522149,,9260.064158607724,11112.292394974402,150,2,2025-09-09,2025-09-26 15:06:15.311,HH,C,3734412576,HAWK11,1,1,73,2,1,1,225,2,1,0,0,12,1,225,2,1,-130621.83044608062,-4790503.443330611,4199822.081511021,-2.27921,-0.144098,0.0611675,138.125,-20.0,-12.25,0.03125,-8.01562,7.5,0.015625,0.00976562,0.00585938,4,0,41.421151630923774,-91.56188712900448,10971.912096219594,97.0625325226393,2.6828794038443617,1.202782282919545,218.354,9260.064158607724,11112.292394974402,150,True,7.743994760780644,False,177.48745123701758,152.63633402698687,False,29.265286772092654,True,False
2,1970-07-23 09:45:03.762356373,2025-09-09,2025-09-26 15:06:16.235,HH,C,3053299194,JASSM,3,117,76,2,2,1,225,9,2,0,1,26,0,0,0,0,-119433.81121217164,-4796327.667066869,4193096.848112584,2.30001,3.00056,-0.130868,-83.375,11.875,11.125,0.0,0.0,0.0,0.0,0.0,0.0,2,0,41.34283636217987,-91.42643287453905,10000.001333378605,-79.98775663891097,-0.0028978574198419,0.0014156756413497,,9260.064158607724,11112.292394974402,150,2,2025-09-09,2025-09-26 15:06:16.106,HH,C,3735366974,HAWK11,1,1,73,2,1,1,225,2,1,0,0,12,1,225,2,1,-130510.84997733062,-4790519.453096236,4199812.763151646,-2.27758,-0.134703,0.0665364,138.25,-20.125,-12.125,-0.0625,-6.8125,6.28125,-0.00195312,0.00195312,-0.0195312,4,0,41.42101146729454,-91.56055554365769,10983.619716746807,96.93483510712684,2.078294249848885,1.256455899158765,218.024,9260.064158607724,11112.292394974402,150,True,7.648740783537489,False,177.4290099610994,152.2473048762115,False,29.67400951487636,True,False
2,1970-07-23 09:45:03.773329513,2025-09-09,2025-09-26 15:06:17.332,HH,C,3054613308,JASSM,3,117,76,2,2,1,225,9,2,0,1,26,0,0,0,0,-119525.80730592164,-4796314.604566869,4193109.085417271,2.30001,3.00056,-0.130868,-83.375,11.875,11.125,0.0,0.0,0.0,0.0,0.0,0.0,2,0,41.34298305872446,-91.42753504246596,10000.000133264928,-79.98848469146756,-0.0020574806668405,0.0014150713745928,,9260.064158607724,11112.292394974402,150,2,2025-09-09,2025-09-26 15:06:17.310,HH,C,3736798574,HAWK11,1,1,73,2,1,1,225,2,1,0,0,12,1,225,2,1,-130345.33825858062,-4790542.979463424,4199798.796354771,-2.30845,-0.13988,0.0679745,138.125,-20.0,-11.875,-0.171875,-7.0,6.60938,0.00390625,-0.00390625,0.0078125,4,0,41.42080401647155,-91.55856979908908,11000.079980085122,97.19492851441548,2.245658114967098,-0.4826697873637624,217.438,9260.064158607724,11112.292394974402,150,True,7.5261378305871425,False,177.33484247647036,151.72533502463935,False,30.299951352017708,False,False
2,1970-07-23 09:45:03.782490225,2025-09-09,2025-09-26 15:06:18.249,HH,C,3055806512,JASSM,3,117,76,2,2,1,225,9,2,0,1,26,0,0,0,0,-119609.33464967164,-4796302.743238744,4193120.196745396,2.30001,3.00056,-0.130868,-83.375,11.875,11.125,0.0,0.0,0.0,0.0,0.0,0.0,2,0,41.34311625325749,-91.42853575440296,10000.00089969332,-79.98914572768265,-0.0012944630052547,0.0014145116296064,,9260.064158607724,11112.292394974402,150,2,2025-09-09,2025-09-26 15:06:18.310,HH,C,3737951806,HAWK11,1,1,73,2,1,1,225,2,1,0,0,12,1,225,2,1,-130210.54528983062,-4790562.827119674,4199787.019011021,-2.21938,-0.149467,0.0777537,137.875,-20.375,-12.25,0.15625,-7.28125,6.92188,0.107422,0.0175781,0.00585938,4,0,41.42062823201324,-91.55695239424392,11014.313074953938,97.97947615808772,2.281608858663091,4.691415050067787,217.169,9260.064158607724,11112.292394974402,150,True,7.422363622975853,False,177.48011154201174,151.27235320095437,False,30.525875071962233,False,False
2,1970-07-23 09:45:03.793533149,2025-09-09,2025-09-26 15:06:19.353,HH,C,3057059404,JASSM,3,117,76,2,2,1,225,9,2,0,1,26,0,0,0,0,-119697.04558717164,-4796290.287184057,4193131.862761021,2.30001,3.00056,-0.130868,-83.375,11.875,11.125,0.0,0.0,0.0,0.0,0.0,0.0,2,0,41.343256101005615,-91.42958659309392,10000.000157195764,-79.98983987781176,-0.0004932298323718,0.0014139324439576,,9260.064158607724,11112.292394974402,150,2,2025-09-09,2025-09-26 15:06:19.222,HH,C,3738667604,HAWK11,1,1,73,2,1,1,225,2,1,0,0,12,1,225,2,1,-130127.55310233062,-4790575.298799361,4199779.560026646,-2.17614,-0.142564,0.0846566,137.875,-20.5,-12.75,-0.109375,-6.42188,5.9375,0.0078125,-0.0214844,-0.00585938,4,0,41.42051709223891,-91.55595648000144,11023.248849424446,98.01188185564176,1.7248547438761497,7.13784155138275,216.765,9260.064158607724,11112.292394974402,150,True,7.34120750879527,False,177.67474937094943,150.91265613641085,False,30.6917695963172,False,False
2,1970-07-23 09:45:03.803308002,2025-09-09,2025-09-26 15:06:20.330,HH,C,3058252478,JASSM,3,117,76,2,2,1,225,9,2,0,1,26,0,0,0,0,-119780.56511842164,-4796278.424879369,4193142.9711594586,2.30001,3.00047,-0.130868,-83.375,11.875,11.125,0.0,0.0,0.0,0.0,0.0,0.0,2,0,41.34338926486284,-91.43058722041243,9999.999311226064,-79.98687333578708,-0.0037903072955844,0.0006966548830532,,9260.064158607724,11112.292394974402,150,2,2025-09-09,2025-09-26 15:06:20.404,HH,C,3740496870,HAWK11,1,1,73,2,1,1,225,2,1,0,0,12,1,225,2,1,-129916.07653983062,-4790606.504854049,4199758.757292271,-2.2283,-0.144578,0.0913677,137.625,-20.625,-14.25,0.015625,-6.5625,6.17188,0.00195312,-0.0351562,0.00195312,4,0,41.42022514618312,-91.55341894600237,11040.725660102878,98.37685686454488,1.5559435646251285,4.17008742913362,216.961,9260.064158607724,11112.292394974402,150,True,7.20196168392645,False,178.2710723801176,150.26901018582825,False,30.7985000957785,False,False
2,1970-07-23 09:45:03.814287421,2025-09-09,2025-09-26 15:06:21.428,HH,C,3059503770,JASSM,3,117,76,2,2,1,225,9,2,0,1,26,0,0,0,0,-119868.16277467164,-4796265.983473119,4193154.620573521,2.30001,3.00047,-0.130772,-83.375,11.875,11.125,0.0,0.0,0.0,0.0,0.0,0.0,2,0,41.34352891146985,-91.4316367111066,9999.999691149467,-79.99166289031186,-0.0066500846019278,0.0006964736317584,,9260.064158607724,11112.292394974402,150,2,2025-09-09,2025-09-26 15:06:21.310,HH,C,3741610334,HAWK11,1,1,73,2,1,1,225,2,1,0,0,12,1,225,2,1,-129788.76013358062,-4790625.448213424,4199744.886198521,-2.23597,-0.136045,0.0977913,137.5,-20.25,-15.5,-0.1875,-6.45312,6.0,-0.00976562,-0.00195312,0.00585938,4,0,41.42003933714317,-91.55189122277932,11048.718971648696,98.32761632499238,0.9489808412488724,3.6833464464936,216.961,9260.064158607724,11112.292394974402,150,True,7.100509884233078,False,178.80744049528653,149.7901512824961,False,30.953251579723634,False,False
2,1970-07-23 09:45:03.833448600,2025-09-09,2025-09-26 15:06:23.344,HH,C,3060697844,JASSM,3,117,76,2,2,1,225,9,2,0,1,26,0,0,0,0,-119951.75261842164,-4796254.110426244,4193165.7367844586,2.30001,3.00047,-0.130772,-83.375,11.875,11.125,0.0,0.0,0.0,0.0,0.0,0.0,2,0,41.34366216367519,-91.43263818940842,10000.001271492094,-79.99232443988001,-0.0058864965496702,0.0006959136584279,,9260.064158607724,11112.292394974402,150,2,2025-09-09,2025-09-26 15:06:23.311,HH,C,3743996332,HAWK11,1,1,73,2,1,1,225,2,1,0,0,12,1,225,2,1,-129513.83825858062,-4790665.125947799,4199712.362761021,-2.27691,-0.134223,0.113035,137.625,-19.625,-17.0,0.0,-6.79688,6.34375,0.0078125,-0.0195312,0.0,4,0,41.41962799855701,-91.54859274969814,11057.409346441504,98.91184262343322,0.2920260549405739,1.3330494658186365,217.034,9260.064158607724,11112.292394974402,150,True,6.932333208027247,False,179.446626672706,148.96142016684874,False,31.46376810181801,False,False
2,1970-07-23 09:45:03.834467034,2025-09-09,2025-09-26 15:06:23.446,HH,C,3061950870,JASSM,3,117,76,2,2,1,225,9,2,0,1,26,0,0,0,0,-120039.47136842164,-4796241.649488744,4193177.400846959,2.30001,3.00047,-0.130772,-83.375,11.875,11.125,0.0,0.0,0.0,0.0,0.0,0.0,2,0,41.34380198861391,-91.43368914037778,10000.00075904772,-79.9930186716469,-0.0050851908752709,0.0006953259818283,,9260.064158607724,11112.292394974402,150,2,2025-09-09,2025-09-26 15:06:23.311,HH,C,3743996332,HAWK11,1,1,73,2,1,1,225,2,1,0,0,12,1,225,2,1,-129513.83825858062,-4790665.125947799,4199712.362761021,-2.27691,-0.134223,0.113035,137.625,-19.625,-17.0,0.0,-6.79688,6.34375,0.0078125,-0.0195312,0.0,4,0,41.41962799855701,-91.54859274969814,11057.409346441504,98.91184262343322,0.2920260549405739,1.3330494658186365,217.034,9260.064158607724,11112.292394974402,150,True,6.891184005601316,False,179.446626672706,148.75479825989032,False,31.67037541768269,False,False
2,1970-07-23 09:45:03.845248384,2025-09-09,2025-09-26 15:06:24.524,HH,C,3063201662,JASSM,3,117,76,2,2,1,225,9,2,0,1,26,0,0,0,0,-120127.03386842164,-4796229.210035619,4193189.043425084,2.30001,3.00047,-0.130772,-83.375,11.875,11.125,0.0,0.0,0.0,0.0,0.0,0.0,2,0,41.343941554362765,-91.4347382240258,10000.00105059936,-79.99371167183685,-0.0042853124934523,0.0006947399590047,,9260.064158607724,11112.292394974402,150,2,2025-09-09,2025-09-26 15:06:24.498,HH,C,3745189332,HAWK11,1,1,73,2,1,1,225,2,1,0,0,12,1,225,2,1,-129376.30310233062,-4790684.711885299,4199695.060026646,-2.29225,-0.131635,0.11687,137.75,-19.25,-17.5,-0.015625,-6.75,6.29688,-0.00390625,0.0,0.0078125,4,0,41.419416785956926,-91.54694272443132,11058.883099478193,98.97861183178112,0.0370108125016741,0.4373012362231908,217.242,9260.064158607724,11112.292394974402,150,True,6.786267410005537,False,179.61574708592673,148.21060121335051,False,32.15854803616788,False,False
2,1970-07-23 09:45:03.855268416,2025-09-09,2025-09-26 15:06:25.526,HH,C,3064454576,JASSM,3,117,76,2,2,1,225,9,2,0,1,26,0,0,0,0,-120214.74480592164,-4796216.748121557,4193200.704557896,2.30001,3.00047,-0.130772,-83.375,11.875,11.125,0.0,0.0,0.0,0.0,0.0,0.0,2,0,41.34408134729141,-91.43578909100096,9999.999495412832,-79.99440585198265,-0.0034840778289621,0.0006941528602015,,9260.064158607724,11112.292394974402,150,2,2025-09-09,2025-09-26 15:06:25.404,HH,C,3746422096,HAWK11,1,1,73,2,1,1,225,2,1,0,0,12,1,225,2,1,-129233.04138358062,-4790704.802705611,4199676.520964146,-2.29273,-0.131731,0.119938,137.875,-19.0,-17.875,0.15625,-6.9375,6.34375,0.0117188,0.0,-0.00390625,4,0,41.41919512109414,-91.54522410868536,11058.545251863556,99.11447727444852,-0.0747173244874219,0.4104321748480236,217.609,9260.064158607724,11112.292394974402,150,True,6.679210667992318,False,179.66977869515887,147.63517188166034,False,32.68768559872007,False,False
2,1970-07-23 09:45:03.870648807,2025-09-09,2025-09-26 15:06:27.064,HH,C,3065706776,JASSM,3,117,76,2,2,1,225,9,2,0,1,26,0,0,0,0,-120302.40496217164,-4796204.293043432,4193212.358854771,2.30001,3.00047,-0.130772,-83.375,11.875,11.125,0.0,0.0,0.0,0.0,0.0,0.0,2,0,41.34422105137638,-91.43683935416894,10000.000920571692,-79.99509963519772,-0.0026833066920081,0.0006935644974048,,9260.064158607724,11112.292394974402,150,2,2025-09-09,2025-09-26 15:06:27.106,HH,C,3748410428,HAWK11,1,1,73,2,1,1,225,2,1,0,0,12,1,225,2,1,-129004.13122733062,-4790736.640596236,4199646.356901646,-2.26511,-0.133552,0.125403,138.125,-19.0,-18.5,-0.109375,-6.90625,6.40625,0.0253906,-0.00585938,0.0,4,0,41.41883879923584,-91.54247813463849,11056.2031531889,99.4188002224655,-0.2039990062977346,2.0044695308678344,218.256,9260.064158607724,11112.292394974402,150,True,6.533582010919467,False,179.7265711353421,146.81642648176688,False,33.329772192043556,False,False
2,1970-07-23 09:45:03.876449654,2025-09-09,2025-09-26 15:06:27.644,HH,C,3066959658,JASSM,3,117,76,2,2,1,225,9,2,0,1,26,0,0,0,0,-120390.11199342164,-4796191.830152807,4193224.0180344586,2.30001,3.00047,-0.130772,-83.375,11.875,11.125,0.0,0.0,0.0,0.0,0.0,0.0,2,0,41.34436081830382,-91.4378901837879,10000.000683298314,-79.99579379453154,-0.0018821075125851,0.0006929781345656,,9260.064158607724,11112.292394974402,150,2,2025-09-09,2025-09-26 15:06:27.700,HH,C,3749086460,HAWK11,1,1,73,2,1,1,225,2,1,0,0,12,1,225,2,1,-128925.04919608062,-4790747.627900924,4199635.702604771,-2.25668,-0.134127,0.124348,138.125,-19.0,-18.875,-0.046875,-7.07812,6.51562,0.015625,0.00195312,0.00585938,4,0,41.41871417946697,-91.5415294883388,11054.864786733106,99.39616643092924,-0.1386278645704632,2.4920373232838178,218.427,9260.064158607724,11112.292394974402,150,True,6.4573021369065655,False,179.67187963270771,146.37123093549815,False,33.65814270154565,False,False
2,1970-07-23 09:45:03.887847616,2025-09-09,2025-09-26 15:06:28.784,HH,C,3068094278,JASSM,3,117,76,2,2,1,225,9,2,0,1,26,0,0,0,0,-120469.54168092164,-4796180.542066869,4193234.5766282086,2.30001,3.00047,-0.130772,-83.375,11.875,11.125,0.0,0.0,0.0,0.0,0.0,0.0,2,0,41.344487392955,-91.43884184574053,10000.000062917685,-79.99642244713839,-0.001156520021201,0.0006924407965685,,9260.064158607724,11112.292394974402,150,2,2025-09-09,2025-09-26 15:06:29.106,HH,C,3750796426,HAWK11,1,1,73,2,1,1,225,2,1,0,0,12,1,225,2,1,-128726.69372733062,-4790775.718721236,4199608.376432896,-2.25572,-0.14314,0.125882,138.375,-19.875,-19.25,-0.28125,-7.96875,7.35938,-0.0175781,0.00585938,-0.00585938,4,0,41.41839433534589,-91.53914991521036,11051.523048522717,99.80486505946445,0.186368461031724,2.611567437061563,219.442,9260.064158607724,11112.292394974402,150,True,6.330865615502766,False,179.67777140108169,145.60864944861942,False,34.10486474581171,False,False
2,1970-07-23 09:45:03.895267475,2025-09-09,2025-09-26 15:06:29.526,HH,C,3069227406,JASSM,3,117,76,2,2,1,225,9,2,0,1,26,0,0,0,0,-120548.86589967164,-4796169.268629369,4193245.120573521,2.30001,3.00037,-0.130772,-83.375,11.875,11.125,0.0,0.0,0.0,0.0,0.0,0.0,2,0,41.34461378945649,-91.4397922478326,10000.00059905762,-79.99342264627715,-0.0044919259770827,-2.4334415625511974e-05,,9260.064158607724,11112.292394974402,150,2,2025-09-09,2025-09-26 15:06:29.404,HH,C,3751154324,HAWK11,1,1,73,2,1,1,225,2,1,0,0,12,1,225,2,1,-128686.31872733062,-4790781.718721236,4199602.739714146,-2.26742,-0.149371,0.124828,138.25,-20.375,-18.875,-0.03125,-7.89062,7.21875,-0.0449219,0.00195312,0.0117188,4,0,41.41832704344387,-91.53866546835944,11051.377612115377,99.9966777437912,0.4908418244262716,1.9871588733658472,219.307,9260.064158607724,11112.292394974402,150,True,6.276699355051724,False,179.67795345416243,145.27082716105434,False,34.42594303353245,False,False
2,1970-07-23 09:45:03.905250920,2025-09-09,2025-09-26 15:06:30.525,HH,C,3070361950,JASSM,3,117,76,2,2,1,225,9,2,0,1,26,0,0,0,0,-120628.29168092164,-4796157.980543432,4193255.676237584,2.30001,3.00037,-0.130772,-83.375,11.875,11.125,0.0,0.0,0.0,0.0,0.0,0.0,2,0,41.34474032916384,-91.44074387051567,10000.000106959957,-79.99405127607707,-0.0037663763021266,-2.4812918084556535e-05,,9260.064158607724,11112.292394974402,150,2,2025-09-09,2025-09-26 15:06:30.404,HH,C,3752426856,HAWK11,1,1,73,2,1,1,225,2,1,0,0,12,1,225,2,1,-128538.07263358062,-4790804.197236861,4199582.784636021,-2.2841,-0.159246,0.123294,138.125,-21.25,-18.5,-0.25,-7.875,7.26562,0.0117188,0.0,-0.00976562,4,0,41.4180822848327,-91.53688657521104,11053.56246992674,100.30772584014989,0.9685840064287942,1.1053101793613895,219.307,9260.064158607724,11112.292394974402,150,True,6.174128188295828,False,179.36521653987654,144.61311759152096,False,34.9769410677847,False,False
2,1970-07-23 09:45:03.914268048,2025-09-09,2025-09-26 15:06:31.426,HH,C,3071495242,JASSM,3,117,76,2,2,1,225,9,2,0,1,26,0,0,0,0,-120707.62761842164,-4796146.704176244,4193266.220182896,2.30001,3.00037,-0.130772,-83.375,11.875,11.125,0.0,0.0,0.0,0.0,0.0,0.0,2,0,41.34486672561248,-91.44169442074907,10000.00086610093,-79.99467919901117,-0.0030416457830299,-2.529842671083144e-05,,9260.064158607724,11112.292394974402,150,2,2025-09-09,2025-09-26 15:06:31.404,HH,C,3753301722,HAWK11,1,1,73,2,1,1,225,2,1,0,0,12,1,225,2,1,-128436.79138358062,-4790820.260713424,4199569.274870396,-2.17451,-0.167875,0.123294,138.0,-22.25,-18.25,0.125,-7.84375,7.15625,0.351562,0.015625,0.0332031,4,0,41.41791168111393,-91.53567102281174,11057.066833337563,100.63694414585952,1.33407595971852,7.451386294682409,219.539,9260.064158607724,11112.292394974402,150,True,6.0932483624019165,False,178.95233455206258,144.0763588374964,False,35.34064638402642,False,False
2,1970-07-23 09:45:03.923447147,2025-09-09,2025-09-26 15:06:32.344,HH,C,3072626718,JASSM,3,117,76,2,2,1,225,9,2,0,1,26,0,0,0,0,-120786.83464967164,-4796135.444410619,4193276.746550084,2.30001,3.00037,-0.130676,-83.375,11.875,11.125,0.0,0.0,0.0,0.0,0.0,0.0,2,0,41.34499291606664,-91.44264343069813,9999.999766739984,-79.99940235101387,-0.0059781184735477,-2.5493589631259035e-05,,9260.064158607724,11112.292394974402,150,2,2025-09-09,2025-09-26 15:06:32.310,HH,C,3754614022,HAWK11,1,1,73,2,1,1,225,2,1,0,0,12,1,225,2,1,-128286.06091483062,-4790846.561494674,4199548.520964146,-1.73647,-0.216195,0.152056,136.875,-26.25,-20.625,-0.1875,-9.46875,8.6875,0.273438,0.0253906,0.0273438,4,0,41.41763913406811,-91.5338612394298,11066.774713920013,103.70362791277016,2.2562813300132363,33.025807069050416,219.405,9260.064158607724,11112.292394974402,150,False,5.9901432248625515,False,177.13366205182228,143.37971271259153,False,34.23547040269403,False,False
2,1970-07-23 09:45:03.934468585,2025-09-09,2025-09-26 15:06:33.446,HH,C,3073819698,JASSM,3,117,76,2,2,1,225,9,2,0,1,26,0,0,0,0,-120870.35027467164,-4796123.572340307,4193287.8442063336,2.30001,3.00037,-0.130676,-83.375,11.875,11.125,0.0,0.0,0.0,0.0,0.0,0.0,2,0,41.3451259524073,-91.44364406748032,9999.999854075922,-80.00006336389686,-0.0052152068033727,-2.605676232018853e-05,,9260.064158607724,11112.292394974402,150,2,2025-09-09,2025-09-26 15:06:33.498,HH,C,3755846786,HAWK11,1,1,73,2,1,1,225,2,1,0,0,12,1,225,2,1,-128145.68200858062,-4790876.302705611,4199524.319792271,-1.62516,-0.257996,0.197692,134.5,-31.25,-26.375,-0.125,-9.32812,8.59375,0.03125,0.0371094,0.0625,4,0,41.41732117218378,-91.53217408266931,11078.155419621926,107.22825542445662,2.212208641922938,39.957674003857605,218.599,9260.064158607724,11112.292394974402,150,False,5.887810530116897,False,174.09066179339285,142.70210763370912,False,31.679661656829175,False,False
2,1970-07-23 09:45:03.943266950,2025-09-09,2025-09-26 15:06:34.326,HH,C,3074895246,JASSM,3,117,76,2,2,1,225,9,2,0,1,26,0,0,0,0,-120945.64324342164,-4796112.868238744,4193297.849089146,2.30001,3.00037,-0.130676,-83.375,11.875,11.125,0.0,0.0,0.0,0.0,0.0,0.0,2,0,41.34524588750053,-91.44454618883216,10000.000571839044,-80.00065929975321,-0.004527407776775,-2.6568858967582067e-05,,9260.064158607724,11112.292394974402,150,2,2025-09-09,2025-09-26 15:06:34.404,HH,C,3757119318,HAWK11,1,1,73,2,1,1,225,2,1,0,0,12,1,225,2,1,-128004.02185233062,-4790912.252900924,4199493.306120396,-1.62707,-0.309768,0.251956,131.25,-36.375,-32.25,-0.265625,-9.0625,8.34375,-0.0332031,0.0253906,0.0292969,4,0,41.4169204638973,-91.5304696497677,11089.94787500656,111.47799262800665,2.172765749630152,40.67214595518334,218.464,9260.064158607724,11112.292394974402,150,False,5.785668431519428,False,170.7107861388409,142.05518479809774,False,28.905076547670298,True,False
2,1970-07-23 09:45:03.952428775,2025-09-09,2025-09-26 15:06:35.242,HH,C,3076026628,JASSM,3,117,76,2,2,1,225,9,2,0,1,26,0,0,0,0,-121024.84636842164,-4796101.607496557,4193308.372526646,2.30001,3.00037,-0.130676,-83.375,11.875,11.125,0.0,0.0,0.0,0.0,0.0,0.0,2,0,41.34537204102706,-91.44549516344924,10000.00052204934,-80.00128618812731,-0.0038038898666941,-2.7105060420482452e-05,,9260.064158607724,11112.292394974402,150,2,2025-09-09,2025-09-26 15:06:35.310,HH,C,3758312318,HAWK11,1,1,73,2,1,1,225,2,1,0,0,12,1,225,2,1,-127874.67810233062,-4790950.769502486,4199457.794401646,-1.71317,-0.349748,0.297592,128.0,-40.5,-37.75,-0.09375,-8.82812,8.125,-0.0800781,0.0273438,0.0449219,4,0,41.41647214570389,-91.52891161030826,11099.109919825136,114.892375687461,1.9279159918573436,36.483246294071726,218.049,9260.064158607724,11112.292394974402,150,False,5.684825453664128,False,167.65292799161793,141.44056879300646,False,26.41146773014287,True,False
2,1970-07-23 09:45:03.961227581,2025-09-09,2025-09-26 15:06:36.122,HH,C,3077100412,JASSM,3,117,76,2,2,1,225,9,2,0,1,26,0,0,0,0,-121100.01824342164,-4796090.919996557,4193318.358854771,2.30001,3.00037,-0.130676,-83.375,11.875,11.125,0.0,0.0,0.0,0.0,0.0,0.0,2,0,41.34549175574462,-91.44639584088232,10000.000573770132,-80.00188117305603,-0.0031171991776409,-2.760345262364344e-05,,9260.064158607724,11112.292394974402,150,2,2025-09-09,2025-09-26 15:06:36.203,HH,C,3759306482,HAWK11,1,1,73,2,1,1,225,2,1,0,0,12,1,225,2,1,-127768.40075858062,-4790986.245088424,4199423.962370396,-1.78249,-0.380619,0.329231,125.25,-43.875,-41.75,-0.0625,-8.71875,8.125,-0.0546875,0.0214844,0.0410156,4,0,41.41604957932583,-91.52763021959058,11105.960874523222,117.36617917742387,1.8390873398568048,33.13846356656989,217.914,9260.064158607724,11112.292394974402,150,False,5.595682752319285,False,165.23679526550177,140.9045873389904,False,24.53395040766035,True,False
2,1970-07-23 09:45:03.971266093,2025-09-09,2025-09-26 15:06:37.126,HH,C,3078235138,JASSM,3,117,76,2,2,1,225,9,2,0,1,26,0,0,0,0,-121179.45183717164,-4796079.624098119,4193328.9125657086,2.30001,3.00037,-0.130676,-83.375,11.875,11.125,0.0,0.0,0.0,0.0,0.0,0.0,2,0,41.34561827289407,-91.44734758475347,10000.000425886004,-80.00250989386802,-0.0023915733849021,-2.8152729728570272e-05,,9260.064158607724,11112.292394974402,150,2,2025-09-09,2025-09-26 15:06:37.108,HH,C,3760260882,HAWK11,1,1,73,2,1,1,225,2,1,0,0,12,1,225,2,1,-127670.09607108062,-4791022.514619674,4199388.833464146,-1.85803,-0.404108,0.343228,122.75,-46.875,-45.125,-0.03125,-8.60938,7.92188,-0.105469,0.0234375,0.0332031,4,0,41.41561225756808,-91.52644387074706,11112.479469299846,118.83621042102445,2.1581961738426823,29.305186421278577,217.548,9260.064158607724,11112.292394974402,150,False,5.507338494235843,False,163.1152911351055,140.3756647540843,False,22.958745920587262,True,False
2,1970-07-23 09:45:03.980285631,2025-09-09,2025-09-26 15:06:38.028,HH,C,3079308880,JASSM,3,117,76,2,2,1,225,9,2,0,1,26,0,0,0,0,-121254.61980592164,-4796068.935621557,4193338.897917271,2.30001,3.00037,-0.130676,-83.375,11.875,11.125,0.0,0.0,0.0,0.0,0.0,0.0,2,0,41.345737972902896,-91.44824822263077,10000.001906615613,-80.00310485558404,-0.0017049170233143,-2.8656901636382077e-05,,9260.064158607724,11112.292394974402,150,2,2025-09-09,2025-09-26 15:06:38.003,HH,C,3761334580,HAWK11,1,1,73,2,1,1,225,2,1,0,0,12,1,225,2,1,-127559.88513358062,-4791066.636689986,4199346.270964146,-2.0865,-0.424721,0.358568,120.5,-50.125,-47.375,-0.0625,-8.4375,7.8125,-0.373047,-0.00195312,0.0136719,4,0,41.41507991232263,-91.52511275532969,11121.405148554151,120.24645621761944,2.29772166268392,16.67578679331795,217.242,9260.064158607724,11112.292394974402,150,False,5.412710862023046,False,161.257861222147,139.8308548863531,False,21.75439305501707,True,False
2,1970-07-23 09:45:03.989228026,2025-09-09,2025-09-26 15:06:38.922,HH,C,3080442998,JASSM,3,117,76,2,2,1,225,9,2,0,1,26,0,0,0,0,-121334.01433717164,-4796057.644605932,4193349.4438157086,2.30001,3.00027,-0.130676,-83.375,11.875,11.125,0.0,0.0,0.0,0.0,0.0,0.0,2,0,41.345864398797005,-91.44919950583817,10000.00096016818,-80.00009653130793,-0.0050497850662499,-0.0007467266188228,,9260.064158607724,11112.292394974402,150,2,2025-09-09,2025-09-26 15:06:38.904,HH,C,3762567346,HAWK11,1,1,73,2,1,1,225,2,1,0,0,12,1,225,2,1,-127435.77575858062,-4791119.455049361,4199297.173307896,-2.40653,-0.423475,0.381194,119.625,-51.125,-47.875,0.078125,-6.03125,5.53125,-0.181641,-0.0410156,-0.00195312,4,0,41.41445389658657,-91.52361280792954,11136.635751779086,121.09667804591908,1.316869007835778,-1.6593861122309412,217.34,9260.064158607724,11112.292394974402,150,True,5.307672490594911,False,160.6941860029283,139.22457055231075,False,21.850163856711383,True,False
2,1970-07-23 09:45:04.001847442,2025-09-09,2025-09-26 15:06:40.184,HH,C,3081695620,JASSM,3,117,76,2,2,1,225,9,2,0,1,26,0,0,0,0,-121421.70183717164,-4796045.172926244,4193361.091276646,2.30001,3.00027,-0.130676,-83.375,11.875,11.125,0.0,0.0,0.0,0.0,0.0,0.0,2,0,41.34600402882703,-91.45025015775803,10000.000681764444,-80.00079059585822,-0.0042487606971023,-0.0007472746591413,,9260.064158607724,11112.292394974402,150,2,2025-09-09,2025-09-26 15:06:40.108,HH,C,3763760344,HAWK11,1,1,73,2,1,1,225,2,1,0,0,12,1,225,2,1,-127316.19372733062,-4791169.822236861,4199247.653776646,-2.46175,-0.388768,0.383879,119.875,-49.25,-49.5,0.0,-5.10938,4.73438,-0.0332031,-0.0351562,-0.0117188,4,0,41.4138388854485,-91.52216777244304,11145.228345563342,119.88112630162443,-0.0773194116633701,-5.578929447170964,217.438,9260.064158607724,11112.292394974402,150,True,5.20189806093645,False,160.81234880742986,138.57790657965995,False,22.390334338985777,True,False
2,1970-07-23 09:45:04.010265817,2025-09-09,2025-09-26 15:06:41.026,HH,C,3082888720,JASSM,3,117,76,2,2,1,225,9,2,0,1,26,0,0,0,0,-121505.22527467164,-4796033.293043432,4193372.185026646,2.30001,3.00027,-0.130676,-83.375,11.875,11.125,0.0,0.0,0.0,0.0,0.0,0.0,2,0,41.34613701787264,-91.45125092112768,10000.001808670906,-80.00145170564204,-0.0034857751503888,-0.0007477952655123,,9260.064158607724,11112.292394974402,150,2,2025-09-09,2025-09-26 15:06:41.002,HH,C,3764913576,HAWK11,1,1,73,2,1,1,225,2,1,0,0,12,1,225,2,1,-127200.88513358062,-4791215.647432174,4199200.186979771,-2.47163,-0.387618,0.385317,120.375,-47.125,-50.125,-0.078125,-6.51562,5.89062,0.03125,-0.00195312,0.00585938,4,0,41.41326406356457,-91.52077527427726,11147.393195069646,119.89629591614828,-0.1777145185817062,-6.169456277298868,217.719,9260.064158607724,11112.292394974402,150,True,5.101860848018116,False,161.25974302088386,137.9265477736595,False,23.378142358191536,True,False
2,1970-07-23 09:45:04.020426379,2025-09-09,2025-09-26 15:06:42.042,HH,C,3084139344,JASSM,3,117,76,2,2,1,225,9,2,0,1,26,0,0,0,0,-121592.77605592164,-4796020.838941869,4193383.811979771,2.30001,3.00027,-0.130676,-83.375,11.875,11.125,0.0,0.0,0.0,0.0,0.0,0.0,2,0,41.34627640673674,-91.45229994422596,9999.999829934255,-80.00214469794749,-0.002686000153162,-0.0007483376146521,,9260.064158607724,11112.292394974402,150,2,2025-09-09,2025-09-26 15:06:42.200,HH,C,3766464476,HAWK11,1,1,73,2,1,1,225,2,1,0,0,12,1,225,2,1,-127043.78747733062,-4791276.073213424,4199134.563932896,-2.42551,-0.374579,0.389535,121.0,-45.75,-50.5,-0.03125,-6.53125,5.84375,0.0253906,-0.00195312,0.00390625,4,0,41.412486398624765,-91.51887879584372,11143.35090403385,119.57583325728352,-0.8344036746787277,-3.806632053501655,218.049,9260.064158607724,11112.292394974402,150,True,4.977484756497515,False,161.59988461198785,137.10875166765632,False,24.500142761259315,True,False
2,1970-07-23 09:45:04.030466894,2025-09-09,2025-09-26 15:06:43.046,HH,C,3085333264,JASSM,3,117,76,2,2,1,225,9,2,0,1,26,0,0,0,0,-121676.35418092164,-4796008.949293432,4193394.910612584,2.30001,3.00027,-0.13058,-83.375,11.875,11.125,0.0,0.0,0.0,0.0,0.0,0.0,2,0,41.3464094607378,-91.45330137180076,9999.998525000956,-80.0069024488926,-0.0055825943408433,-0.0007485859260988,,9260.064158607724,11112.292394974402,150,2,2025-09-09,2025-09-26 15:06:43.107,HH,C,3767577940,HAWK11,1,1,73,2,1,1,225,2,1,0,0,12,1,225,2,1,-126929.84997733062,-4791318.784150924,4199086.890104771,-2.39349,-0.373333,0.389823,121.25,-45.25,-50.625,0.078125,-7.14062,6.29688,0.0273438,0.00585938,0.00585938,4,0,41.41192845512536,-91.51750372602692,11137.51712320728,119.54152708045348,-0.8915010415703666,-1.998481422026772,218.354,9260.064158607724,11112.292394974402,150,True,4.8802697576436005,False,161.7273132846291,136.39832023018275,False,25.331809229281834,True,False
2,1970-07-23 09:45:04.040690911,2025-09-09,2025-09-26 15:06:44.069,HH,C,3086470870,JASSM,3,117,76,2,2,1,225,9,2,0,1,26,0,0,0,0,-121755.99480592164,-4795997.620191869,4193405.485807896,2.30001,3.00027,-0.13058,-83.375,11.875,11.125,0.0,0.0,0.0,0.0,0.0,0.0,2,0,41.346536232020895,-91.45425562418087,10000.000525389023,-80.00753283827592,-0.0048550797793047,-0.0007491240497826,,9260.064158607724,11112.292394974402,150,2,2025-09-09,2025-09-26 15:06:43.810,HH,C,3768293740,HAWK11,1,1,73,2,1,1,225,2,1,0,0,12,1,225,2,1,-126857.02966483062,-4791345.918916549,4199056.337370396,-2.37182,-0.372182,0.389631,121.375,-45.125,-50.75,-0.09375,-7.14062,6.35938,0.0332031,0.00390625,0.0,4,0,41.41157225828278,-91.51662494788954,11133.212056913677,119.4911394948303,-0.925987230246094,-0.7812478213664976,218.489,9260.064158607724,11112.292394974402,150,True,4.8082506394437505,False,161.74481103677013,135.8097645304224,False,25.936442108131516,True,False
2,1970-07-23 09:45:04.050305224,2025-09-09,2025-09-26 15:06:45.030,HH,C,3087718484,JASSM,3,117,76,2,2,1,225,9,2,0,1,26,0,0,0,0,-121843.33074342164,-4795985.193434057,4193417.083464146,2.30001,3.00027,-0.13058,-83.375,11.875,11.125,0.0,0.0,0.0,0.0,0.0,0.0,2,0,41.34667526547175,-91.45530208679976,10000.000636393022,-80.00822414456294,-0.0040572643301553,-0.0007497356170286,,9260.064158607724,11112.292394974402,150,2,2025-09-09,2025-09-26 15:06:45.002,HH,C,3769765106,HAWK11,1,1,73,2,1,1,225,2,1,0,0,12,1,225,2,1,-126708.02185233062,-4791401.237275924,4198993.892057896,-2.23616,-0.387138,0.390877,121.25,-45.625,-50.875,0.28125,-8.09375,7.1875,0.40625,0.03125,0.0273438,4,0,41.41084508983258,-91.51482685105594,11124.065839846371,120.10567433837404,-0.4174838302513293,7.310427362077181,218.794,9260.064158607724,11112.292394974402,150,True,4.691783848864994,False,161.57326792441287,134.9100209583444,False,26.66741876002322,True,False
2,1970-07-23 09:45:04.061051245,2025-09-09,2025-09-26 15:06:46.105,HH,C,3088912060,JASSM,3,117,76,2,2,1,225,9,2,0,1,26,0,0,0,0,-121926.88933717164,-4795973.304762182,4193428.177214146,2.30001,3.00027,-0.13058,-83.375,11.875,11.125,0.0,0.0,0.0,0.0,0.0,0.0,2,0,41.34680825749842,-91.4563032931172,10000.00108982002,-80.008885555765,-0.0032939584789623,-0.0007503018000156,,9260.064158607724,11112.292394974402,150,2,2025-09-09,2025-09-26 15:06:46.000,HH,C,3770958104,HAWK11,1,1,73,2,1,1,225,2,1,0,0,12,1,225,2,1,-126587.83435233062,-4791448.347627486,4198942.659636021,-1.80588,-0.432678,0.399698,119.0,-48.875,-52.5,-0.1875,-9.39062,8.39062,0.392578,0.0292969,0.0273438,4,0,41.41023788289798,-91.51337577425662,11120.950679262452,122.1884087365959,0.8953782695086885,32.977387819654815,218.635,9260.064158607724,11112.292394974402,150,False,4.592674968403082,False,159.92488893006566,134.09466957339336,False,25.870364454788934,True,False
2,1970-07-23 09:45:04.070225185,2025-09-09,2025-09-26 15:06:47.022,HH,C,3090045514,JASSM,3,117,76,2,2,1,225,9,2,0,1,26,0,0,0,0,-122006.23699342164,-4795962.013746557,4193438.7113938336,2.30001,3.00027,-0.13058,-83.375,11.875,11.125,0.0,0.0,0.0,0.0,0.0,0.0,2,0,41.34693454470054,-91.4572540478353,10000.000251302736,-80.00951363954117,-0.0025691181986853,-0.000750844656664,,9260.064158607724,11112.292394974402,150,2,2025-09-09,2025-09-26 15:06:47.200,HH,C,3772429470,HAWK11,1,1,73,2,1,1,225,2,1,0,0,12,1,225,2,1,-126442.86169608062,-4791512.520479049,4198874.257292271,-1.73915,-0.510144,0.464413,113.0,-55.0,-58.0,-0.15625,-10.125,9.14062,-0.00195312,0.0449219,0.0625,4,0,41.40941713531775,-91.51162317382612,11120.946502885565,127.66596027769477,0.8957499008233366,38.74666682985507,218.122,9260.064158607724,11112.292394974402,150,False,4.4779594398889,False,155.74257105768956,133.20890819543175,False,22.643436314404585,True,False
2,1970-07-23 09:45:04.079264654,2025-09-09,2025-09-26 15:06:47.926,HH,C,3091180182,JASSM,3,117,76,2,2,1,225,9,2,0,1,26,0,0,0,0,-122085.66668092164,-4795950.710035619,4193449.2563157086,2.30001,3.00027,-0.13058,-83.375,11.875,11.125,0.0,0.0,0.0,0.0,0.0,0.0,2,0,41.347060959667054,-91.45820578945371,9999.999933498064,-80.01014237686181,-0.0018435274694133,-0.000751393001959,,9260.064158607724,11112.292394974402,150,2,2025-09-09,2025-09-26 15:06:47.810,HH,C,3773224802,HAWK11,1,1,73,2,1,1,225,2,1,0,0,12,1,225,2,1,-126369.72888358062,-4791549.660127486,4198835.335417271,-1.76082,-0.547631,0.488381,109.5,-58.25,-60.75,0.0,-10.2031,9.0625,-0.0292969,0.0449219,0.03125,4,0,41.40894492267488,-91.51073757256668,11123.094000186493,130.00790318658548,1.1163582876360565,38.53148925446781,218.195,9260.064158607724,11112.292394974402,150,False,4.402905478304596,False,153.47521572781952,132.56137368337593,False,21.084640664601707,True,False
2,1970-07-23 09:45:04.088427469,2025-09-09,2025-09-26 15:06:48.842,HH,C,3092313774,JASSM,3,117,76,2,2,1,225,9,2,0,1,26,0,0,0,0,-122165.02605592164,-4795939.417066869,4193459.790495396,2.30001,3.00018,-0.13058,-83.375,11.875,11.125,0.0,0.0,0.0,0.0,0.0,0.0,2,0,41.34718724098159,-91.4591566920272,10000.001734751757,-80.00714274497118,-0.0051786222314069,-0.0014671674944735,,9260.064158607724,11112.292394974402,150,2,2025-09-09,2025-09-26 15:06:48.700,HH,C,3774218968,HAWK11,1,1,73,2,1,1,225,2,1,0,0,12,1,225,2,1,-126279.40466483062,-4791600.457979049,4198782.149870396,-1.83445,-0.585405,0.501708,104.75,-61.875,-64.375,0.0,-9.59375,8.67188,-0.0859375,0.0292969,0.0429688,4,0,41.40829785722971,-91.50964225823095,11126.775514344305,131.95839849676037,1.7582381312326665,35.39001859189922,217.205,9260.064158607724,11112.292394974402,150,False,4.314562569634334,False,150.5790262304936,131.85844438774825,False,18.956652459398512,True,False
2,1970-07-23 09:45:04.099485199,2025-09-09,2025-09-26 15:06:49.948,HH,C,3093506350,JASSM,3,117,76,2,2,1,225,9,2,0,1,26,0,0,0,0,-122248.51043092164,-4795927.534254369,4193470.871550084,2.30001,3.00018,-0.13058,-83.375,11.875,11.125,0.0,0.0,0.0,0.0,0.0,0.0,2,0,41.34732009010959,-91.46015702614724,9999.998765684297,-80.00780358668895,-0.0044159918280673,-0.0014676931779554,,9260.064158607724,11112.292394974402,150,2,2025-09-09,2025-09-26 15:06:50.003,HH,C,3775531266,HAWK11,1,1,73,2,1,1,225,2,1,0,0,12,1,225,2,1,-126167.31872733062,-4791670.463838424,4198708.929167271,-1.9495,-0.625768,0.543413,99.5,-65.25,-68.125,-0.015625,-8.03125,7.04688,-0.09375,0.00390625,0.0390625,4,0,41.407404672012525,-91.5082808889864,11132.827407545425,135.02012906912876,1.1579381446220336,30.03077557668489,216.558,9260.064158607724,11112.292394974402,150,False,4.206574441235707,False,147.5500177298911,131.06651406484931,False,16.78397126002955,True,False
2,1970-07-23 09:45:04.108287915,2025-09-09,2025-09-26 15:06:50.828,HH,C,3094639744,JASSM,3,117,76,2,2,1,225,9,2,0,1,26,0,0,0,0,-122327.85418092164,-4795916.241285619,4193481.402800084,2.30001,3.00018,-0.13058,-83.375,11.875,11.125,0.0,0.0,0.0,0.0,0.0,0.0,2,0,41.34744633787192,-91.46110774971297,10000.000122552274,-80.00843165625369,-0.003691186938238,-0.0014681885363874,,9260.064158607724,11112.292394974402,150,2,2025-09-09,2025-09-26 15:06:50.606,HH,C,3776525432,HAWK11,1,1,73,2,1,1,225,2,1,0,0,12,1,225,2,1,-126086.41247733062,-4791724.861299361,4198651.298307896,-2.06014,-0.643313,0.554151,96.375,-66.75,-70.25,-0.234375,-8.04688,6.85938,-0.152344,0.00976562,0.00585938,4,0,41.40670468688563,-91.50729702908944,11136.34305564986,136.07560217368172,1.2021396109825997,24.23782787259083,216.252,9260.064158607724,11112.292394974402,150,False,4.119476945452828,False,145.8628413444382,130.38100225993253,False,15.794482598445892,True,False
2,1970-07-23 09:45:04.118424107,2025-09-09,2025-09-26 15:06:51.842,HH,C,3095831442,JASSM,3,117,76,2,2,1,225,9,2,0,1,26,0,0,0,0,-122411.27605592164,-4795904.366285619,4193492.4750657086,2.30001,3.00018,-0.13058,-83.375,11.875,11.125,0.0,0.0,0.0,0.0,0.0,0.0,2,0,41.34757907370222,-91.4621073431935,10000.000655972795,-80.0090920120956,-0.0029291267242735,-0.0014687167779388,,9260.064158607724,11112.292394974402,150,2,2025-09-09,2025-09-26 15:06:52.106,HH,C,3778076330,HAWK11,1,1,73,2,1,1,225,2,1,0,0,12,1,225,2,1,-125963.87341483062,-4791812.279268111,4198557.694792271,-2.29752,-0.662009,0.578311,92.875,-68.125,-72.25,-0.09375,-7.54688,6.23438,-0.166016,-0.00195312,0.0078125,4,0,41.40557192937878,-91.505805355014,11140.343323900315,137.63593266542472,0.653796486872496,11.23674607228116,215.226,9260.064158607724,11112.292394974402,150,False,3.9976957768170376,False,144.1014950521044,129.53957274504975,False,14.892365357388519,True,False
2,1970-07-23 09:45:04.128466547,2025-09-09,2025-09-26 15:06:52.846,HH,C,3097026572,JASSM,3,117,76,2,2,1,225,9,2,0,1,26,0,0,0,0,-122494.94011842164,-4795892.456129369,4193503.5785813336,2.30001,3.00018,-0.13058,-83.375,11.875,11.125,0.0,0.0,0.0,0.0,0.0,0.0,2,0,41.34771218416823,-91.46310984294456,10000.001299523436,-80.00975428964387,-0.0021648543340025,-0.0014692445270189,,9260.064158607724,11112.292394974402,150,2,2025-09-09,2025-09-26 15:06:52.745,HH,C,3778473996,HAWK11,1,1,73,2,1,1,225,2,1,0,0,12,1,225,2,1,-125932.40466483062,-4791835.388643111,4198532.940886021,-2.35677,-0.66546,0.580037,92.375,-68.25,-72.5,-0.03125,-7.57812,6.28125,-0.166016,0.00390625,0.00976562,4,0,41.40527226833312,-91.50542208558534,11141.443028293295,137.82785675881513,0.6750810798758228,7.952435905744179,214.847,9260.064158607724,11112.292394974402,150,True,3.944579367950846,False,143.8696731064068,128.93454524395833,False,15.258180326491463,True,False
2,1970-07-23 09:45:04.138245120,2025-09-09,2025-09-26 15:06:53.824,HH,C,3098217396,JASSM,3,117,76,2,2,1,225,9,2,0,1,26,0,0,0,0,-122578.30339967164,-4795880.587965307,4193514.6410813336,2.30001,3.00018,-0.130484,-83.375,11.875,11.125,0.0,0.0,0.0,0.0,0.0,0.0,2,0,41.34784480489595,-91.46410874291512,10000.001238492474,-80.01451034356789,-0.0050634603612307,-0.0014695366870963,,9260.064158607724,11112.292394974402,150,2,2025-09-09,2025-09-26 15:06:53.904,HH,C,3780382794,HAWK11,1,1,73,2,1,1,225,2,1,0,0,12,1,225,2,1,-125786.35388358062,-4791944.603486861,4198415.979948521,-2.53193,-0.66824,0.58924,91.25,-68.375,-72.625,-0.046875,-7.71875,6.39062,-0.0410156,0.00195312,0.0195312,4,0,41.40385581213456,-91.5036427111996,11146.88386128527,138.25232108859964,0.3355893200881844,-1.9918717096913667,213.845,9260.064158607724,11112.292394974402,150,True,3.8032879818299743,False,143.46932569611275,127.9566563497208,False,15.847827633371109,True,False
2,1970-07-23 09:45:04.148284672,2025-09-09,2025-09-26 15:06:54.828,HH,C,3099412328,JASSM,3,117,76,2,2,1,225,9,2,0,1,26,0,0,0,0,-122661.95574342164,-4795868.677809057,4193525.7406907086,2.30001,3.00018,-0.130484,-83.375,11.875,11.125,0.0,0.0,0.0,0.0,0.0,0.0,2,0,41.34797787331251,-91.46511111090624,10000.000124410031,-80.01517253753815,-0.0042992957556624,-0.001470112982117,,9260.064158607724,11112.292394974402,150,2,2025-09-09,2025-09-26 15:06:54.700,HH,C,3781337194,HAWK11,1,1,73,2,1,1,225,2,1,0,0,12,1,225,2,1,-125712.38513358062,-4791999.573213424,4198358.042448521,-2.55417,-0.670637,0.589912,91.25,-68.125,-72.0,-0.0625,-7.65625,5.95312,-0.0273438,0.00585938,-0.0117188,4,0,41.40314923061287,-91.5027416682031,11151.621860814505,138.36729715346289,0.3743183581572162,-3.189190593442642,213.185,9260.064158607724,11112.292394974402,150,True,3.718994932070241,False,143.65109766007507,127.15013285698795,False,16.850363101488448,True,False
2,1970-07-23 09:45:04.158427434,2025-09-09,2025-09-26 15:06:55.842,HH,C,3100605008,JASSM,3,117,76,2,2,1,225,9,2,0,1,26,0,0,0,0,-122745.44793092164,-4795856.790113744,4193536.8188157086,2.30001,3.00018,-0.130484,-83.375,11.875,11.125,0.0,0.0,0.0,0.0,0.0,0.0,2,0,41.34811067870719,-91.4661115639921,10000.00138329664,-80.01583346821553,-0.0035365940405228,-0.0014706885715812,,9260.064158607724,11112.292394974402,150,2,2025-09-09,2025-09-26 15:06:55.810,HH,C,3782689258,HAWK11,1,1,73,2,1,1,225,2,1,0,0,12,1,225,2,1,-125609.04528983062,-4792076.085908736,4198277.038542271,-2.58207,-0.657982,0.580324,91.125,-67.375,-71.25,-0.171875,-7.8125,6.01562,-0.03125,-0.0117188,0.00390625,4,0,41.40216335135674,-91.50148296648332,11157.420336362238,137.554706919457,0.4499048897622124,-5.193987754892767,211.792,9260.064158607724,11112.292394974402,150,True,3.613369155523978,False,143.91879490911649,126.19544059821577,False,18.05847022205491,True,False
2,1970-07-23 09:45:04.168466219,2025-09-09,2025-09-26 15:06:56.846,HH,C,3101796432,JASSM,3,117,76,2,2,1,225,9,2,0,1,26,0,0,0,0,-122828.85418092164,-4795844.913160619,4193547.884245396,2.30001,3.00018,-0.130484,-83.375,11.875,11.125,0.0,0.0,0.0,0.0,0.0,0.0,2,0,41.34824333886442,-91.4671109918397,9999.99987040768,-80.01649372333411,-0.002774677020274,-0.0014712636174662,,9260.064158607724,11112.292394974402,150,2,2025-09-09,2025-09-26 15:06:56.702,HH,C,3783762958,HAWK11,1,1,73,2,1,1,225,2,1,0,0,12,1,225,2,1,-125526.72497733062,-4792136.024385299,4198213.864714146,-2.59904,-0.661913,0.574284,91.375,-66.5,-70.25,-0.171875,-7.84375,6.14062,-0.00195312,-0.00195312,-0.00390625,4,0,41.40139314741416,-91.50048063147212,11162.496981357468,137.49651626524457,0.8407431221352621,-6.04398968405177,210.741,9260.064158607724,11112.292394974402,150,True,3.5254520109274305,False,144.38717676153678,125.2651748432376,False,19.445063504876536,True,False
2,1970-07-23 09:45:04.178650397,2025-09-09,2025-09-26 15:06:57.865,HH,C,3102929828,JASSM,3,117,76,2,2,1,225,9,2,0,1,26,0,0,0,0,-122908.19793092164,-4795833.614332494,4193558.410612584,2.30001,3.00018,-0.130484,-83.375,11.875,11.125,0.0,0.0,0.0,0.0,0.0,0.0,2,0,41.348369530998006,-91.4680617440532,10000.000755619429,-80.01712182333685,-0.0020498706443014,-0.0014718121480502,,9260.064158607724,11112.292394974402,150,2,2025-09-09,2025-09-26 15:06:57.810,HH,C,3785035490,HAWK11,1,1,73,2,1,1,225,2,1,0,0,12,1,225,2,1,-125429.61980592164,-4792206.020582494,4198140.229948521,-2.60355,-0.649833,0.566614,91.5,-65.625,-69.125,-0.15625,-7.84375,5.9375,-0.0175781,-0.00390625,-0.00195312,4,0,41.40049478611384,-91.4992985277462,11168.675341779175,136.76752082141513,0.8382774376150481,-6.686593644329382,209.323,9260.064158607724,11112.292394974402,150,True,3.4294232747526885,False,144.85005373273844,124.24748086094375,False,20.9241639992154,True,False
2,1970-07-23 09:45:04.187848868,2025-09-09,2025-09-26 15:06:58.784,HH,C,3104065104,JASSM,3,117,76,2,2,1,225,9,2,0,1,26,0,0,0,0,-122987.67058717164,-4795822.295973119,4193568.9535813336,2.30001,3.00008,-0.130484,-83.375,11.875,11.125,0.0,0.0,0.0,0.0,0.0,0.0,2,0,41.34849592387626,-91.46901404495117,10000.001029326828,-80.01412303483748,-0.0053839319296269,-0.0021870963423273,,9260.064158607724,11112.292394974402,150,2,2025-09-09,2025-09-26 15:06:58.810,HH,C,3786268254,HAWK11,1,1,73,2,1,1,225,2,1,0,0,12,1,225,2,1,-125333.69793092164,-4792273.706129369,4198069.077604771,-2.61122,-0.649162,0.566327,92.0,-64.625,-68.0,-0.046875,-7.70312,5.8125,0.015625,-0.0078125,0.00390625,4,0,41.39962673288,-91.49813131694306,11174.641372172498,136.73252133484786,0.8328158612419838,-7.147161476915922,207.893,9260.064158607724,11112.292394974402,150,True,3.336427927536879,False,145.46195250437557,123.16893801602566,False,22.601873987604552,True,False
2,1970-07-23 09:45:04.198664859,2025-09-09,2025-09-26 15:06:59.866,HH,C,3105257834,JASSM,3,117,76,2,2,1,225,9,2,0,1,26,0,0,0,0,-123071.16668092164,-4795810.403394994,4193580.0297532086,2.30001,3.00008,-0.130484,-83.375,11.875,11.125,0.0,0.0,0.0,0.0,0.0,0.0,2,0,41.34862871056181,-91.4700145620287,10000.000771605908,-80.01478401457337,-0.0046211920224538,-0.002187632242075,,9260.064158607724,11112.292394974402,150,2,2025-09-09,2025-09-26 15:07:00.005,HH,C,3787660086,HAWK11,1,1,73,2,1,1,225,2,1,0,0,12,1,225,2,1,-125226.01433717164,-4792348.697340307,4197990.415495396,-2.45811,-0.660475,0.567381,91.875,-63.875,-67.125,0.0625,-8.04688,6.29688,0.328125,0.0195312,0.0234375,4,0,41.39866633972626,-91.49682133350022,11181.541150000638,137.20476157548475,1.117957353448361,1.981580466437596,206.244,9260.064158607724,11112.292394974402,150,True,3.2359627036382803,False,145.77705747609997,121.92674893454502,False,24.155981049075052,True,False
2,1970-07-23 09:45:04.210691591,2025-09-09,2025-09-26 15:07:01.069,HH,C,3106508966,JASSM,3,117,76,2,2,1,225,9,2,0,1,26,0,0,0,0,-123158.75261842164,-4795797.927809057,4193591.6469407086,2.30001,3.00008,-0.130484,-83.375,11.875,11.125,0.0,0.0,0.0,0.0,0.0,0.0,2,0,41.34876798468241,-91.47106409140632,10000.000011829385,-80.01547737558256,-0.0038210924401278,-0.0021881870166225,,9260.064158607724,11112.292394974402,150,2,2025-09-09,2025-09-26 15:07:01.000,HH,C,3788892852,HAWK11,1,1,73,2,1,1,225,2,1,0,0,12,1,225,2,1,-125132.04558717164,-4792415.598707494,4197921.235807896,-2.13952,-0.689237,0.575339,89.375,-64.875,-67.375,-0.046875,-8.51562,6.70312,0.287109,0.0117188,0.0117188,4,0,41.39781594049276,-91.49567776911653,11190.00366945836,138.58962921650738,1.5824978110256762,21.15927661487564,204.875,9260.064158607724,11112.292394974402,150,False,3.1447793484160442,False,144.72341046234285,120.6561932035048,False,24.44896219176728,True,False
2,1970-07-23 09:45:04.217245474,2025-09-09,2025-09-26 15:07:01.724,HH,C,3107644564,JASSM,3,117,76,2,2,1,225,9,2,0,1,26,0,0,0,0,-123238.24871217164,-4795786.604566869,4193602.190886021,2.30001,3.00008,-0.130484,-83.375,11.875,11.125,0.0,0.0,0.0,0.0,0.0,0.0,2,0,41.34889438474924,-91.47201668523871,10000.002474282404,-80.01610669876519,-0.003094894100611,-0.0021886887851053,,9260.064158607724,11112.292394974402,150,2,2025-09-09,2025-09-26 15:07:02.004,HH,C,3790046084,HAWK11,1,1,73,2,1,1,225,2,1,0,0,12,1,225,2,1,-125048.08074342164,-4792478.480543432,4197855.970182896,-1.97184,-0.739858,0.595568,85.0,-66.5,-69.125,0.046875,-9.0,7.17188,0.138672,0.0390625,0.0664062,4,0,41.39701431211137,-91.49465500727231,11197.720199305226,141.2332133779503,2.040001556737478,32.45344990950985,202.798,9260.064158607724,11112.292394974402,150,False,3.061966386839134,False,142.57134843421554,119.46128570323582,False,23.548632775757042,True,False
2,1970-07-23 09:45:04.227295942,2025-09-09,2025-09-26 15:07:02.729,HH,C,3108837324,JASSM,3,117,76,2,2,1,225,9,2,0,1,26,0,0,0,0,-123321.74871217164,-4795774.709059057,4193613.2641282086,2.30001,3.00008,-0.130484,-83.375,11.875,11.125,0.0,0.0,0.0,0.0,0.0,0.0,2,0,41.34902714234536,-91.47301726205248,10000.000050176164,-80.0167677232105,-0.0023321196176275,-0.0021892154658817,,9260.064158607724,11112.292394974402,150,2,2025-09-09,2025-09-26 15:07:02.742,HH,C,3787103354,HAWK11,1,1,73,2,1,1,225,2,1,0,0,12,1,225,2,1,-125269.57683717164,-4792318.343824682,4198022.253386021,-2.5698,-0.645231,0.565368,92.125,-63.75,-67.5,0.15625,-7.6875,5.85938,0.162109,0.00976562,0.0195312,4,0,41.39905506494183,-91.49735127676657,11178.742249792262,136.54887365356933,0.7611670573151359,-4.897383465772315,201.649,9260.064158607724,11112.292394974402,150,True,3.1955255558128473,False,145.79431938838877,120.07495318119236,False,25.978132194051433,True,False
2,1970-07-23 09:45:04.237924010,2025-09-09,2025-09-26 15:07:03.792,HH,C,3110088106,JASSM,3,117,76,2,2,1,225,9,2,0,1,26,0,0,0,0,-123409.30730592164,-4795762.234449682,4193624.8754563336,2.30001,3.00008,-0.130484,-83.375,11.875,11.125,0.0,0.0,0.0,0.0,0.0,0.0,2,0,41.34916634786532,-91.47406647746163,9999.998958130132,-80.01746088229847,-0.0015322688224432,-0.0021897720728143,,9260.064158607724,11112.292394974402,150,2,2025-09-09,2025-09-26 15:07:03.812,HH,C,3792193482,HAWK11,1,1,73,2,1,1,225,2,1,0,0,12,1,225,2,1,-124903.86589967164,-4792601.470777807,4197726.806120396,-1.93253,-0.845032,0.658078,74.125,-69.5,-74.0,0.125,-9.1875,7.4375,0.0644531,0.0410156,0.0429688,4,0,41.39543308132333,-91.49289374430224,11210.839754901275,147.2772989584499,1.6678295397347322,38.44003427512439,200.17,9260.064158607724,11112.292394974402,150,False,2.9026414813087986,False,137.15200834768174,116.98818387708978,False,20.644185891373844,True,False
2,1970-07-23 09:45:04.255585176,2025-09-09,2025-09-26 15:07:05.558,HH,C,3111221700,JASSM,3,117,76,2,2,1,225,9,2,0,1,26,0,0,0,0,-123488.66277467164,-4795750.927809057,4193635.3988938336,2.30001,3.00008,-0.130388,-83.375,11.875,11.125,0.0,0.0,0.0,0.0,0.0,0.0,2,0,41.34929250736747,-91.47501739884038,9999.99954399866,-80.02218521227786,-0.0044675350304757,-0.0021900918900557,,9260.064158607724,11112.292394974402,150,2,2025-09-09,2025-09-26 15:07:05.606,HH,C,3794420412,HAWK11,1,1,73,2,1,1,225,2,1,0,0,12,1,225,2,1,-124775.31902467164,-4792733.049879369,4197584.806120396,-2.14805,-0.935153,0.703043,63.0,-71.75,-78.375,0.109375,-8.71875,7.0,-0.15625,0.0195312,0.046875,4,0,41.39371165201512,-91.49131707723306,11218.27575858538,152.03865950372335,1.3759226783251544,29.469278007283897,197.017,9260.064158607724,11112.292394974402,150,False,2.764419931528734,False,131.669916115969,115.39569595957218,False,16.81332776413471,True,False
2,1970-07-23 09:45:04.257284734,2025-09-09,2025-09-26 15:07:05.728,HH,C,3112356990,JASSM,3,117,76,2,2,1,225,9,2,0,1,26,0,0,0,0,-123568.13933717164,-4795739.603590307,4193645.936979771,2.30001,3.00008,-0.130388,-83.375,11.875,11.125,0.0,0.0,0.0,0.0,0.0,0.0,2,0,41.3494188439104,-91.4759697750722,9999.999639074233,-80.0228143982398,-0.0037415143158831,-0.0021906454140457,,9260.064158607724,11112.292394974402,150,2,2025-09-09,2025-09-26 15:07:05.606,HH,C,3794420412,HAWK11,1,1,73,2,1,1,225,2,1,0,0,12,1,225,2,1,-124775.31902467164,-4792733.049879369,4197584.806120396,-2.14805,-0.935153,0.703043,63.0,-71.75,-78.375,0.109375,-8.71875,7.0,-0.15625,0.0195312,0.046875,4,0,41.39371165201512,-91.49131707723306,11218.27575858538,152.03865950372335,1.3759226783251544,29.469278007283897,197.017,9260.064158607724,11112.292394974402,150,False,2.7460010897131055,False,131.669916115969,114.57371595556194,False,17.614383016132482,True,False
2,1970-07-23 09:45:04.266324212,2025-09-09,2025-09-26 15:07:06.632,HH,C,3113489960,JASSM,3,117,76,2,2,1,225,9,2,0,1,26,0,0,0,0,-123647.45183717164,-4795728.301832494,4193656.452604771,2.30001,3.00008,-0.130388,-83.375,11.875,11.125,0.0,0.0,0.0,0.0,0.0,0.0,2,0,41.34954491246203,-91.4769201892777,9999.999302490332,-80.02344228957044,-0.0030169920098384,-0.0021911983815286,,9260.064158607724,11112.292394974402,150,2,2025-09-09,2025-09-26 15:07:06.623,HH,C,3795175978,HAWK11,1,1,73,2,1,1,225,2,1,0,0,12,1,225,2,1,-124735.99871217164,-4792779.462965307,4197534.481901646,-2.24843,-0.961518,0.726148,60.875,-74.25,-77.25,-0.1875,-8.32812,6.57812,-0.123047,-0.00585938,0.0488281,4,0,41.39310191089768,-91.49083290141856,11220.780643425283,153.65629932040488,0.7136346265457686,24.737493643375963,195.612,9260.064158607724,11112.292394974402,150,False,2.6874997008886523,False,130.62888994823965,113.47430432250947,False,18.081747207759875,True,False
2,1970-07-23 09:45:04.276483738,2025-09-09,2025-09-26 15:07:07.648,HH,C,3114681316,JASSM,3,117,76,2,2,1,225,9,2,0,1,26,0,0,0,0,-123730.85027467164,-4795716.417066869,4193667.510221959,2.30001,2.99999,-0.130388,-83.375,11.875,11.125,0.0,0.0,0.0,0.0,0.0,0.0,2,0,41.34967747357491,-91.47791957011096,10000.001216294118,-80.0204745226191,-0.0063151948877677,-0.0029060542982148,,9260.064158607724,11112.292394974402,150,2,2025-09-09,2025-09-26 15:07:07.810,HH,C,3796846176,HAWK11,1,1,73,2,1,1,225,2,1,0,0,12,1,225,2,1,-124656.00261842164,-4792879.185621557,4197420.866667271,-2.3933,-0.981173,0.752322,55.25,-71.5,-81.75,-0.15625,-7.70312,6.0,-0.0917969,0.00585938,0.0175781,4,0,41.39175406826468,-91.4898462416784,11214.552941247832,155.06321793965665,-0.2665388675335073,17.20165369098579,194.268,9260.064158607724,11112.292394974402,150,False,2.5811164186675986,False,127.94551130354216,111.99863593951638,False,16.299568909622447,True,False
2,1970-07-23 09:45:04.290380056,2025-09-09,2025-09-26 15:07:09.038,HH,C,3115755318,JASSM,3,117,76,2,2,1,225,9,2,0,1,26,0,0,0,0,-123806.03777467164,-4795705.701246557,4193677.4770188336,2.30001,2.99999,-0.130388,-83.375,11.875,11.125,0.0,0.0,0.0,0.0,0.0,0.0,2,0,41.349796968408086,-91.47882056140412,9999.998599302044,-80.02106976568832,-0.0056283544947601,-0.0029065330251605,,9260.064158607724,11112.292394974402,150,2,2025-09-09,2025-09-26 15:07:09.106,HH,C,3798516376,HAWK11,1,1,73,2,1,1,225,2,1,0,0,12,1,225,2,1,-124580.86980592164,-4792979.803785619,4197305.329557896,-2.60278,-1.00562,0.76584,52.25,-71.75,-82.375,-0.15625,-7.84375,6.17188,-0.111328,0.0,-0.00585938,4,0,41.39038716224579,-91.4889174409833,11206.68572428356,156.31308554963348,-0.5332316255643857,6.154564840969208,193.302,9260.064158607724,11112.292394974402,150,True,2.477509352715135,False,126.5418045940604,110.559457505164,False,16.35006582139997,True,False
2,1970-07-23 09:45:04.295302549,2025-09-09,2025-09-26 15:07:09.530,HH,C,3116890090,JASSM,3,117,76,2,2,1,225,9,2,0,1,26,0,0,0,0,-123885.47527467164,-4795694.379957494,4193688.0082688336,2.30001,2.99999,-0.130388,-83.375,11.875,11.125,0.0,0.0,0.0,0.0,0.0,0.0,2,0,41.34992321586896,-91.47977248505188,10000.00204791815,-80.02169865893508,-0.0049026892716714,-0.0029070445104385,,9260.064158607724,11112.292394974402,150,2,2025-09-09,2025-09-26 15:07:09.402,HH,C,3798953808,HAWK11,1,1,73,2,1,1,225,2,1,0,0,12,1,225,2,1,-124561.19402467164,-4793006.952223119,4197274.292448521,-2.63941,-1.0061,0.769004,51.875,-71.875,-82.25,-0.03125,-7.73438,5.98438,-0.0898438,0.0,0.0,4,0,41.39001917775951,-91.4886739650543,11204.90026203224,156.40697912029705,-0.6892368891598716,4.074268230609541,192.997,9260.064158607724,11112.292394974402,150,True,2.43893801104439,False,126.38601123535771,109.44225689449706,False,17.320557792690384,True,False
2,1970-07-23 09:45:04.304421886,2025-09-09,2025-09-26 15:07:10.442,HH,C,3118021866,JASSM,3,117,76,2,2,1,225,9,2,0,1,26,0,0,0,0,-123964.70574342164,-4795683.086012182,4193698.510221959,2.30011,2.99999,-0.130388,-83.375,11.875,11.125,0.0,0.0,0.0,0.0,0.0,0.0,2,0,41.35004912680675,-91.4807219321116,9999.999504038566,-80.02232591758602,-0.0041789147508117,0.0025839172016938,,9260.064158607724,11112.292394974402,150,2,2025-09-09,2025-09-26 15:07:10.310,HH,C,3799987740,HAWK11,1,1,73,2,1,1,225,2,1,0,0,12,1,225,2,1,-124516.80730592164,-4793068.404371557,4197203.946745396,-2.70402,-1.00025,0.77629,51.375,-71.25,-82.375,-0.078125,-7.23438,5.60938,-0.0488281,0.0,0.0078125,4,0,41.38918558040837,-91.48812465161268,11200.674291372448,156.36476564790405,-1.1679425107897867,0.1387018719721408,192.019,9260.064158607724,11112.292394974402,150,True,2.371741386919639,False,126.22922380116682,108.05954779950247,False,18.485734005911382,True,False
2,1970-07-23 09:45:04.314462517,2025-09-09,2025-09-26 15:07:11.446,HH,C,3119157234,JASSM,3,117,76,2,2,1,225,9,2,0,1,26,0,0,0,0,-124044.18621217164,-4795671.756910619,4193709.0453782086,2.30011,2.99999,-0.130388,-83.375,11.875,11.125,0.0,0.0,0.0,0.0,0.0,0.0,2,0,41.35017542475603,-91.4816743785384,10000.00163790704,-80.02295515936949,-0.0034528570096946,0.0025834075946416,,9260.064158607724,11112.292394974402,150,2,2025-09-09,2025-09-26 15:07:11.496,HH,C,3801459106,HAWK11,1,1,73,2,1,1,225,2,1,0,0,12,1,225,2,1,-124453.68621217164,-4793156.031324682,4197102.507292271,-2.72713,-0.997088,0.775331,51.125,-70.875,-82.0,-0.0625,-7.54688,5.95312,-0.0078125,-0.00976562,-0.00976562,4,0,41.38798925539391,-91.48734343864002,11192.215848751925,156.2247553769819,-1.171500855966939,-1.3091755208992728,191.005,9260.064158607724,11112.292394974402,150,True,2.2831530522086654,False,126.22855246596008,106.39622662687418,False,20.139584724336757,True,False
2,1970-07-23 09:45:04.324262907,2025-09-09,2025-09-26 15:07:12.426,HH,C,3120348306,JASSM,3,117,76,2,2,1,225,9,2,0,1,26,0,0,0,0,-124127.56511842164,-4795659.870191869,4193720.0961594586,2.30011,2.99999,-0.130388,-83.375,11.875,11.125,0.0,0.0,0.0,0.0,0.0,0.0,2,0,41.35030791300128,-91.4826735460644,10000.00031348563,-80.02361526954274,-0.0026911857477171,0.0025828691800455,,9260.064158607724,11112.292394974402,150,2,2025-09-09,2025-09-26 15:07:12.402,HH,C,3802532804,HAWK11,1,1,73,2,1,1,225,2,1,0,0,12,1,225,2,1,-124407.07683717164,-4793220.252027807,4197027.960417271,-2.69597,-1.0038,0.773702,51.125,-70.5,-81.75,-0.03125,-7.78125,6.07812,0.109375,0.0117188,0.0117188,4,0,41.38711116167234,-91.48676674964976,11185.560985797343,156.4350654664977,-0.9700169306521752,0.741158109832991,190.296,9260.064158607724,11112.292394974402,150,True,2.2158777577795354,False,126.31595192052275,104.74566243990427,False,21.85768708654862,True,False
2,1970-07-23 09:45:04.346707573,2025-09-09,2025-09-26 15:07:14.670,HH,C,3121422048,JASSM,3,117,76,2,2,1,225,9,2,0,1,26,0,0,0,0,-124202.73308717164,-4795649.154371557,4193730.057096959,2.30011,2.99999,-0.130388,-83.375,11.875,11.125,0.0,0.0,0.0,0.0,0.0,0.0,2,0,41.35042733402498,-91.48357432154693,9999.999646144708,-80.02421037750638,-0.002004524174799,0.0025823962973413,,9260.064158607724,11112.292394974402,150,2,2025-09-09,2025-09-26 15:07:14.606,HH,C,3805157402,HAWK11,1,1,73,2,1,1,225,2,1,0,0,12,1,225,2,1,-124299.74480592164,-4793377.292066869,4196849.333464146,-2.24527,-1.12086,0.778495,44.125,-72.5,-81.625,0.015625,-8.84375,7.23438,0.0996094,0.015625,0.0390625,4,0,41.384987642033416,-91.48543597324368,11177.684257215147,160.96320218443148,0.6068484239907557,31.25142930599128,188.121,9260.064158607724,11112.292394974402,150,False,2.0753131156265012,False,122.99963912986193,102.2845562286436,False,21.263158393867805,True,False
2,1970-07-23 09:45:04.346930028,2025-09-09,2025-09-26 15:07:14.693,HH,C,3122555442,JASSM,3,117,76,2,2,1,225,9,2,0,1,26,0,0,0,0,-124282.07293092164,-4795637.841871557,4193740.571745396,2.30011,2.99999,-0.130388,-83.375,11.875,11.125,0.0,0.0,0.0,0.0,0.0,0.0,2,0,41.35055339279502,-91.4845250948733,9999.999311436895,-80.02483851867083,-0.0012797489515958,0.0025818800943483,,9260.064158607724,11112.292394974402,150,2,2025-09-09,2025-09-26 15:07:14.606,HH,C,3805157402,HAWK11,1,1,73,2,1,1,225,2,1,0,0,12,1,225,2,1,-124299.74480592164,-4793377.292066869,4196849.333464146,-2.24527,-1.12086,0.778495,44.125,-72.5,-81.625,0.015625,-8.84375,7.23438,0.0996094,0.015625,0.0390625,4,0,41.384987642033416,-91.48543597324368,11177.684257215147,160.96320218443148,0.6068484239907557,31.25142930599128,188.121,9260.064158607724,11112.292394974402,150,False,2.066462259585652,False,122.99963912986193,101.10706065847228,False,22.415550827810932,True,False
2,1970-07-23 09:45:04.353582166,2025-09-09,2025-09-26 15:07:15.358,HH,C,3123869870,JASSM,3,117,76,2,2,1,225,9,2,0,1,26,0,0,0,0,-124374.08855592164,-4795624.721754369,4193752.765104771,2.30011,2.99999,-0.130292,-83.375,11.875,11.125,0.0,0.0,0.0,0.0,0.0,0.0,2,0,41.35069957528486,-91.4856277737894,9999.999930787815,-80.02966308099401,-0.0040994140872699,0.0025814499050306,,9260.064158607724,11112.292394974402,150,2,2025-09-09,2025-09-26 15:07:15.310,HH,C,3806032268,HAWK11,1,1,73,2,1,1,225,2,1,0,0,12,1,225,2,1,-124268.71746217164,-4793430.467848119,4196789.157682896,-2.25418,-1.18212,0.802943,39.75,-72.625,-82.625,-0.140625,-8.71875,7.0,0.0253906,0.0253906,0.0585938,4,0,41.38426985763044,-91.48504888191424,11176.0357424359,163.7521408191533,0.079904782699099,33.25313320683594,187.009,9260.064158607724,11112.292394974402,150,False,2.014385694107357,False,120.85405926925478,99.22754301578563,False,22.136231675864675,True,False
2,1970-07-23 09:45:04.366640312,2025-09-09,2025-09-26 15:07:16.664,HH,C,3125241442,JASSM,3,117,76,2,2,1,225,9,2,0,1,26,0,0,0,0,-124470.10418092164,-4795611.030348119,4193765.487761021,2.30011,2.99999,-0.130292,-83.375,11.875,11.0,0.0,0.0,0.0,0.0,0.0,0.0,2,0,41.35085210168254,-91.4867783926783,10000.001412861857,-80.03042325709072,-0.0032223052564123,0.0025807686214032,,9260.064158607724,11112.292394974402,150,2,2025-09-09,2025-09-26 15:07:16.606,HH,C,3807265032,HAWK11,1,1,73,2,1,1,225,2,1,0,0,12,1,225,2,1,-124231.04558717164,-4793505.343824682,4196703.628386021,-2.28611,-1.25278,0.819242,33.5,-73.125,-83.75,-0.046875,-8.6875,7.1875,0.00195312,0.0195312,0.0332031,4,0,41.38325284712628,-91.4845757135841,11172.37664789898,166.68991516493267,-0.0414716326642102,34.360939061001915,185.799,9260.064158607724,11112.292394974402,150,False,1.9465745702202473,False,117.68896085001822,96.98055089610264,False,21.25727737775947,True,False
2,1970-07-23 09:45:04.376221546,2025-09-09,2025-09-26 15:07:17.622,HH,C,3126612996,JASSM,3,117,76,2,2,1,225,9,2,0,1,26,0,0,0,0,-124566.11980592164,-4795597.337965307,4193778.208464146,2.30011,2.99989,-0.130292,-83.375,11.875,11.0,0.0,0.0,0.0,0.0,0.0,0.0,2,0,41.351004609182176,-91.48792901724062,10000.001169969377,-80.027555332882,-0.006405254599857,0.0018663427559144,,9260.064158607724,11112.292394974402,150,2,2025-09-09,2025-09-26 15:07:17.782,HH,C,3806390166,HAWK11,1,1,73,2,1,1,225,2,1,0,0,12,1,225,2,1,-124257.34246217164,-4793451.842848119,4196764.835417271,-2.26368,-1.20638,0.811476,37.875,-72.625,-83.125,-0.03125,-8.60938,7.10938,0.0253906,0.03125,0.0566406,4,0,41.383980259912285,-91.48490638950442,11175.154619846233,164.81449895827714,-0.1046495397793339,33.7130393654076,184.785,9260.064158607724,11112.292394974402,150,False,1.9832173589344826,False,119.85922726749236,95.96774119020552,False,24.33769838448508,True,False
2,1970-07-23 09:45:04.387279800,2025-09-09,2025-09-26 15:07:18.727,HH,C,3127866678,JASSM,3,117,76,2,2,1,225,9,2,0,1,26,0,0,0,0,-124653.88152467164,-4795584.821363744,4193789.835417271,2.30011,2.99989,-0.130292,-83.375,11.875,11.0,0.0,0.0,0.0,0.0,0.0,0.0,2,0,41.35114400248019,-91.48898073437734,10000.001622577494,-80.02825017193305,-0.0056035453564105,0.0018657716658163,,9260.064158607724,11112.292394974402,150,2,2025-09-09,2025-09-26 15:07:18.808,HH,C,3810167996,HAWK11,1,1,73,2,1,1,225,2,1,0,0,12,1,225,2,1,-124168.20183717164,-4793683.599684057,4196495.720182896,-2.45945,-1.45,0.848867,18.125,-73.25,-85.75,0.0,-8.76562,7.45312,0.00390625,0.0390625,0.0351562,4,0,41.38079855566365,-91.4837699069372,11156.101289708044,174.456756733682,-0.3224210151819027,32.787021060943,184.015,9260.064158607724,11112.292394974402,150,False,1.7946855777960353,False,110.03923243576118,92.39198655850444,False,18.297295914433356,True,False
2,1970-07-23 09:45:04.398302538,2025-09-09,2025-09-26 15:07:19.830,HH,C,3129236502,JASSM,3,117,76,2,2,1,225,9,2,0,1,26,0,0,0,0,-124749.77605592164,-4795571.143629369,4193802.538542271,2.30011,2.99989,-0.130292,-83.375,11.875,11.0,0.0,0.0,0.0,0.0,0.0,0.0,2,0,41.35129630085278,-91.49012991886138,10000.000990317,-80.0290094070427,-0.0047275423037792,0.0018651491294195,,9260.064158607724,11112.292394974402,150,2,2025-09-09,2025-09-26 15:07:19.808,HH,C,3811360994,HAWK11,1,1,73,2,1,1,225,2,1,0,0,12,1,225,2,1,-124153.25261842164,-4793756.331129369,4196410.087370396,-2.56712,-1.52449,0.84925,11.875,-73.125,-86.125,-0.125,-8.64062,7.45312,-0.171875,0.0214844,0.0332031,4,0,41.37979009268098,-91.4835688492782,11148.412889418514,177.26880778082722,-0.1122239790459683,29.812206039684614,183.196,9260.064158607724,11112.292394974402,150,False,1.7349795909027796,False,106.90592247547967,90.10409810214182,False,17.511425864368054,True,False
2,1970-07-23 09:45:04.408442976,2025-09-09,2025-09-26 15:07:20.844,HH,C,3130491502,JASSM,3,117,76,2,2,1,225,9,2,0,1,26,0,0,0,0,-124837.63152467164,-4795558.611402807,4193814.176237584,2.30011,2.99989,-0.130292,-83.375,11.875,11.0,0.0,0.0,0.0,0.0,0.0,0.0,2,0,41.35143582497175,-91.49118276957869,10000.000856521874,-80.02970499905874,-0.0039249758139249,0.00186457556628,,9260.064158607724,11112.292394974402,150,2,2025-09-09,2025-09-26 15:07:20.902,HH,C,3812593760,HAWK11,1,1,73,2,1,1,225,2,1,0,0,12,1,225,2,1,-124143.67449342164,-4793831.972730932,4196320.436979771,-2.78437,-1.56332,0.852702,7.0,-73.125,-86.125,-0.359375,-8.26562,6.73438,-0.125,0.0,0.0292969,4,0,41.3787363659098,-91.4834310497683,11139.522113278512,178.7421882150768,-0.2506865380458813,19.03303239073981,182.414,9260.064158607724,11112.292394974402,150,False,1.6748279938235322,False,104.4518669619503,87.88465278827255,False,17.362835788848376,True,False
2,1970-07-23 09:45:04.419461157,2025-09-09,2025-09-26 15:07:21.946,HH,C,3131801550,JASSM,3,117,76,2,2,1,225,9,2,0,1,26,0,0,0,0,-124929.33855592164,-4795545.529371557,4193826.322721959,2.30011,2.99989,-0.130292,-83.375,11.875,11.0,0.0,0.0,0.0,0.0,0.0,0.0,2,0,41.35158144837397,-91.49228178193503,10000.001087565046,-80.03043109097185,-0.0030872261699944,0.0018639839484033,,9260.064158607724,11112.292394974402,150,2,2025-09-09,2025-09-26 15:07:22.106,HH,C,3814025358,HAWK11,1,1,73,2,1,1,225,2,1,0,0,12,1,225,2,1,-124137.40886842164,-4793920.408277807,4196216.167448521,-2.86931,-1.62938,0.854715,3.25,-73.25,-85.75,0.015625,-8.07812,6.8125,0.0898438,0.0175781,0.0332031,4,0,41.37750732682469,-91.48332886143888,11130.631220509296,-178.77060333811104,-0.3641439562528348,17.005943192214346,181.925,9260.064158607724,11112.292394974402,150,False,1.6069684637962225,False,102.56167795517017,85.39334301733393,False,18.0784290647739,True,False
2,1970-07-23 09:45:04.430241600,2025-09-09,2025-09-26 15:07:23.024,HH,C,3132994598,JASSM,3,117,76,2,2,1,225,9,2,0,1,26,0,0,0,0,-125012.85418092164,-4795533.614332494,4193837.384245396,2.30011,2.99989,-0.130292,-83.375,11.875,11.0,0.0,0.0,0.0,0.0,0.0,0.0,2,0,41.351714064216615,-91.49328263363164,10000.00142820668,-80.03109233225051,-0.0023243036851816,0.001863436535406,,9260.064158607724,11112.292394974402,150,2,2025-09-09,2025-09-26 15:07:23.200,HH,C,3815337658,HAWK11,1,1,73,2,1,1,225,2,1,0,0,12,1,225,2,1,-124136.12761842164,-4794000.501051244,4196122.508268833,-2.758,-1.70885,0.850976,-1.25,-72.875,-85.5,0.1875,-8.4375,7.21875,0.164062,0.0273438,0.0332031,4,0,41.37639878000213,-91.48328878804416,11124.545552166712,-175.7680565955041,-0.311850884313764,26.79640999257738,181.84,9260.064158607724,11112.292394974402,150,False,1.5479722291265936,False,100.2726738371289,83.03249435452258,False,18.223499916244425,True,False
2,1970-07-23 09:45:04.441262367,2025-09-09,2025-09-26 15:07:24.126,HH,C,3134308766,JASSM,3,117,76,2,2,1,225,9,2,0,1,26,0,0,0,0,-125104.85418092164,-4795520.488355932,4193849.567839146,2.30011,2.99989,-0.130292,-83.375,11.875,11.0,0.0,0.0,0.0,0.0,0.0,0.0,2,0,41.35186013404419,-91.49438516697668,10000.00128476833,-80.0318207544379,-0.0014838770637995,0.0018628418578807,,9260.064158607724,11112.292394974402,150,2,2025-09-09,2025-09-26 15:07:24.200,HH,C,3816610190,HAWK11,1,1,73,2,1,1,225,2,1,0,0,12,1,225,2,1,-124141.19793092164,-4794078.332105932,4196031.138151646,-2.65638,-1.80051,0.833047,-7.875,-72.375,-84.5,0.046875,-9.17188,8.09375,0.130859,0.0488281,0.0664062,4,0,41.37531816147271,-91.48332527440928,11118.270209785578,-172.17476405861692,0.2959043334294687,36.53763117943311,181.216,9260.064158607724,11112.292394974402,150,False,1.4930323044283906,True,96.8653893357689,80.46231019631162,False,17.600206009186508,True,False
2,1970-07-23 09:45:04.451302714,2025-09-09,2025-09-26 15:07:25.130,HH,C,3135561840,JASSM,3,117,76,2,2,1,225,9,2,0,1,26,0,0,0,0,-125192.57293092164,-4795507.971754369,4193861.184050084,2.30011,2.99989,-0.130292,-83.375,11.875,11.0,0.0,0.0,0.0,0.0,0.0,0.0,2,0,41.35199940241783,-91.4954363986138,10000.000886860136,-80.03251528456462,-0.0006825586533262,0.0018622692448644,,9260.064158607724,11112.292394974402,150,2,2025-09-09,2025-09-26 15:07:25.308,HH,C,3817842954,HAWK11,1,1,73,2,1,1,225,2,1,0,0,12,1,225,2,1,-124153.72136842164,-4794152.521559057,4195943.725065708,-2.6767,-1.91891,0.829117,-16.0,-70.875,-83.875,0.046875,-9.15625,8.125,0.0078125,0.0410156,0.0585938,4,0,41.37428477071561,-91.48345189977984,11112.095846189217,-167.64722686267984,-0.374084631737496,40.38387171141398,180.508,9260.064158607724,11112.292394974402,150,False,1.441963419127616,True,92.61658906655187,77.98652638704048,False,15.94850264618709,True,False
2,1970-07-23 09:45:04.462440814,2025-09-09,2025-09-26 15:07:26.244,HH,C,3136933438,JASSM,3,117,76,2,2,1,225,9,2,0,1,26,0,0,0,0,-125288.59246217164,-4795494.270582494,4193873.897917271,2.30011,2.99989,-0.130197,-83.375,11.875,11.0,0.0,0.0,0.0,0.0,0.0,0.0,2,0,41.3521518287783,-91.49658711295,10000.001405974712,-80.03737155809745,-0.0034656985268509,0.0018617691657373,,9260.064158607724,11112.292394974402,150,2,2025-09-09,2025-09-26 15:07:26.212,HH,C,3818996186,HAWK11,1,1,73,2,1,1,225,2,1,0,0,12,1,225,2,1,-124172.61199342164,-4794219.623121557,4195863.178190708,-2.75292,-1.99552,0.811188,-23.25,-69.0,-83.0,-0.171875,-9.07812,8.07812,-0.0449219,0.0390625,0.0351562,4,0,41.37333891334366,-91.4836567569238,11103.779085655116,-164.48892828287293,-0.1752575383409547,39.212070384904926,180.226,9260.064158607724,11112.292394974402,150,False,1.398277574655255,True,88.74066766741436,75.37677717013312,False,14.734954573903602,True,False
2,1970-07-23 09:45:04.474461337,2025-09-09,2025-09-26 15:07:27.446,HH,C,3138303840,JASSM,3,117,76,2,2,1,225,9,2,0,1,26,0,0,0,0,-125384.52605592164,-4795480.579176244,4193886.6000657086,2.30011,2.9998,-0.130197,-83.375,11.875,11.0,0.0,0.0,0.0,0.0,0.0,0.0,2,0,41.352304119769045,-91.49773680353674,9999.999947330403,-80.03450293991527,-0.0066493983989148,0.0011478324719556,,9260.064158607724,11112.292394974402,150,2,2025-09-09,2025-09-26 15:07:27.402,HH,C,3820308486,HAWK11,1,1,73,2,1,1,225,2,1,0,0,12,1,225,2,1,-124203.30730592164,-4794295.104566869,4195771.065886021,-2.89999,-2.06704,0.78674,-31.125,-67.75,-81.375,-0.171875,-9.32812,8.39062,-0.09375,0.0410156,0.046875,4,0,41.37226330390503,-91.48399999697256,11091.766238856631,-161.33542002409737,0.2516148047825612,33.72525821726785,179.64,9260.064158607724,11112.292394974402,150,False,1.3479317066183358,True,84.51860373019548,72.69335662306162,False,13.534718424195606,True,False
2,1970-07-23 09:45:04.485481692,2025-09-09,2025-09-26 15:07:28.548,HH,C,3139558664,JASSM,3,117,76,2,2,1,225,9,2,0,1,26,0,0,0,0,-125472.36589967164,-4795468.043043432,4193898.229948521,2.30011,2.9998,-0.130197,-83.375,11.875,11.0,0.0,0.0,0.0,0.0,0.0,0.0,2,0,41.35244354714275,-91.49878950138528,10000.001973757617,-80.03519844481431,-0.0058469737809508,0.0011472552697928,,9260.064158607724,11112.292394974402,150,2,2025-09-09,2025-09-26 15:07:28.606,HH,C,3821779850,HAWK11,1,1,73,2,1,1,225,2,1,0,0,12,1,225,2,1,-124246.68230592164,-4794377.300855932,4195671.427214146,-3.04888,-2.15467,0.761046,-38.5,-66.125,-79.0,-0.265625,-8.75,7.84375,-0.03125,0.0234375,0.03125,4,0,41.371094983317,-91.48449257655056,11080.77656095532,-157.4559301407721,0.2956692259585777,28.72354676372705,179.053,9260.064158607724,11112.292394974402,150,False,1.2911221933380488,True,80.4128177810524,70.13140645425536,False,12.50032302106555,True,False
2,1970-07-23 09:45:04.496309148,2025-09-09,2025-09-26 15:07:29.630,HH,C,3140930632,JASSM,3,117,76,2,2,1,225,9,2,0,1,26,0,0,0,0,-125568.40886842164,-4795454.334059057,4193910.9438157086,2.30011,2.9998,-0.130197,-83.375,11.875,11.0,0.0,0.0,0.0,0.0,0.0,0.0,2,0,41.35259598275509,-91.49994051364186,9999.999086694208,-80.0359589070789,-0.0049696126875895,0.0011466257534626,,9260.064158607724,11112.292394974402,150,2,2025-09-09,2025-09-26 15:07:29.497,HH,C,3822933082,HAWK11,1,1,73,2,1,1,225,2,1,0,0,12,1,225,2,1,-124286.77996217164,-4794440.046949682,4195595.102995396,-3.07774,-2.20222,0.743885,-43.5,-64.875,-77.25,0.1875,-8.4375,7.5,0.0273438,0.0214844,0.0449219,4,0,41.37020026722324,-91.4849520211708,11072.268961532756,-155.2388888198826,0.3722153233227674,28.94542318181828,178.711,9260.064158607724,11112.292394974402,150,False,1.2535564275007636,True,77.5804158997948,67.49755549152262,False,12.554930231272103,True,False
2,1970-07-23 09:45:04.509528081,2025-09-09,2025-09-26 15:07:30.952,HH,C,3142241926,JASSM,3,117,76,2,2,1,225,9,2,0,1,26,0,0,0,0,-125660.20544608062,-4795441.231416549,4193923.095182896,2.30011,2.9998,-0.130197,-83.375,11.875,11.0,0.0,0.0,0.0,0.0,0.0,0.0,2,0,41.35274166404968,-91.5010406406246,10000.00064912232,-80.0366857521107,-0.004131043494818,0.0011460278948807,,9260.064158607724,11112.292394974402,150,2,2025-09-09,2025-09-26 15:07:31.000,HH,C,3824722580,HAWK11,1,1,73,2,1,1,225,2,1,0,0,12,1,225,2,1,-124357.65496217164,-4794533.755934057,4195480.969206333,-3.13977,-2.30807,0.704289,-51.125,-61.875,-74.5,-0.046875,-8.42188,7.85938,0.00390625,0.0253906,0.0390625,4,0,41.3688613531848,-91.4857694142691,11059.958306123664,-150.16366763093328,0.3029408098221705,29.441644285744257,178.797,9260.064158607724,11112.292394974402,150,False,1.1868098238769114,True,73.07112102578668,64.7145373582713,False,11.357601662634034,True,False
2,1970-07-23 09:45:04.516459578,2025-09-09,2025-09-26 15:07:31.645,HH,C,3143375320,JASSM,3,117,76,2,2,1,225,9,2,0,1,26,0,0,0,0,-125739.54919608062,-4795429.904268111,4193933.598112584,2.30011,2.9998,-0.130197,-83.375,11.875,11.0,0.0,0.0,0.0,0.0,0.0,0.0,2,0,41.35286758576249,-91.50199153249709,10000.000724120067,-80.03731400040593,-0.0034062294579635,0.0011454998778619,,9260.064158607724,11112.292394974402,150,2,2025-09-09,2025-09-26 15:07:31.606,HH,C,3825438380,HAWK11,1,1,73,2,1,1,225,2,1,0,0,12,1,225,2,1,-124389.40496217164,-4794570.425855932,4195436.163542271,3.12261,-2.3329,0.688566,-54.25,-60.875,-73.25,0.0,-8.45312,8.04688,-0.00585938,0.0332031,0.03125,4,0,41.36833582492274,-91.48613721762206,11055.09067335365,-148.76908809077992,0.5428648764150787,29.172670061591678,178.919,9260.064158607724,11112.292394974402,150,False,1.171004230562177,True,71.23668287978606,62.5897604058772,False,11.697100467386932,True,False
2,1970-07-23 09:45:04.529969214,2025-09-09,2025-09-26 15:07:32.996,HH,C,3144686454,JASSM,3,117,76,2,2,1,225,9,2,0,1,26,0,0,0,0,-125831.33435233062,-4795416.800752486,4193945.745573521,2.30011,2.9998,-0.130197,-83.375,11.875,11.0,0.0,0.0,0.0,0.0,0.0,0.0,2,0,41.35301322802634,-91.50309153252788,9999.999303865316,-80.03804076549193,-0.002567764285279,0.0011449035467591,,9260.064158607724,11112.292394974402,150,2,2025-09-09,2025-09-26 15:07:33.200,HH,C,3827347178,HAWK11,1,1,73,2,1,1,225,2,1,0,0,12,1,225,2,1,-124483.24480592164,-4794665.070387182,4195320.424284458,3.06259,-2.42954,0.643888,-62.125,-57.875,-69.625,0.0625,-8.0625,7.9375,-0.0195312,0.0292969,0.0410156,4,0,41.366976949858405,-91.48722851726028,11043.08855581323,-143.72302991159273,0.4071484454438568,29.200467320321923,179.64,9260.064158607724,11112.292394974402,150,False,1.1010890891613248,True,66.44709126837898,59.78312337462354,False,10.754144343191136,True,False
2,1970-07-23 09:45:04.541881236,2025-09-09,2025-09-26 15:07:34.188,HH,C,3145939154,JASSM,3,117,76,2,2,1,225,9,2,0,1,26,0,0,0,0,-125919.02575858062,-4795404.280244674,4193957.3520188336,2.30011,2.9998,-0.130197,-83.375,11.875,11.0,0.0,0.0,0.0,0.0,0.0,0.0,2,0,41.35315237835877,-91.50414247600276,10000.000313082302,-80.03873512109975,-0.0017666931763473,0.001144320368791,,9260.064158607724,11112.292394974402,150,2,2025-09-09,2025-09-26 15:07:34.199,HH,C,3828540176,HAWK11,1,1,73,2,1,1,225,2,1,0,0,12,1,225,2,1,-124547.41668092164,-4794721.046949682,4195251.505339146,3.0114,-2.45974,0.613401,-66.875,-55.75,-67.375,0.0,-8.32812,8.20312,-0.0234375,0.0273438,0.0273438,4,0,41.36616876376109,-91.48797748410496,11035.541335997566,-141.58344869374025,1.064317735564682,27.31234386198904,180.141,9260.064158607724,11112.292394974402,150,False,1.0677082918151632,True,63.49622933767432,57.30847945751653,False,10.644680275705444,True,False
2,1970-07-23 09:45:04.560463137,2025-09-09,2025-09-26 15:07:36.046,HH,C,3148564446,JASSM,3,117,76,2,2,1,225,9,2,0,1,26,0,0,0,0,-126102.80700858062,-4795378.038057174,4193981.6723313336,2.30011,2.9998,-0.130197,-83.375,11.875,11.0,0.0,0.0,0.0,0.0,0.0,0.0,2,0,41.35344395876891,-91.50634502974536,10000.001662491755,-80.04019034884384,-8.783260278627971e-05,0.0011431140299023,,9260.064158607724,11112.292394974402,150,2,2025-09-09,2025-09-26 15:07:36.199,HH,C,3830886408,HAWK11,1,1,73,2,1,1,225,2,1,0,0,12,1,225,2,1,-124687.32683717164,-4794827.007887182,4195123.394987583,3.01523,-2.55197,0.542933,-75.375,-52.375,-61.375,-0.046875,-8.64062,8.45312,0.0957031,0.0273438,0.0449219,4,0,41.36465191267339,-91.4896153437582,11027.546611997745,-135.6276378357866,1.6989610730029576,30.56702749094156,181.094,9260.064158607724,11112.292394974402,150,False,1.0099344182542378,True,57.87111629491015,52.20093066764669,False,11.462385207279425,True,False
2,1970-07-23 09:45:04.569198358,2025-09-09,2025-09-26 15:07:36.919,HH,C,3147193868,JASSM,3,117,76,2,2,1,225,9,2,0,1,26,0,0,0,0,-126006.86169608062,-4795391.739229049,4193968.976042271,2.30011,2.9998,-0.130197,-83.375,11.875,11.0,0.0,0.0,0.0,0.0,0.0,0.0,2,0,41.35329173716915,-91.50519515606835,10000.002384926767,-80.0394306259975,-0.0009643037519475,0.0011437473348691,,9260.064158607724,11112.292394974402,150,2,2025-09-09,2025-09-26 15:07:36.808,HH,C,3831522674,HAWK11,1,1,73,2,1,1,225,2,1,0,0,12,1,225,2,1,-124728.51824342164,-4794853.955152807,4195090.833464146,3.03738,-2.57287,0.527114,-78.0,-50.625,-59.625,-0.078125,-8.53125,8.26562,0.0371094,0.0332031,0.03125,4,0,41.36426541164685,-91.49009885699245,11025.916949812705,-134.25736249203416,1.7762777958812097,32.48811878112276,181.009,9260.064158607724,11112.292394974402,150,False,0.9464732668916923,True,56.00025021552462,54.55661622327553,False,10.366791766200965,True,False
2,1970-07-23 09:45:04.582518891,2025-09-09,2025-09-26 15:07:38.251,HH,C,3151188556,JASSM,3,117,76,2,2,1,225,9,2,0,1,26,0,0,0,0,-126286.50232108062,-4795351.803682174,4194005.9770188336,2.30011,2.9997,-0.130101,-83.375,11.875,11.0,0.0,0.0,0.0,0.0,0.0,0.0,2,0,41.35373535846895,-91.50854657459875,10000.0008032061,-80.04211258788413,-0.0061301609008903,0.0004292374734055,,9260.064158607724,11112.292394974402,150,2,2025-09-09,2025-09-26 15:07:38.004,HH,C,3833073572,HAWK11,1,1,73,2,1,1,225,2,1,0,0,12,1,225,2,1,-124834.01043092164,-4794916.377027807,4195015.109831333,3.05559,-2.64449,0.480232,-84.0,-46.25,-55.25,-0.046875,-8.4375,8.10938,0.0488281,0.0371094,0.0546875,4,0,41.363366532110525,-91.49133916927973,11022.151284085156,-129.77535084503933,1.5619273570939365,35.644192446905265,181.473,9260.064158607724,11112.292394974402,150,False,0.9667252098240363,True,51.53643549956147,47.340414003946464,False,10.958246949466014,True,False
2,1970-07-23 09:45:04.606758616,2025-09-09,2025-09-26 15:07:40.675,HH,C,3149876292,JASSM,3,117,76,2,2,1,225,9,2,0,1,26,0,0,0,0,-126194.63903983062,-4795364.922822799,4193993.822721959,2.30011,2.9997,-0.130101,-83.375,11.875,11.0,0.0,0.0,0.0,0.0,0.0,0.0,2,0,41.353589641524856,-91.50744561254308,9999.998547416251,-80.04138517681528,-0.0069693411821892,0.0004298436457531,,9260.064158607724,11112.292394974402,150,2,2025-09-09,2025-09-26 15:07:40.699,HH,C,3836016302,HAWK11,1,1,73,2,1,1,225,2,1,0,0,12,1,225,2,1,-125055.15886842164,-4795017.560621557,4194886.885221958,2.6303,-2.73221,0.417914,-93.25,-38.0,-47.0,-0.15625,-7.375,7.17188,-0.398438,-0.00976562,0.0234375,4,0,41.361864667892895,-91.49394842850776,11007.409514452707,-124.02098727469904,1.2123943425396078,13.600237268434045,181.681,9260.064158607724,11112.292394974402,150,False,0.7848900439078759,True,43.84804029635002,50.13276837531042,False,12.649084463771445,True,False
2,1970-07-23 09:45:04.607338655,2025-09-09,2025-09-26 15:07:40.733,HH,C,3152443000,JASSM,3,117,76,2,2,1,225,9,2,0,1,26,0,0,0,0,-126374.31872733062,-4795339.260713424,4194017.595182896,2.30011,2.9997,-0.130101,-83.375,11.875,11.0,0.0,0.0,0.0,0.0,0.0,0.0,2,0,41.35387465206723,-91.50959904085757,10000.001299333995,-80.0428079595131,-0.0053279478329362,0.0004286523951951,,9260.064158607724,11112.292394974402,150,2,2025-09-09,2025-09-26 15:07:40.699,HH,C,3836016302,HAWK11,1,1,73,2,1,1,225,2,1,0,0,12,1,225,2,1,-125055.15886842164,-4795017.560621557,4194886.885221958,2.6303,-2.73221,0.417914,-93.25,-38.0,-47.0,-0.15625,-7.375,7.17188,-0.398438,-0.00976562,0.0234375,4,0,41.361864667892895,-91.49394842850776,11007.409514452707,-124.02098727469904,1.2123943425396078,13.600237268434045,181.681,9260.064158607724,11112.292394974402,150,False,0.8524571971372157,True,43.84804029635002,45.13135607516788,False,10.616045551710473,True,False
2,1970-07-23 09:45:04.607519104,2025-09-09,2025-09-26 15:07:40.751,HH,C,3153813564,JASSM,3,117,76,2,2,1,225,9,2,0,1,26,0,0,0,0,-126470.26403983062,-4795325.555635299,4194030.2875657086,2.30011,2.9997,-0.130101,-83.375,11.875,11.0,0.0,0.0,0.0,0.0,0.0,0.0,2,0,41.35402682648123,-91.5107489362778,10000.001280875596,-80.04356770545796,-0.0044514764183316,0.0004280153866854,,9260.064158607724,11112.292394974402,150,2,2025-09-09,2025-09-26 15:07:40.699,HH,C,3836016302,HAWK11,1,1,73,2,1,1,225,2,1,0,0,12,1,225,2,1,-125055.15886842164,-4795017.560621557,4194886.885221958,2.6303,-2.73221,0.417914,-93.25,-38.0,-47.0,-0.15625,-7.375,7.17188,-0.398438,-0.00976562,0.0234375,4,0,41.361864667892895,-91.49394842850776,11007.409514452707,-124.02098727469904,1.2123943425396078,13.600237268434045,181.681,9260.064158607724,11112.292394974402,150,False,0.8909001022217001,True,43.84804029635002,42.770591716267056,False,10.371405393654832,True,False
2,1970-07-23 09:45:04.615338188,2025-09-09,2025-09-26 15:07:41.533,HH,C,3155067576,JASSM,3,117,76,2,2,1,225,9,2,0,1,26,0,0,0,0,-126558.04919608062,-4795313.014619674,4194041.899870396,2.30011,2.9997,-0.130101,-83.375,11.875,11.0,0.0,0.0,0.0,0.0,0.0,0.0,2,0,41.354166053641286,-91.51180103818544,10000.00045336124,-80.04426284039162,-0.0036495477140401,0.000427427477079,,9260.064158607724,11112.292394974402,150,2,2025-09-09,2025-09-26 15:07:41.605,HH,C,3837368368,HAWK11,1,1,73,2,1,1,225,2,1,0,0,12,1,225,2,1,-125161.39714967164,-4795059.084059057,4194832.496550083,2.31439,-2.74142,0.422899,-94.0,-37.625,-46.875,-0.078125,-6.92188,6.70312,-0.130859,-0.00585938,-0.0195312,4,0,41.36123397325587,-91.49520406652894,10998.532427844444,-123.86454999616622,0.6762799202023034,-4.281919502598351,182.744,9260.064158607724,11112.292394974402,150,True,0.8594168643488982,True,43.491122814009884,40.63002956875205,False,11.10449615653426,True,False
2,1970-07-23 09:45:04.626579122,2025-09-09,2025-09-26 15:07:42.657,HH,C,3156379542,JASSM,3,117,76,2,2,1,225,9,2,0,1,26,0,0,0,0,-126649.89294608062,-4795299.893525924,4194054.0473313336,2.30011,2.9997,-0.130101,-83.375,11.875,11.0,0.0,0.0,0.0,0.0,0.0,0.0,2,0,41.35431169740054,-91.5129017870746,9999.999603370476,-80.04499011896745,-0.002810544925642,0.0004268223130346,,9260.064158607724,11112.292394974402,150,2,2025-09-09,2025-09-26 15:07:41.605,HH,C,3837368368,HAWK11,1,1,73,2,1,1,225,2,1,0,0,12,1,225,2,1,-125161.39714967164,-4795059.084059057,4194832.496550083,2.31439,-2.74142,0.422899,-94.0,-37.625,-46.875,-0.078125,-6.92188,6.70312,-0.130859,-0.00585938,-0.0195312,4,0,41.36123397325587,-91.49520406652894,10998.532427844444,-123.86454999616622,0.6762799202023034,-4.281919502598351,182.744,9260.064158607724,11112.292394974402,150,True,0.8987953726369422,True,43.491122814009884,38.571260116269336,False,11.598629874562098,True,False
2,1970-07-23 09:45:04.636439670,2025-09-09,2025-09-26 15:07:43.643,HH,C,3157632608,JASSM,3,117,76,2,2,1,225,9,2,0,1,26,0,0,0,0,-126737.61169608062,-4795287.361299361,4194065.6488938336,2.30011,2.9997,-0.130101,-83.375,11.875,11.0,0.0,0.0,0.0,0.0,0.0,0.0,2,0,41.35445079049208,-91.51395310249052,10000.00121001197,-80.04568473819756,-0.0020092242977764,0.0004262438946852,,9260.064158607724,11112.292394974402,150,2,2025-09-09,2025-09-26 15:07:43.782,HH,C,3835499336,HAWK11,1,1,73,2,1,1,225,2,1,0,0,12,1,225,2,1,-125015.11980592164,-4795001.316480932,4194908.025846958,2.81092,-2.72061,0.418489,-92.5,-38.5,-48.125,-0.125,-7.6875,7.57812,-0.371094,0.00195312,0.0253906,4,0,41.362110236852985,-91.49347538305702,11010.686341103108,-124.48917767356468,1.6000976171440744,23.667928379476933,184.381,9260.064158607724,11112.292394974402,150,False,1.0304373340390625,True,44.56603755600574,37.31599539517476,False,11.861329397100535,True,False
2,1970-07-23 09:45:04.668027460,2025-09-09,2025-09-26 15:07:46.802,HH,C,3158885480,JASSM,3,117,76,2,2,1,225,9,2,0,1,26,0,0,0,0,-126825.31482108062,-4795274.829072799,4194077.2485032086,2.30011,2.9997,-0.130101,-83.375,11.875,11.0,0.0,0.0,0.0,0.0,0.0,0.0,2,0,41.3545898632386,-91.51500423581892,10000.001666014772,-80.04637923904286,-0.0012080434784771,0.0004256518834097,,9260.064158607724,11112.292394974402,150,2,2025-09-09,2025-09-26 15:07:46.824,HH,C,3842219896,HAWK11,1,1,73,2,1,1,225,2,1,0,0,12,1,225,2,1,-125537.47918092164,-4795214.154371557,4194624.585417271,2.5094,-2.7233,0.469686,-92.625,-38.875,-52.125,-0.1875,-7.0,6.78125,0.0605469,0.00390625,0.0390625,4,0,41.35884932752106,-91.4996462961579,10953.72554009721,-126.3779945057376,-0.6464109757139063,6.44230902204662,186.728,9260.064158607724,11112.292394974402,150,True,0.7373962887777092,True,45.91153354831844,32.22688380774775,False,18.665118290037125,True,False
2,1970-07-23 09:45:04.669299016,2025-09-09,2025-09-26 15:07:46.929,HH,C,3161569104,JASSM,3,117,76,2,2,1,225,9,2,0,1,26,0,0,0,0,-127013.17810233062,-4795247.982393111,4194102.090300084,2.30011,2.9996,-0.130101,-83.375,11.875,11.0,0.0,0.0,0.0,0.0,0.0,0.0,2,0,41.35488770914859,-91.51725581736052,10000.000220900309,-80.04423855181341,-0.0035519107283822,-0.0002881228774525,,9260.064158607724,11112.292394974402,150,2,2025-09-09,2025-09-26 15:07:46.828,HH,C,3843333362,HAWK11,1,1,73,2,1,1,225,2,1,0,0,12,1,225,2,1,-125624.72107108062,-4795250.337861861,4194574.819792271,2.47335,-2.74257,0.461536,-93.5,-38.375,-51.875,-0.21875,-6.9375,6.5625,-0.0683594,0.00390625,-0.00976562,4,0,41.35828449692086,-91.50067667584324,10940.537725942504,-125.3380591404785,-0.9751060397267228,4.857895924091189,186.728,9260.064158607724,11112.292394974402,150,True,0.7740043461207171,True,45.44636700631834,27.40623058796552,True,22.219403245022058,True,True
2,1970-07-23 09:45:04.680340251,2025-09-09,2025-09-26 15:07:48.034,HH,C,3162880954,JASSM,3,117,76,2,2,1,225,9,2,0,1,26,0,0,0,0,-127105.01403983062,-4795234.857393111,4194114.2328782086,2.30011,2.9996,-0.130005,-83.375,11.875,11.0,0.0,0.0,0.0,0.0,0.0,0.0,2,0,41.355033292181936,-91.51835649851432,10000.000936084569,-80.04906103683003,-0.0063728472698126,-0.000288353541016,,9260.064158607724,11112.292394974402,150,2,2025-09-09,2025-09-26 15:07:47.999,HH,C,3844963794,HAWK11,1,1,73,2,1,1,225,2,1,0,0,12,1,225,2,1,-125752.28747733062,-4795301.941377486,4194502.951628208,2.43462,-2.74094,0.460482,-94.375,-38.25,-51.75,-0.1875,-7.20312,6.78125,0.0429688,-0.00195312,0.00195312,4,0,41.35747240832568,-91.50218369127556,10920.00419502997,-125.35879338257304,-0.8724404053653557,2.597443002654901,188.329,9260.064158607724,11112.292394974402,150,True,0.7429440084360397,True,45.12464420176442,24.028127461229907,True,25.549806764594464,True,True
2,1970-07-23 09:45:04.682443670,2025-09-09,2025-09-26 15:07:48.244,HH,C,3160255710,JASSM,3,117,76,2,2,1,225,9,2,0,1,26,0,0,0,0,-126921.23669608062,-4795261.122041549,4194089.933073521,2.30011,2.9996,-0.130101,-83.375,11.875,11.0,0.0,0.0,0.0,0.0,0.0,0.0,2,0,41.35474194614695,-91.51615387718012,10000.00143641686,-80.04351047782633,-0.004391807695357,-0.0002875646196138,,9260.064158607724,11112.292394974402,150,2,2025-09-09,2025-09-26 15:07:47.999,HH,C,3844963794,HAWK11,1,1,73,2,1,1,225,2,1,0,0,12,1,225,2,1,-125752.28747733062,-4795301.941377486,4194502.951628208,2.43462,-2.74094,0.460482,-94.375,-38.25,-51.75,-0.1875,-7.20312,6.78125,0.0429688,-0.00195312,0.00195312,4,0,41.35747240832568,-91.50218369127556,10920.00419502997,-125.35879338257304,-0.8724404053653557,2.597443002654901,188.329,9260.064158607724,11112.292394974402,150,True,0.6501680420498893,True,45.12464420176442,27.554629111217558,True,23.304256539988668,True,True
2,1970-07-23 09:45:04.703519515,2025-09-09,2025-09-26 15:07:50.351,HH,C,3165564762,JASSM,3,117,76,2,2,1,225,9,2,0,1,26,0,0,0,0,-127292.88903983062,-4795208.002900924,4194139.0707688336,2.30011,2.9996,-0.130005,-83.375,11.875,11.0,0.0,0.0,0.0,0.0,0.0,0.0,2,0,41.35533109068649,-91.52060825301108,10000.000558156424,-80.05054882700152,-0.0046565836775021,-0.0002896142908948,,9260.064158607724,11112.292394974402,150,2,2025-09-09,2025-09-26 15:07:50.607,HH,C,3848065590,HAWK11,1,1,73,2,1,1,225,2,1,0,0,12,1,225,2,1,-126000.05310233062,-4795401.161104049,4194370.423307896,2.88369,-2.77334,0.364033,-98.25,-37.5,-46.125,-0.015625,-10.7188,10.1719,0.324219,0.0683594,0.0546875,4,0,41.35594873001802,-91.50511090664716,10892.97798926499,-120.32297816242075,1.9687084920958453,29.120607029373424,192.178,9260.064158607724,11112.292394974402,150,False,0.6989461657181866,True,42.07913968310594,17.48252700161457,True,31.159868611880842,False,False
2,1970-07-23 09:45:04.706003874,2025-09-09,2025-09-26 15:07:50.600,HH,C,3164194186,JASSM,3,117,76,2,2,1,225,9,2,0,1,26,0,0,0,0,-127196.94372733062,-4795221.717744674,4194126.387175084,2.30011,2.9996,-0.130005,-83.375,11.875,11.0,0.0,0.0,0.0,0.0,0.0,0.0,2,0,41.35517901614284,-91.51945830859766,10000.001609044595,-80.04978902903902,-0.0055330569389401,-0.0002889722245191,,9260.064158607724,11112.292394974402,150,2,2025-09-09,2025-09-26 15:07:50.607,HH,C,3848065590,HAWK11,1,1,73,2,1,1,225,2,1,0,0,12,1,225,2,1,-126000.05310233062,-4795401.161104049,4194370.423307896,2.88369,-2.77334,0.364033,-98.25,-37.5,-46.125,-0.015625,-10.7188,10.1719,0.324219,0.0683594,0.0546875,4,0,41.35594873001802,-91.50511090664716,10892.97798926499,-120.32297816242075,1.9687084920958453,29.120607029373424,192.178,9260.064158607724,11112.292394974402,150,False,0.6478221110792686,True,42.07913968310594,18.84640792515137,True,30.529904654121133,False,False
2,1970-07-23 09:45:04.713338095,2025-09-09,2025-09-26 15:07:51.333,HH,C,3166818258,JASSM,3,117,76,2,2,1,225,9,2,0,1,26,0,0,0,0,-127380.63903983062,-4795195.458955611,4194150.6703782086,2.30011,2.9996,-0.130005,-83.375,11.875,11.0,0.0,0.0,0.0,0.0,0.0,0.0,2,0,41.355470164884935,-91.52165997806983,10000.001182949223,-80.05124373091505,-0.0038549756821473,-0.0002902008540269,,9260.064158607724,11112.292394974402,150,2,2025-09-09,2025-09-26 15:07:51.307,HH,C,3848980222,HAWK11,1,1,73,2,1,1,225,2,1,0,0,12,1,225,2,1,-126076.51013358062,-4795429.678682174,4194337.471159458,3.06441,-2.80795,0.30833,-101.375,-35.25,-40.375,-0.015625,-10.9219,10.4844,0.177734,0.0625,0.0664062,4,0,41.35554467690731,-91.50601483790317,10896.697952984858,-116.75157232229904,2.946046243905641,40.28293994452862,191.714,9260.064158607724,11112.292394974402,150,False,0.7046320043878153,True,38.80713717785359,15.604225280894145,True,31.02427071734357,False,False
2,1970-07-23 09:45:04.724357345,2025-09-09,2025-09-26 15:07:52.435,HH,C,3168131394,JASSM,3,117,76,2,2,1,225,9,2,0,1,26,0,0,0,0,-127472.56091483062,-4795182.316377486,4194162.8207688336,2.30011,2.9996,-0.130005,-83.375,11.875,11.0,0.0,0.0,0.0,0.0,0.0,0.0,2,0,41.3556158494692,-91.52276171053268,9999.999167576889,-80.05197167817066,-0.0030152550331056,-0.0002908237692746,,9260.064158607724,11112.292394974402,150,2,2025-09-09,2025-09-26 15:07:52.495,HH,C,3850053922,HAWK11,1,1,73,2,1,1,225,2,1,0,0,12,1,225,2,1,-126170.38903983062,-4795459.370088424,4194304.135221958,3.13785,-2.87478,0.250998,-105.25,-29.5,-33.5,0.0,-10.6875,10.2188,0.0644531,0.0644531,0.0722656,4,0,41.355128322524045,-91.5071264002149,10903.608094120556,-111.8239447833157,2.63581111240306,45.78851269331974,189.954,9260.064158607724,11112.292394974402,150,False,0.7047808330070511,True,33.92986283841183,14.051537114403068,True,29.19425132780673,True,True
2,1970-07-23 09:45:04.735477814,2025-09-09,2025-09-26 15:07:53.547,HH,C,3169443410,JASSM,3,117,76,2,2,1,225,9,2,0,1,26,0,0,0,0,-127564.40857108062,-4795169.184541549,4194174.960417271,2.30011,2.9996,-0.130005,-83.375,12.0,11.0,0.0,0.0,0.0,0.0,0.0,0.0,2,0,41.355761398816384,-91.52386255830982,9999.999953163391,-80.05269904299777,-0.0021762136575445,-0.0002914391808636,,9260.064158607724,11112.292394974402,150,2,2025-09-09,2025-09-26 15:07:53.495,HH,C,3851565052,HAWK11,1,1,73,2,1,1,225,2,1,0,0,12,1,225,2,1,-126305.96325858062,-4795491.978486861,4194267.5922532086,-3.1345,-2.96356,0.168546,-109.125,-21.125,-24.125,-0.03125,-9.875,9.32812,-0.0214844,0.0546875,0.0449219,4,0,41.35466642825291,-91.50873485438667,10913.456223551768,-104.96987483479462,2.2550375104581004,47.76293098514168,188.683,9260.064158607724,11112.292394974402,150,False,0.6844710278807121,True,27.383155928452286,13.07292733938739,True,26.3563577167494,True,True
2,1970-07-23 09:45:04.757297369,2025-09-09,2025-09-26 15:07:55.729,HH,C,3172066868,JASSM,3,117,76,2,2,1,225,9,2,0,1,26,0,0,0,0,-127748.05700858062,-4795142.923799361,4194199.230925084,2.30011,2.99951,-0.130005,-83.375,12.0,11.0,0.0,0.0,0.0,0.0,0.0,0.0,2,0,41.35605239654427,-91.52606370794516,10000.000096641465,-80.05051594576908,-0.0045686850307339,-0.0010065148739867,,9260.064158607724,11112.292394974402,150,2,2025-09-09,2025-09-26 15:07:55.632,HH,C,3853593150,HAWK11,1,1,73,2,1,1,225,2,1,0,0,12,1,225,2,1,-126494.58435233062,-4795517.310518111,4194235.017057896,3.074,-3.05454,0.082068,-112.25,-9.375,-13.75,-0.125,-9.15625,8.57812,-0.0449219,0.0488281,0.0488281,4,0,41.35426625023859,-91.51097892676144,10917.446511941083,-97.82376941603654,1.748371917270294,44.38639108561642,187.217,9260.064158607724,11112.292394974402,150,False,0.6877753784871917,True,19.352987028060834,12.32956947892849,True,22.007007681120857,True,True
2,1970-07-23 09:45:04.757801526,2025-09-09,2025-09-26 15:07:55.780,HH,C,3170696878,JASSM,3,117,76,2,2,1,225,9,2,0,1,26,0,0,0,0,-127652.15466483062,-4795156.637666549,4194186.557096959,2.30011,2.9996,-0.130005,-83.375,12.0,11.0,0.0,0.0,0.0,0.0,0.0,0.0,2,0,41.35590044150675,-91.52491425150949,9999.999455938563,-80.053393931815,-0.0013746398222725,-0.0002920298247699,,9260.064158607724,11112.292394974402,150,2,2025-09-09,2025-09-26 15:07:55.632,HH,C,3853593150,HAWK11,1,1,73,2,1,1,225,2,1,0,0,12,1,225,2,1,-126494.58435233062,-4795517.310518111,4194235.017057896,3.074,-3.05454,0.082068,-112.25,-9.375,-13.75,-0.125,-9.15625,8.57812,-0.0449219,0.0488281,0.0488281,4,0,41.35426625023859,-91.51097892676144,10917.446511941083,-97.82376941603654,1.748371917270294,44.38639108561642,187.217,9260.064158607724,11112.292394974402,150,False,0.6352210192979748,True,19.352987028060834,13.318286072813384,True,22.49140266933551,True,True
2,1970-07-23 09:45:04.792297841,2025-09-09,2025-09-26 15:07:59.229,HH,C,3173319568,JASSM,3,117,76,2,2,1,225,9,2,0,1,26,0,0,0,0,-127835.75232108062,-4795130.382783736,4194210.8188157086,2.30011,2.99951,-0.130005,-83.375,12.0,11.0,0.0,0.0,0.0,0.0,0.0,0.0,2,0,41.35619133295671,-91.52711480230568,10000.000226054972,-80.05121044289909,-0.0037675757503805,-0.0010070485650717,,9260.064158607724,11112.292394974402,150,2,2025-09-09,2025-09-26 15:07:59.200,HH,C,3858206080,HAWK11,1,1,73,2,1,1,225,2,1,0,0,12,1,225,2,1,-126933.37732108062,-4795508.493135299,4194222.5395188336,2.78849,3.06317,-0.0822597,-113.375,11.0,7.125,0.03125,-8.375,7.8125,-0.111328,0.0292969,0.0488281,4,0,41.3541654543656,-91.51622065675254,10897.23576640059,-84.49749021201247,0.8843175077666325,28.334468226352133,187.131,9260.064158607724,11112.292394974402,150,False,0.5054722554032809,True,4.674764641168984,16.627662666874073,True,17.704859489877794,True,True
2,1970-07-23 09:45:04.792405412,2025-09-09,2025-09-26 15:07:59.240,HH,C,3174632716,JASSM,3,117,76,2,2,1,225,9,2,0,1,26,0,0,0,0,-127927.67810233062,-4795117.235322799,4194222.965300084,2.30011,2.99951,-0.130005,-83.375,12.0,11.0,0.0,0.0,0.0,0.0,0.0,0.0,2,0,41.356336967320594,-91.52821660728358,10000.000273430816,-80.05193844848122,-0.0029278191891054,-0.0010076137069241,,9260.064158607724,11112.292394974402,150,2,2025-09-09,2025-09-26 15:07:59.200,HH,C,3858206080,HAWK11,1,1,73,2,1,1,225,2,1,0,0,12,1,225,2,1,-126933.37732108062,-4795508.493135299,4194222.5395188336,2.78849,3.06317,-0.0822597,-113.375,11.0,7.125,0.03125,-8.375,7.8125,-0.111328,0.0292969,0.0488281,4,0,41.3541654543656,-91.51622065675254,10897.23576640059,-84.49749021201247,0.8843175077666325,28.334468226352133,187.131,9260.064158607724,11112.292394974402,150,False,0.5557489252141996,True,4.674764641168984,15.186310241306987,True,16.319715578344635,True,True
2,1970-07-23 09:45:04.792527809,2025-09-09,2025-09-26 15:07:59.252,HH,C,3174632716,JASSM,3,117,76,2,2,1,225,9,2,0,1,26,0,0,0,0,-127927.67810233062,-4795117.235322799,4194222.965300084,2.30011,2.99951,-0.130005,-83.375,12.0,11.0,0.0,0.0,0.0,0.0,0.0,0.0,2,10485784,41.356336967320594,-91.52821660728358,10000.000273430816,-80.05193844848122,-0.0029278191891054,-0.0010076137069241,,9260.064158607724,11112.292394974402,150,2,2025-09-09,2025-09-26 15:07:59.200,HH,C,3858206080,HAWK11,1,1,73,2,1,1,225,2,1,0,0,12,1,225,2,1,-126933.37732108062,-4795508.493135299,4194222.5395188336,2.78849,3.06317,-0.0822597,-113.375,11.0,7.125,0.03125,-8.375,7.8125,-0.111328,0.0292969,0.0488281,4,0,41.3541654543656,-91.51622065675254,10897.23576640059,-84.49749021201247,0.8843175077666325,28.334468226352133,187.131,9260.064158607724,11112.292394974402,150,False,0.5557489252141996,True,4.674764641168984,15.186310241306987,True,16.319715578344635,True,True
