Subject_cm,Timestamp,SampleDate_cm,SampleTime_cm,Configuration_cm,Scenario_cm,DisTime_cm,MarkingTxt_cm,Application_cm,EntId_cm,Site_cm,ExerciseId_cm,ForceId_cm,Category_cm,Country_cm,Domain_cm,Kind_cm,Extra_cm,Specific_cm,Subcategory_cm,AltCategory_cm,AltCountry_cm,AltDomain_cm,AltKind_cm,ECEF_X_cm,ECEF_Y_cm,ECEF_Z_cm,OriPhi_cm,OriPsi_cm,OriTheta_cm,LinVelX_cm,LinVelY_cm,LinVelZ_cm,LinAccX_cm,LinAccY_cm,LinAccZ_cm,AngVelX_cm,AngVelY_cm,AngVelZ_cm,DrAlg_cm,Appearance_cm,Latitude_cm,Longitude_cm,Altitude_cm,Heading_cm,Pitch_cm,Roll_cm,CalibratedAirspeed_cm,CM_Altitude_Lead_cm,CM_Altitude_Wing_cm,CM_Airspeed_cm,Subject_ac,SampleDate_ac,SampleTime_ac,Configuration_ac,Scenario_ac,DisTime_ac,MarkingTxt_ac,Application_ac,EntId_ac,Site_ac,ExerciseId_ac,ForceId_ac,Category_ac,Country_ac,Domain_ac,Kind_ac,Extra_ac,Specific_ac,Subcategory_ac,AltCategory_ac,AltCountry_ac,AltDomain_ac,AltKind_ac,ECEF_X_ac,ECEF_Y_ac,ECEF_Z_ac,OriPhi_ac,OriPsi_ac,OriTheta_ac,LinVelX_ac,LinVelY_ac,LinVelZ_ac,LinAccX_ac,LinAccY_ac,LinAccZ_ac,AngVelX_ac,AngVelY_ac,AngVelZ_ac,DrAlg_ac,Appearance_ac,Latitude_ac,Longitude_ac,Altitude_ac,Heading_ac,Pitch_ac,Roll_ac,CalibratedAirspeed_ac,CM_Altitude_Lead_ac,CM_Altitude_Wing_ac,CM_Airspeed_ac,Bank_Angle_Condition,distance_nm,Distance_Condition,angle_between_vel,angle_between_pos,Cone_Condition,angle_between_pos_nose,Nose_Cone_Condition,Intercept_Criteria
11,1970-07-23 11:25:31.869312828,2025-09-16,2025-09-26 14:33:06.931,HH,C,2013740718,JASSM,3,101,76,2,2,1,225,9,2,0,1,26,0,0,0,0,-155550.64001639312,-4777463.202119674,4213263.823698521,-2.71083,-1.01118,0.751842,33.625,-53.5,-59.0,0.0,0.0,0.0,0.0,0.0,0.0,2,0,41.58503200548432,-91.8648490715412,10000.000988581463,155.93983564279822,4.216375579467912e-05,0.0048422415511269,,8561.873061902648,11079.41924856223,150,11,2025-09-16,2025-09-26 14:33:06.815,HH,C,1364658630,HAWK11,1,1,73,2,1,1,225,2,1,0,0,12,1,225,2,1,-143496.99646170562,-4792944.255830611,4196687.263151646,2.55571,2.30979,-0.726532,-71.0,68.375,76.875,-0.0625,-6.75,6.85938,-0.0136719,0.0,0.0078125,4,0,41.38327932471036,-91.7148784973895,11080.204523352742,-31.33971445200221,2.068810918848753,-2.097227860407906,198.227,8561.873061902648,11079.41924856223,150,True,13.850397573268168,False,168.2693235999075,174.84496910164214,False,6.7277779145915355,True,False
11,1970-07-23 11:25:31.880034423,2025-09-16,2025-09-26 14:33:08.003,HH,C,2014933688,JASSM,3,101,76,2,2,1,225,9,2,0,1,26,0,0,0,0,-155517.05700858062,-4777516.821260299,4213204.663542271,-2.71083,-1.01118,0.751842,33.625,-53.5,-59.0,0.0,0.0,0.0,0.0,0.0,0.0,2,0,41.58432020036967,-91.86442582898272,10000.004565575256,155.94011655995985,0.0008211920329717,0.0048411139695526,,8561.873061902648,11079.41924856223,150,11,2025-09-16,2025-09-26 14:33:08.110,HH,C,1366289060,HAWK11,1,1,73,2,1,1,225,2,1,0,0,12,1,225,2,1,-143593.71130545562,-4792851.096650924,4196791.979948521,2.57114,2.3119,-0.725861,-71.375,68.625,77.0,-0.0625,-6.79688,6.89062,-0.00390625,0.00390625,0.00195312,4,0,41.38452315374189,-91.71606694397636,11085.240574913669,-31.4376964117003,2.0847809837345967,-1.1359863479368388,199.021,8561.873061902648,11079.41924856223,150,True,13.712734126961143,False,168.1977038574583,174.869767697951,False,6.819765357416212,True,False
11,1970-07-23 11:25:31.890471797,2025-09-16,2025-09-26 14:33:09.047,HH,C,2016126756,JASSM,3,101,76,2,2,1,225,9,2,0,1,26,0,0,0,0,-155483.47204764312,-4777570.442354049,4213145.495573521,-2.71083,-1.01118,0.751938,33.625,-53.5,-59.0,0.0,0.0,0.0,0.0,0.0,0.0,2,0,41.58360832973918,-91.86400257156104,9999.99962907046,155.94269009387213,-0.0033897240565964,0.0048399410349457,,8561.873061902648,11079.41924856223,150,11,2025-09-16,2025-09-26 14:33:09.017,HH,C,1367482060,HAWK11,1,1,73,2,1,1,225,2,1,0,0,12,1,225,2,1,-143665.01794608062,-4792782.334932174,4196869.194792271,2.57153,2.30797,-0.726628,-71.5,68.875,77.125,-0.015625,-6.84375,6.95312,0.00976562,0.0078125,0.0,4,0,41.38544071768587,-91.71694322680702,11088.792976799974,-31.27160684926808,2.0354606732609044,-1.25750525514707,199.351,8561.873061902648,11079.41924856223,150,True,13.59898379316323,False,168.2199176453861,174.88362187729305,False,6.807935630120853,True,False
11,1970-07-23 11:25:31.900253388,2025-09-16,2025-09-26 14:33:10.025,HH,C,2017318940,JASSM,3,101,76,2,2,1,225,9,2,0,1,26,0,0,0,0,-155449.91150076812,-4777624.024385299,4213086.370573521,-2.71083,-1.01109,0.751938,33.625,-53.5,-59.0,0.0,0.0,0.0,0.0,0.0,0.0,2,0,41.58289697515945,-91.8635796311394,9999.998259234852,155.9393263221561,-0.0042857615235711,0.0010880742090507,,8561.873061902648,11079.41924856223,150,11,2025-09-16,2025-09-26 14:33:10.111,HH,C,1368675058,HAWK11,1,1,73,2,1,1,225,2,1,0,0,12,1,225,2,1,-143736.65075858062,-4792713.496064986,4196946.550261021,2.5837,2.30663,-0.72634,-71.75,69.0,77.375,-0.15625,-6.85938,6.96875,0.0117188,-0.00195312,-0.00585938,4,0,41.38635962460636,-91.71782345741887,11092.492773963271,-31.231659995137225,1.992585547451528,-0.6094433149503511,199.84,8561.873061902648,11079.41924856223,150,True,13.485111268319852,False,168.19501453230257,174.8981731554553,False,6.85428381508107,True,False
11,1970-07-23 11:25:31.910549912,2025-09-16,2025-09-26 14:33:11.054,HH,C,2018452334,JASSM,3,101,76,2,2,1,225,9,2,0,1,26,0,0,0,0,-155418.00622733062,-4777674.963838424,4213030.163542271,-2.71083,-1.01109,0.751938,33.625,-53.5,-59.0,0.0,0.0,0.0,0.0,0.0,0.0,2,0,41.58222071547683,-91.86317755951896,10000.004944383394,155.9395931765815,-0.0035456424069193,0.0010869810495673,,8561.873061902648,11079.41924856223,150,11,2025-09-16,2025-09-26 14:33:11.017,HH,C,1369868058,HAWK11,1,1,73,2,1,1,225,2,1,0,0,12,1,225,2,1,-143808.26989920562,-4792644.175752486,4197024.290495396,2.59933,2.30135,-0.726723,-71.75,69.25,77.625,-0.015625,-6.84375,7.01562,0.015625,0.00390625,0.00976562,4,0,41.38728398782224,-91.71870372175536,11095.849787080477,-31.027668522730696,1.8953158789051936,0.092269508728204,200.329,8561.873061902648,11079.41924856223,150,True,13.373246073083502,False,168.2863679117982,174.91319202143785,False,6.7807187074126665,True,False
11,1970-07-23 11:25:31.918450804,2025-09-16,2025-09-26 14:33:11.845,HH,C,2019585728,JASSM,3,101,76,2,2,1,225,9,2,0,1,26,0,0,0,0,-155386.09997733062,-4777725.901338424,4212973.952604771,-2.71083,-1.01109,0.751938,33.625,-53.5,-59.0,0.0,0.0,0.0,0.0,0.0,0.0,2,0,41.58154443986242,-91.86277548535077,10000.001742909995,155.93986002913377,-0.0028055066765224,0.0010858894580149,,8561.873061902648,11079.41924856223,150,11,2025-09-16,2025-09-26 14:33:11.842,HH,C,1370385024,HAWK11,1,1,73,2,1,1,225,2,1,0,0,12,1,225,2,1,-143839.88513358062,-4792613.780244674,4197058.405729771,2.6046,2.29944,-0.727586,-71.875,69.375,77.75,-0.1875,-6.96875,6.92188,0.00976562,-0.00976562,-0.00390625,4,0,41.38768944918336,-91.71909223609792,11097.400225425126,-30.932061497261405,1.895707900884433,0.3245812008438003,200.806,8561.873061902648,11079.41924856223,150,True,13.299310417110508,False,168.28531778789096,174.91059671507043,False,6.7802512692964365,True,False
11,1970-07-23 11:25:31.928834181,2025-09-16,2025-09-26 14:33:12.883,HH,C,2020718106,JASSM,3,101,76,2,2,1,225,9,2,0,1,26,0,0,0,0,-155354.22302420562,-4777776.791963424,4212917.792448521,-2.71083,-1.01109,0.751938,33.625,-53.5,-59.0,0.0,0.0,0.0,0.0,0.0,0.0,2,0,41.58086877874396,-91.86237378879252,9999.999960973302,155.94012662751123,-0.0020660459217237,0.0010847967945696,,8561.873061902648,11079.41924856223,150,11,2025-09-16,2025-09-26 14:33:12.813,HH,C,1371816622,HAWK11,1,1,73,2,1,1,225,2,1,0,0,12,1,225,2,1,-143926.05700858062,-4792530.479463424,4197151.835417271,2.62138,2.29388,-0.728353,-71.75,69.75,78.0,-0.015625,-6.70312,6.78125,0.00976562,0.00195312,0.00585938,4,0,41.38880027789536,-91.7201513747721,11101.481085059944,-30.70611831532049,1.8122800178235867,1.0813518985548745,201.062,8561.873061902648,11079.41924856223,150,True,13.173807734806084,False,168.44530269211756,174.93272967033224,False,6.640750908762812,True,False
11,1970-07-23 11:25:31.938820977,2025-09-16,2025-09-26 14:33:13.882,HH,C,2021852006,JASSM,3,101,76,2,2,1,225,9,2,0,1,26,0,0,0,0,-155322.30310233062,-4777827.750947799,4212861.558073521,-2.71083,-1.01109,0.751938,33.625,-53.5,-59.0,0.0,0.0,0.0,0.0,0.0,0.0,2,0,41.5801922167855,-91.86197155924889,10000.004307282956,155.94039357605627,-0.001325598763729,0.0010837072324354,,8561.873061902648,11079.41924856223,150,11,2025-09-16,2025-09-26 14:33:13.813,HH,C,1373208454,HAWK11,1,1,73,2,1,1,225,2,1,0,0,12,1,225,2,1,-144009.04333670562,-4792449.527314986,4197242.522917271,2.66625,2.28563,-0.731229,-71.5,70.125,78.375,0.0,-6.6875,6.73438,0.126953,-0.0078125,0.0195312,4,0,41.38987918338268,-91.72117165587008,11105.168164988636,-30.319736546831383,1.775293109400318,3.3494122348056785,201.551,8561.873061902648,11079.41924856223,150,True,13.050768058205898,False,168.67341780315954,174.95265357200316,False,6.43723415794165,True,False
11,1970-07-23 11:25:31.947312047,2025-09-16,2025-09-26 14:33:14.731,HH,C,2022985202,JASSM,3,101,76,2,2,1,225,9,2,0,1,26,0,0,0,0,-155290.40271170562,-4777878.676729049,4212805.354948521,-2.71083,-1.01109,0.751938,33.625,-53.5,-59.0,0.0,0.0,0.0,0.0,0.0,0.0,2,0,41.57951605812481,-91.86156958499868,10000.000300215506,155.94066035160665,-0.0005855964308687,0.0010826140380304,,8561.873061902648,11079.41924856223,150,11,2025-09-16,2025-09-26 14:33:14.813,HH,C,1374282152,HAWK11,1,1,73,2,1,1,225,2,1,0,0,12,1,225,2,1,-144073.32068045562,-4792385.654268111,4197313.602995396,2.85627,2.27911,-0.731996,-70.5,70.875,78.625,-0.296875,-6.40625,6.46875,0.207031,0.00976562,0.015625,4,0,41.39072746900822,-91.72196236161872,11106.967365357528,-30.058285900296458,1.673288411697217,13.99528110998966,201.844,8561.873061902648,11079.41924856223,150,False,12.944851646145082,False,169.22391709030705,174.9629456418153,False,5.8813685591628655,True,False
11,1970-07-23 11:25:31.956470157,2025-09-16,2025-09-26 14:33:15.647,HH,C,2024060350,JASSM,3,101,76,2,2,1,225,9,2,0,1,26,0,0,0,0,-155260.13708670562,-4777926.995088424,4212752.030729771,-2.71083,-1.01109,0.751938,33.625,-53.5,-59.0,0.0,0.0,0.0,0.0,0.0,0.0,2,0,41.57887452605436,-91.86118821714808,10000.002628891734,155.9409134481528,0.0001165046173284,0.0010815683272134,,8561.873061902648,11079.41924856223,150,11,2025-09-16,2025-09-26 14:33:15.703,HH,C,1375475152,HAWK11,1,1,73,2,1,1,225,2,1,0,0,12,1,225,2,1,-144142.43005545562,-4792314.240205611,4197391.946745396,2.98196,2.24623,-0.745515,-68.125,72.5,79.5,-0.03125,-7.01562,7.14062,0.0644531,0.0175781,0.0390625,4,0,41.39166877484308,-91.72281351543016,11106.33561698699,-28.464508299786992,1.6560980983677762,19.97441673638365,202.138,8561.873061902648,11079.41924856223,150,False,12.835002157373697,False,170.5472059446873,174.9730597350268,False,4.54303842722057,True,False
11,1970-07-23 11:25:31.965251138,2025-09-16,2025-09-26 14:33:16.525,HH,C,2025134154,JASSM,3,101,76,2,2,1,225,9,2,0,1,26,0,0,0,0,-155229.90857108062,-4777975.250947799,4212698.772917271,-2.71083,-1.01109,0.751938,33.625,-53.5,-59.0,0.0,0.0,0.0,0.0,0.0,0.0,2,0,41.57823380557641,-91.8608073257029,10000.002331256552,155.94116622532934,0.0008177204530711,0.0010805337551266,,8561.873061902648,11079.41924856223,150,11,2025-09-16,2025-09-26 14:33:16.516,HH,C,1376350016,HAWK11,1,1,73,2,1,1,225,2,1,0,0,12,1,225,2,1,-144192.00232108062,-4792260.539033736,4197450.661589146,3.03939,2.21593,-0.750404,-66.0,73.875,80.375,-0.1875,-7.26562,7.26562,0.046875,0.0136719,0.0332031,4,0,41.39237570073439,-91.72342495438974,11105.26076422272,-27.21284580505306,1.2949114535848156,22.116464139877998,202.834,8561.873061902648,11079.41924856223,150,False,12.742718250008034,False,171.72577691925824,174.9717774401149,False,3.343660783837056,True,False
11,1970-07-23 11:25:31.974311751,2025-09-16,2025-09-26 14:33:17.431,HH,C,2026266090,JASSM,3,101,76,2,2,1,225,9,2,0,1,26,0,0,0,0,-155198.04431326812,-4778026.118135299,4212642.632292271,-2.71083,-1.01109,0.752034,33.625,-53.5,-59.0,0.0,0.0,0.0,0.0,0.0,0.0,2,0,41.57755840612046,-91.86040583136878,10000.00365243911,155.94372703637168,-0.0034360759044309,0.0010794029278533,,8561.873061902648,11079.41924856223,150,11,2025-09-16,2025-09-26 14:33:17.517,HH,C,1377383950,HAWK11,1,1,73,2,1,1,225,2,1,0,0,12,1,225,2,1,-144248.59411795562,-4792195.319307174,4197521.825651646,3.05243,2.20069,-0.752897,-63.25,75.0,82.0,-0.234375,-7.48438,7.39062,-0.0117188,0.015625,0.0253906,4,0,41.39323392307196,-91.72412439804026,11103.379877218196,-26.581765164523464,1.125968729722875,22.28054176562454,203.274,8561.873061902648,11079.41924856223,150,False,12.638311624622524,False,173.23793583766292,174.9653752937823,False,1.8953594868312906,True,False
11,1970-07-23 11:25:31.984451821,2025-09-16,2025-09-26 14:33:18.445,HH,C,2027400492,JASSM,3,101,76,2,2,1,225,9,2,0,1,26,0,0,0,0,-155166.10974295562,-4778077.094697799,4212586.366667271,-2.71083,-1.01109,0.752034,33.625,-53.5,-59.0,0.0,0.0,0.0,0.0,0.0,0.0,2,0,41.57688152442389,-91.86000346059676,9999.998991355862,155.9439940612795,-0.0026952873592222,0.0010783401156548,,8561.873061902648,11079.41924856223,150,11,2025-09-16,2025-09-26 14:33:18.406,HH,C,1378616714,HAWK11,1,1,73,2,1,1,225,2,1,0,0,12,1,225,2,1,-144312.25427420562,-4792116.711885299,4197607.827604771,3.05051,2.17058,-0.761813,-59.625,76.375,84.0,-0.171875,-7.85938,7.64062,-0.0292969,0.0117188,0.0292969,4,0,41.39427067505945,-91.72491311048358,11101.283462011856,-25.23302246056819,1.0177721452073083,21.01095415438248,203.567,8561.873061902648,11079.41924856223,150,False,12.52249532312501,False,175.18040663031948,174.95115765928722,False,0.7845162851945658,True,False
11,1970-07-23 11:25:31.994469503,2025-09-16,2025-09-26 14:33:19.446,HH,C,2028532560,JASSM,3,101,76,2,2,1,225,9,2,0,1,26,0,0,0,0,-155134.24157889312,-4778127.967744674,4212530.218229771,-2.71083,-1.01109,0.752034,33.625,-53.5,-59.0,0.0,0.0,0.0,0.0,0.0,0.0,2,0,41.57620603518887,-91.85960193394192,10000.00432989686,155.94426052244836,-0.001956026448294,0.0010772746197881,,8561.873061902648,11079.41924856223,150,11,2025-09-16,2025-09-26 14:33:19.516,HH,C,1379929014,HAWK11,1,1,73,2,1,1,225,2,1,0,0,12,1,225,2,1,-144375.95544608062,-4792031.676729049,4197701.724089146,3.05233,2.14681,-0.767853,-56.0,77.625,86.0,-0.046875,-7.67188,7.45312,-0.00390625,0.0175781,0.0214844,4,0,41.39539894204149,-91.72570465145586,11100.513448176647,-24.19781238311824,0.903419801647222,20.189461920095564,204.264,8561.873061902648,11079.41924856223,150,False,12.401905723349332,False,177.0884423221299,174.924839086183,False,2.30586607643252,True,False
11,1970-07-23 11:25:32.003275813,2025-09-16,2025-09-26 14:33:20.327,HH,C,2029667438,JASSM,3,101,76,2,2,1,225,9,2,0,1,26,0,0,0,0,-155102.29333670562,-4778178.963838424,4212473.927214146,-2.71083,-1.01109,0.752034,33.625,-53.5,-59.0,0.0,0.0,0.0,0.0,0.0,0.0,2,0,41.57552886565048,-91.85919940859353,9999.998191576464,155.94452764280197,-0.0012149253454642,0.0010762127228954,,8561.873061902648,11079.41924856223,150,11,2025-09-16,2025-09-26 14:33:20.203,HH,C,1380764112,HAWK11,1,1,73,2,1,1,225,2,1,0,0,12,1,225,2,1,-144414.40271170562,-4791977.114229049,4197762.288542271,3.07084,2.12111,-0.771113,-53.75,78.375,86.875,-0.203125,-7.26562,7.01562,-0.0078125,0.00585938,0.0351562,4,0,41.39612545649961,-91.7261835705912,11100.53074588682,-23.15981086785908,0.6302549822023612,20.239267647702917,204.227,8561.873061902648,11079.41924856223,150,False,12.309094157493051,False,178.21052994659368,174.89530690344677,False,3.3943961058683914,True,False
11,1970-07-23 11:25:32.013290392,2025-09-16,2025-09-26 14:33:21.329,HH,C,2030800596,JASSM,3,101,76,2,2,1,225,9,2,0,1,26,0,0,0,0,-155070.39489920562,-4778229.883760299,4212417.722136021,-2.71083,-1.01109,0.752034,33.625,-53.5,-59.0,0.0,0.0,0.0,0.0,0.0,0.0,2,0,41.57485271819731,-91.85879751784454,9999.999759684788,155.94479433846408,-0.0004749497819175,0.0010751402752182,,8561.873061902648,11079.41924856223,150,11,2025-09-16,2025-09-26 14:33:21.703,HH,C,1382593376,HAWK11,1,1,73,2,1,1,225,2,1,0,0,12,1,225,2,1,-144492.67419608062,-4791855.088838424,4197896.688932896,3.0299,2.06426,-0.768812,-49.25,80.5,88.5,-0.046875,-6.48438,6.23438,-0.121094,-0.0292969,0.0234375,4,0,41.39774455911301,-91.72716253691218,11097.738775225838,-21.06230646979019,-0.4090348625549212,15.629950108570604,204.472,8561.873061902648,11079.41924856223,150,False,12.158637476106003,False,179.48006497163064,174.83551545331844,False,5.659433087453527,True,False
11,1970-07-23 11:25:32.022452343,2025-09-16,2025-09-26 14:33:22.245,HH,C,2031993748,JASSM,3,101,76,2,2,1,225,9,2,0,1,26,0,0,0,0,-155036.80603201812,-4778283.497041549,4212358.540495396,-2.71083,-1.01099,0.752034,33.625,-53.5,-59.0,0.0,0.0,0.0,0.0,0.0,0.0,2,0,41.574140781028255,-91.85837434028984,9999.996977835168,155.9414265803203,-0.0013725377365514,-0.0026819701154735,,8561.873061902648,11079.41924856223,150,11,2025-09-16,2025-09-26 14:33:22.313,HH,C,1383150110,HAWK11,1,1,73,2,1,1,225,2,1,0,0,12,1,225,2,1,-144515.76794608062,-4791816.638643111,4197938.495573521,2.9812,2.04834,-0.762964,-48.25,81.5,88.375,-0.015625,-5.98438,5.75,-0.123047,-0.015625,0.0117188,4,0,41.39825135311225,-91.7274522687212,11095.568845043064,-20.575801479560077,-0.9629147577019675,12.201529233370486,204.802,8561.873061902648,11079.41924856223,150,False,12.07921206070166,False,178.88651367506478,174.79926853357478,False,6.162083769914416,True,False
11,1970-07-23 11:25:32.032497270,2025-09-16,2025-09-26 14:33:23.249,HH,C,2033067490,JASSM,3,101,76,2,2,1,225,9,2,0,1,26,0,0,0,0,-155006.57946951812,-4778331.745088424,4212305.282682896,-2.71074,-1.01099,0.752034,33.625,-53.5,-59.0,0.0,0.0,0.0,0.0,0.0,0.0,2,0,41.5735000969557,-91.8579935308952,10000.000799545587,155.94167927953546,-0.0006713716445385,0.0028084515452105,,8561.873061902648,11079.41924856223,150,11,2025-09-16,2025-09-26 14:33:23.246,HH,C,1384064742,HAWK11,1,1,73,2,1,1,225,2,1,0,0,12,1,225,2,1,-144552.61755545562,-4791752.914033736,4198006.489714146,2.92185,2.02802,-0.750308,-47.25,83.25,88.0,-0.140625,-5.75,5.34375,-0.0722656,-0.015625,0.0117188,4,0,41.39908280165552,-91.7279154441996,11089.065368806994,-20.044966456987694,-1.9422596242960444,7.98835106672327,205.425,8561.873061902648,11079.41924856223,150,True,11.983643863795574,False,178.06208785283644,174.75221222588664,False,6.755673856045712,True,False
11,1970-07-23 11:25:32.041269003,2025-09-16,2025-09-26 14:33:24.126,HH,C,2034141232,JASSM,3,101,76,2,2,1,225,9,2,0,1,26,0,0,0,0,-154976.35290701812,-4778379.993135299,4212252.020964146,-2.71074,-1.01099,0.752034,33.625,-53.5,-59.0,0.0,0.0,0.0,0.0,0.0,0.0,2,0,41.57285938525154,-91.85761272902656,9999.99924718236,155.94193197055813,2.9818540091407644e-05,0.0028073903803001,,8561.873061902648,11079.41924856223,150,11,2025-09-16,2025-09-26 14:33:24.120,HH,C,1384979374,HAWK11,1,1,73,2,1,1,225,2,1,0,0,12,1,225,2,1,-144588.10974295562,-4791688.927705611,4198073.204557896,2.86433,2.02035,-0.747528,-46.625,84.5,88.0,0.0,-6.57812,6.34375,-0.0839844,0.00390625,0.0136719,4,0,41.39990741343326,-91.72836250974876,11079.04687692865,-19.79906296425256,-2.2029821356833468,4.3843849192481095,206.28,8561.873061902648,11079.41924856223,150,True,11.888793287333135,False,177.5099496068899,174.70271105674075,False,7.219875033265855,True,False
11,1970-07-23 11:25:32.050310446,2025-09-16,2025-09-26 14:33:25.031,HH,C,2035275158,JASSM,3,101,76,2,2,1,225,9,2,0,1,26,0,0,0,0,-154944.43200858062,-4778430.944307174,4212195.776823521,-2.71074,-1.01099,0.75213,33.625,-53.5,-59.0,0.0,0.0,0.0,0.0,0.0,0.0,2,0,41.57218278677477,-91.85721059019876,10000.004413324788,155.94449208300412,-0.0042194223753497,0.0028062123373262,,8561.873061902648,11079.41924856223,150,11,2025-09-16,2025-09-26 14:33:25.017,HH,C,1386570040,HAWK11,1,1,73,2,1,1,225,2,1,0,0,12,1,225,2,1,-144649.11364920562,-4791575.121064986,4198190.819792271,2.89817,2.01249,-0.749445,-45.625,86.0,88.375,-0.171875,-6.65625,6.35938,0.0117188,0.00390625,0.0,4,0,41.40136740393273,-91.72913233282284,11058.816747362573,-19.451620103271413,-2.2117289153859447,6.003576236241801,206.928,8561.873061902648,11079.41924856223,150,True,11.751268357774899,False,176.8058062334509,174.62317817027892,False,7.94424048517892,True,False
11,1970-07-23 11:25:32.060471934,2025-09-16,2025-09-26 14:33:26.047,HH,C,2036468156,JASSM,3,101,76,2,2,1,225,9,2,0,1,26,0,0,0,0,-154910.84802420562,-4778484.547822799,4212136.599089146,-2.71074,-1.01099,0.75213,33.625,-53.5,-59.0,0.0,0.0,0.0,0.0,0.0,0.0,2,0,41.57147092707575,-91.85678750977162,10000.001061645067,155.94477282166412,-0.0034403679309055,0.0028050725768033,,8561.873061902648,11079.41924856223,150,11,2025-09-16,2025-09-26 14:33:25.907,HH,C,1387603972,HAWK11,1,1,73,2,1,1,225,2,1,0,0,12,1,225,2,1,-144688.47302420562,-4791499.916963424,4198267.843229771,2.90411,1.99868,-0.746857,-44.875,87.0,88.625,-0.15625,-6.64062,6.125,0.0,0.0,0.0078125,4,0,41.4023276362778,-91.72962967835142,11043.873227966518,-18.955516848366788,-2.545521427196943,5.785471734475463,207.759,8561.873061902648,11079.41924856223,150,True,11.64359440680371,False,176.3128250195984,174.5599982781247,False,8.471631465474447,True,False
11,1970-07-23 11:25:32.070256748,2025-09-16,2025-09-26 14:33:27.025,HH,C,2037601470,JASSM,3,101,76,2,2,1,225,9,2,0,1,26,0,0,0,0,-154878.94372733062,-4778535.469697799,4212080.382292271,-2.71074,-1.01099,0.75213,33.625,-53.5,-59.0,0.0,0.0,0.0,0.0,0.0,0.0,2,0,41.570794681293634,-91.8563855983872,10000.002366459204,155.94503950976664,-0.0027002885814933,0.0028039945601967,,8561.873061902648,11079.41924856223,150,11,2025-09-16,2025-09-26 14:33:26.921,HH,C,1388280004,HAWK11,1,1,73,2,1,1,225,2,1,0,0,12,1,225,2,1,-144713.79528983062,-4791450.082979049,4198318.526823521,2.92348,1.99245,-0.75702,-44.25,87.5,88.75,-0.109375,-7.42188,7.04688,0.00585938,0.0332031,0.00976562,4,0,41.402961667098886,-91.72995018234896,11033.145840363046,-18.51711177473095,-2.0811889433092463,6.63351773236807,209.103,8561.873061902648,11079.41924856223,150,True,11.559209272566768,False,175.98274075424098,174.5096905234751,False,8.854756490933237,True,False
11,1970-07-23 11:25:32.079471417,2025-09-16,2025-09-26 14:33:27.947,HH,C,2038733108,JASSM,3,101,76,2,2,1,225,9,2,0,1,26,0,0,0,0,-154847.08728201812,-4778586.313447799,4212024.247526646,-2.71074,-1.01099,0.75213,33.625,-53.5,-59.0,0.0,0.0,0.0,0.0,0.0,0.0,2,0,41.5701194433532,-91.85598429885172,9999.997880432826,155.94530578832246,-0.0019613148448454,0.0028029156688059,,8561.873061902648,11079.41924856223,150,11,2025-09-16,2025-09-26 14:33:27.906,HH,C,1389989970,HAWK11,1,1,73,2,1,1,225,2,1,0,0,12,1,225,2,1,-144776.09607108062,-4791325.650361861,4198447.593229771,2.8742,1.982,-0.781467,-43.0,85.125,92.375,-0.234375,-8.125,7.59375,-0.0839844,0.00976562,0.0117188,4,0,41.40456192963574,-91.7307394103808,11011.75547200524,-17.656421987414472,-0.8937470035137259,3.3712270416554992,210.093,8561.873061902648,11079.41924856223,150,True,11.4140775679969,False,175.98477427959972,174.40862308618208,False,9.525638620272595,True,False
11,1970-07-23 11:25:32.088237143,2025-09-16,2025-09-26 14:33:28.823,HH,C,2039806850,JASSM,3,101,76,2,2,1,225,9,2,0,1,26,0,0,0,0,-154816.86071951812,-4778634.557588424,4211970.983854771,-2.71074,-1.01099,0.75213,33.625,-53.5,-59.0,0.0,0.0,0.0,0.0,0.0,0.0,2,0,41.56947873478188,-91.85560353820571,9999.99901004648,155.94555843520615,-0.001260133949001,0.002801885614134,,8561.873061902648,11079.41924856223,150,11,2025-09-16,2025-09-26 14:33:28.906,HH,C,1391182968,HAWK11,1,1,73,2,1,1,225,2,1,0,0,12,1,225,2,1,-144818.19958670562,-4791240.060518111,4198538.423307896,2.83863,1.98766,-0.792205,-42.25,86.125,92.125,-0.078125,-7.53125,7.0625,-0.0566406,0.0,-0.0078125,4,0,41.40567664588419,-91.73127334232476,11001.451982744811,-17.675064402355535,-0.2364065937112927,1.5629871468231544,209.959,8561.873061902648,11079.41924856223,150,True,11.302229676178623,False,175.55749180491506,174.32737600961553,False,9.971313515825333,True,False
11,1970-07-23 11:25:32.097294875,2025-09-16,2025-09-26 14:33:29.729,HH,C,2040882090,JASSM,3,101,76,2,2,1,225,9,2,0,1,26,0,0,0,0,-154786.59118826812,-4778682.868135299,4211917.645964146,-2.71074,-1.01099,0.75213,33.625,-53.5,-59.0,0.0,0.0,0.0,0.0,0.0,0.0,2,0,41.56883713714578,-91.85522224467132,10000.001203216492,155.94581143247336,-0.0005579775340262,0.002800862911548,,8561.873061902648,11079.41924856223,150,11,2025-09-16,2025-09-26 14:33:29.705,HH,C,1392137366,HAWK11,1,1,73,2,1,1,225,2,1,0,0,12,1,225,2,1,-144851.75622733062,-4791171.272432174,4198612.378386021,2.79558,1.98382,-0.793356,-42.125,86.125,92.5,-0.09375,-7.10938,6.67188,-0.0253906,-0.00585938,0.015625,4,0,41.4065790357323,-91.73169910815557,10995.229907353929,-17.50810060218548,-0.2228731267590422,-1.060600890071128,210.203,8561.873061902648,11079.41924856223,150,True,11.20381973379421,False,175.488752619104,174.2547167109316,False,10.134271681517003,True,False
11,1970-07-23 11:25:32.106430463,2025-09-16,2025-09-26 14:33:30.643,HH,C,2041956050,JASSM,3,101,76,2,2,1,225,9,2,0,1,26,0,0,0,0,-154756.35876639312,-4778731.120088424,4211864.370573521,-2.71074,-1.01099,0.75213,33.625,-53.5,-59.0,0.0,0.0,0.0,0.0,0.0,0.0,2,0,41.56819630151172,-91.8548414258748,10000.001788550304,155.94606411153978,0.0001433394374302,0.0027998321460915,,8561.873061902648,11079.41924856223,150,11,2025-09-16,2025-09-26 14:33:30.406,HH,C,1392932700,HAWK11,1,1,73,2,1,1,225,2,1,0,0,12,1,225,2,1,-144879.74646170562,-4791113.961885299,4198674.122526646,2.79223,1.98181,-0.801984,-42.125,85.875,92.875,-0.15625,-7.875,7.26562,0.00195312,0.015625,-0.00585938,4,0,41.40733172072699,-91.73205423259284,10990.332235928296,-17.273343613321686,0.220289683447042,-1.3353971007393988,210.313,8561.873061902648,11079.41924856223,150,True,11.114850663858672,False,175.4999222724237,174.18941925079554,False,10.219408525305871,True,False
11,1970-07-23 11:25:32.115491570,2025-09-16,2025-09-26 14:33:31.549,HH,C,2043089556,JASSM,3,101,76,2,2,1,225,9,2,0,1,26,0,0,0,0,-154724.44861014312,-4778782.045869674,4211808.140104771,-2.71074,-1.01099,0.75213,33.625,-53.5,-59.0,0.0,0.0,0.0,0.0,0.0,0.0,2,0,41.56751993430822,-91.85443948338772,9999.999335908558,155.94633080302603,0.0008835453857149,0.0027987564858647,,8561.873061902648,11079.41924856223,150,11,2025-09-16,2025-09-26 14:33:31.907,HH,C,1394761964,HAWK11,1,1,73,2,1,1,225,2,1,0,0,12,1,225,2,1,-144944.67028983062,-4790983.423799361,4198817.356901646,2.75235,1.99552,-0.810709,-42.625,84.875,93.75,-0.09375,-7.67188,7.17188,0.00390625,0.00976562,0.00585938,4,0,41.4090634555354,-91.73287711637676,10984.916064502497,-17.625641764769107,0.8715471357462816,-3.056873012707489,211.01,8561.873061902648,11079.41924856223,150,True,10.962170725276248,False,175.73756239336328,174.06451930821484,False,10.173903965519163,True,False
11,1970-07-23 11:25:32.125250109,2025-09-16,2025-09-26 14:33:32.525,HH,C,2044222478,JASSM,3,101,76,2,2,1,225,9,2,0,1,26,0,0,0,0,-154692.55603201812,-4778832.944307174,4211751.938932896,-2.71074,-1.01099,0.752226,33.625,-53.5,-59.0,0.0,0.0,0.0,0.0,0.0,0.0,2,0,41.56684392267216,-91.85403777041796,9999.998456908685,155.94889203177271,-0.0033694537687469,0.0027976402957756,,8561.873061902648,11079.41924856223,150,11,2025-09-16,2025-09-26 14:33:32.313,HH,C,1395159630,HAWK11,1,1,73,2,1,1,225,2,1,0,0,12,1,225,2,1,-144959.25622733062,-4790954.630830611,4198849.278776646,2.75388,1.99657,-0.814352,-42.875,84.625,94.0,-0.15625,-7.84375,7.29688,0.015625,0.00585938,-0.0136719,4,0,41.40944759513919,-91.73306180036629,10984.45686961635,-17.59610480631836,1.0827157166229633,-2.9245889158463343,211.327,8561.873061902648,11079.41924856223,150,True,10.893931119626908,False,175.83251452118793,174.01758569981453,False,10.13704170293284,True,False
11,1970-07-23 11:25:32.135288275,2025-09-16,2025-09-26 14:33:33.528,HH,C,2045354516,JASSM,3,101,76,2,2,1,225,9,2,0,1,26,0,0,0,0,-154660.68786795562,-4778883.803682174,4211695.780729771,-2.71074,-1.01099,0.752226,33.625,-53.5,-59.0,0.0,0.0,0.0,0.0,0.0,0.0,2,0,41.566168427278335,-91.85363637336675,10000.000698649248,155.94915835433707,-0.0026302076414278,0.002796589560241,,8561.873061902648,11079.41924856223,150,11,2025-09-16,2025-09-26 14:33:33.514,HH,C,1396710528,HAWK11,1,1,73,2,1,1,225,2,1,0,0,12,1,225,2,1,-145014.58435233062,-4790845.529268111,4198971.688932896,2.75551,2.01143,-0.817228,-43.125,83.875,94.25,-0.265625,-7.23438,6.75,0.0117188,0.0078125,-0.015625,4,0,41.41091295758503,-91.73376233052517,10985.883338023312,-18.091118143916525,1.4351999924800802,-2.221936181641884,211.01,8561.873061902648,11079.41924856223,150,True,10.757967954274376,False,175.95108567413436,173.90423972533324,False,10.144008702714215,True,False
11,1970-07-23 11:25:32.143449024,2025-09-16,2025-09-26 14:33:34.344,HH,C,2046428258,JASSM,3,101,76,2,2,1,225,9,2,0,1,26,0,0,0,0,-154630.46130545562,-4778932.041963424,4211642.513151646,-2.71074,-1.01089,0.752226,33.625,-53.5,-59.0,0.0,0.0,0.0,0.0,0.0,0.0,2,0,41.56552771915889,-91.85325566138624,9999.998252784648,155.94576766954182,-0.0036036285516648,-0.0009563692285468,,8561.873061902648,11079.41924856223,150,11,2025-09-16,2025-09-26 14:33:33.907,HH,C,1397147962,HAWK11,1,1,73,2,1,1,225,2,1,0,0,12,1,225,2,1,-145030.15857108062,-4790815.385713424,4199005.663542271,2.75282,2.01306,-0.818954,-43.125,83.75,94.25,0.0,-7.53125,7.04688,-0.0078125,0.0,0.0,4,0,41.41131880798845,-91.7339593220318,10986.635876848724,-18.1175625355038,1.5503456050939324,-2.308255168949765,211.193,8561.873061902648,11079.41924856223,150,True,10.690652809224286,False,175.95745856518877,173.85566359603237,False,10.186665999641017,True,False
11,1970-07-23 11:25:32.154008402,2025-09-16,2025-09-26 14:33:35.400,HH,C,2047502000,JASSM,3,101,76,2,2,1,225,9,2,0,1,26,0,0,0,0,-154600.23376639312,-4778980.280244674,4211589.245573521,-2.71074,-1.01089,0.752226,33.625,-53.5,-59.0,0.0,0.0,0.0,0.0,0.0,0.0,2,0,41.564887009895806,-91.85287494523182,9999.998859574323,155.94602026410635,-0.0029024523318744,-0.0009574058227329,,8561.873061902648,11079.41924856223,150,11,2025-09-16,2025-09-26 14:33:35.514,HH,C,1399056760,HAWK11,1,1,73,2,1,1,225,2,1,0,0,12,1,225,2,1,-145099.79919608062,-4790681.432588424,4199157.300261021,2.76011,2.01488,-0.823268,-43.625,83.125,94.5,-0.296875,-7.35938,6.78125,0.0214844,0.0,0.0,4,0,41.41312670726053,-91.73483990367126,10991.456707000403,-18.100394149546734,1.8088776297734583,-1.8138088257285276,210.729,8561.873061902648,11079.41924856223,150,True,10.5351902754908,False,176.14309608683527,173.7208330753364,False,10.13104460345623,True,False
11,1970-07-23 11:25:32.163270250,2025-09-16,2025-09-26 14:33:36.327,HH,C,2048756076,JASSM,3,101,76,2,2,1,225,9,2,0,1,26,0,0,0,0,-154564.93005545562,-4779036.620088424,4211527.030729771,-2.71074,-1.01089,0.752226,33.625,-53.5,-59.0,0.0,0.0,0.0,0.0,0.0,0.0,2,0,41.564138685488935,-91.8524303038513,10000.001310679145,155.94631526722952,-0.0020835096715755,-0.0009586235714255,,8561.873061902648,11079.41924856223,150,11,2025-09-16,2025-09-26 14:33:36.204,HH,C,1399891858,HAWK11,1,1,73,2,1,1,225,2,1,0,0,12,1,225,2,1,-145130.41833670562,-4790623.252900924,4199223.427214146,2.78983,2.01709,-0.825953,-43.625,82.875,94.625,-0.140625,-7.42188,6.85938,0.046875,0.0078125,-0.0078125,4,0,41.413913660629504,-91.73522682827956,10994.164575835526,-18.128382921528683,1.98362690987162,-0.0190332650846888,210.802,8561.873061902648,11079.41924856223,150,True,10.436837326954507,False,176.12713450800945,173.64268274846734,False,10.219406051339334,True,False
11,1970-07-23 11:25:32.174009487,2025-09-16,2025-09-26 14:33:37.400,HH,C,2049949254,JASSM,3,101,76,2,2,1,225,9,2,0,1,26,0,0,0,0,-154531.34118826812,-4779090.221650924,4211467.835417271,-2.71074,-1.01089,0.752226,33.625,-53.5,-59.0,0.0,0.0,0.0,0.0,0.0,0.0,2,0,41.56342670144634,-91.85200727065272,9999.99818277351,155.9465959300729,-0.0013043399843225,-0.0009597855030066,,8561.873061902648,11079.41924856223,150,11,2025-09-16,2025-09-26 14:33:37.407,HH,C,1401283690,HAWK11,1,1,73,2,1,1,225,2,1,0,0,12,1,225,2,1,-145181.00622733062,-4790526.652314986,4199333.710417271,2.83969,2.00865,-0.828541,-43.25,83.0,94.375,-0.1875,-7.01562,6.59375,0.0351562,0.0,0.015625,4,0,41.415223634161606,-91.73586628518645,10999.7089932042,-17.770395914613022,2.0127021823878914,2.494138153031703,209.959,8561.873061902648,11079.41924856223,150,True,10.308066680907878,False,176.01696298892284,173.53043921587025,False,10.44834315217157,True,False
11,1970-07-23 11:25:32.183449510,2025-09-16,2025-09-26 14:33:38.344,HH,C,2051200444,JASSM,3,101,76,2,2,1,225,9,2,0,1,26,0,0,0,0,-154496.11853201812,-4779146.428682174,4211405.763151646,-2.71074,-1.01089,0.752226,33.625,-53.5,-59.0,0.0,0.0,0.0,0.0,0.0,0.0,2,0,41.56268011048384,-91.85156367143964,9999.999875107069,155.94689023326814,-0.0004872949991542,-0.0009609937062875,,8561.873061902648,11079.41924856223,150,11,2025-09-16,2025-09-26 14:33:38.406,HH,C,1402516456,HAWK11,1,1,73,2,1,1,225,2,1,0,0,12,1,225,2,1,-145225.12341483062,-4790441.239229049,4199430.675261021,2.85531,1.99187,-0.82231,-42.625,83.375,94.125,-0.25,-7.0625,6.0625,-0.0117188,0.0,0.0078125,4,0,41.41637831726364,-91.73642439314804,11003.390433082312,-17.274606975892066,1.4601842590433542,2.698197323613051,209.531,8561.873061902648,11079.41924856223,150,True,10.186960884042357,False,175.79080848432696,173.42299891634286,False,10.786191515011087,True,False
11,1970-07-23 11:25:32.194470413,2025-09-16,2025-09-26 14:33:39.447,HH,C,2052454260,JASSM,3,101,76,2,2,1,225,9,2,0,1,26,0,0,0,0,-154460.82165701812,-4779202.752900924,4211343.558073521,-2.71074,-1.01089,0.752226,33.625,-53.5,-59.0,0.0,0.0,0.0,0.0,0.0,0.0,2,0,41.5619319384008,-91.85111914823236,9999.998379787352,155.9471851451258,0.0003314771742903,-0.0009622073046793,,8561.873061902648,11079.41924856223,150,11,2025-09-16,2025-09-26 14:33:39.514,HH,C,1403828754,HAWK11,1,1,73,2,1,1,225,2,1,0,0,12,1,225,2,1,-145271.82458670562,-4790348.850557174,4199534.606901646,2.8534,1.97816,-0.819529,-41.875,83.625,93.75,-0.0625,-6.75,5.75,-0.00976562,0.00195312,0.00195312,4,0,41.41762105603077,-91.73701592626982,11005.240661191136,-16.819516922814238,1.1380206033704554,2.023900390623123,208.932,8561.873061902648,11079.41924856223,150,True,10.060476653066651,False,175.5242612001691,173.30515215978937,False,11.167192830803932,True,False
11,1970-07-23 11:25:32.205488711,2025-09-16,2025-09-26 14:33:40.548,HH,C,2053707308,JASSM,3,101,76,2,2,1,225,9,2,0,1,26,0,0,0,0,-154425.54724295562,-4779259.041963424,4211281.390104771,-2.71074,-1.01089,0.752322,33.625,-53.5,-59.0,0.0,0.0,0.0,0.0,0.0,0.0,2,0,41.56118421984625,-91.85067491787416,9999.997445235062,155.9497734528265,-0.003839810640523,-0.0009634822660933,,8561.873061902648,11079.41924856223,150,11,2025-09-16,2025-09-26 14:33:40.312,HH,C,1404703620,HAWK11,1,1,73,2,1,1,225,2,1,0,0,12,1,225,2,1,-145302.50232108062,-4790287.367158736,4199603.087370396,2.84534,1.97519,-0.816557,-41.5,84.0,93.125,0.078125,-6.82812,5.82812,-0.0175781,-0.00390625,-0.00390625,4,0,41.41844353201778,-91.7374048009624,11004.962245244067,-16.76330648079853,0.9404898950208518,1.4392525904224227,208.651,8561.873061902648,11079.41924856223,150,True,9.960390763835377,False,175.41874129548015,173.21372793449152,False,11.3483509613663,True,False
11,1970-07-23 11:25:32.215253337,2025-09-16,2025-09-26 14:33:41.525,HH,C,2054959832,JASSM,3,101,76,2,2,1,225,9,2,0,1,26,0,0,0,0,-154390.28650076812,-4779315.307588424,4211219.249479771,-2.71064,-1.01089,0.752322,33.625,-53.5,-59.0,0.0,0.0,0.0,0.0,0.0,0.0,2,0,41.56043682082897,-91.85023087055596,10000.00386514916,155.9500680403595,-0.0030218863427238,0.0045268143354232,,8561.873061902648,11079.41924856223,150,11,2025-09-16,2025-09-26 14:33:41.702,HH,C,1406413586,HAWK11,1,1,73,2,1,1,225,2,1,0,0,12,1,225,2,1,-145361.51599295562,-4790166.832002486,4199736.325651646,2.83269,1.96838,-0.815598,-41.0,84.25,92.5,0.0,-7.3125,6.23438,-0.00390625,-0.00976562,0.0078125,4,0,41.4200493103979,-91.73815371324768,11002.144753361536,-16.52727601404894,0.8062504616656739,0.4337286896938404,208.003,8561.873061902648,11079.41924856223,150,True,9.811708633668085,False,175.25320748098392,173.06129823794305,False,11.64278846595119,True,False
11,1970-07-23 11:25:32.226274929,2025-09-16,2025-09-26 14:33:42.627,HH,C,2056272054,JASSM,3,101,76,2,2,1,225,9,2,0,1,26,0,0,0,0,-154353.34607108062,-4779374.250947799,4211154.144011021,-2.71064,-1.01089,0.752322,33.625,-53.5,-59.0,0.0,0.0,0.0,0.0,0.0,0.0,2,0,41.55965380015984,-91.84976568247448,9999.998681269431,155.95037664831992,-0.0021649843961874,0.0045255754483129,,8561.873061902648,11079.41924856223,150,11,2025-09-16,2025-09-26 14:33:43.001,HH,C,1407964484,HAWK11,1,1,73,2,1,1,225,2,1,0,0,12,1,225,2,1,-145414.20739920562,-4790058.428682174,4199856.493620396,2.81927,1.96455,-0.818475,-40.75,81.875,94.375,-0.140625,-7.9375,6.78125,-0.0195312,0.00390625,0.00585938,4,0,41.42149582747725,-91.73882270771168,11000.33621032055,-16.33364913538849,0.9178569085286016,-0.4925257511214775,207.429,8561.873061902648,11079.41924856223,150,True,9.670816514507672,False,175.03339186044812,172.9132821787926,False,12.039903916603405,True,False
11,1970-07-23 11:25:32.237286894,2025-09-16,2025-09-26 14:33:43.728,HH,C,2057584200,JASSM,3,101,76,2,2,1,225,9,2,0,1,26,0,0,0,0,-154316.40759451812,-4779433.192354049,4211089.042448521,-2.71064,-1.01089,0.752322,33.625,-53.5,-59.0,0.0,0.0,0.0,0.0,0.0,0.0,2,0,41.558870815084646,-91.84930052976794,10000.002036585223,155.95068522803734,-0.0013081240156627,0.0045243353609161,,8561.873061902648,11079.41924856223,150,11,2025-09-16,2025-09-26 14:33:43.906,HH,C,1408998416,HAWK11,1,1,73,2,1,1,225,2,1,0,0,12,1,225,2,1,-145449.52380545562,-4789985.499971236,4199937.522917271,2.8393,1.96484,-0.821543,-40.375,83.25,92.75,-0.1875,-7.65625,6.625,0.0371094,0.00195312,0.00195312,4,0,41.42247025278118,-91.73927121631095,10999.521522788598,-16.29036611332198,1.0895532300815998,0.6683962090644422,206.965,8561.873061902648,11079.41924856223,150,True,9.559356358082836,False,175.05351412476523,172.79785897157277,False,12.136372004683855,True,False
11,1970-07-23 11:25:32.248333669,2025-09-16,2025-09-26 14:33:44.833,HH,C,2058897354,JASSM,3,101,76,2,2,1,225,9,2,0,1,26,0,0,0,0,-154279.44079764312,-4779492.176729049,4211023.888151646,-2.71064,-1.01089,0.752322,33.625,-53.5,-59.0,0.0,0.0,0.0,0.0,0.0,0.0,2,0,41.5580872219636,-91.84883503253438,9999.998483415324,155.95099403153174,-0.0004506015844913,0.0045230913754689,,8561.873061902648,11079.41924856223,150,11,2025-09-16,2025-09-26 14:33:45.002,HH,C,1410390248,HAWK11,1,1,73,2,1,1,225,2,1,0,0,12,1,225,2,1,-145495.93200858062,-4789889.262666549,4200045.204557896,2.87391,1.95755,-0.825953,-39.75,83.0,92.625,-0.203125,-7.48438,6.5,0.0273438,0.0117188,0.00976562,4,0,41.42376123761972,-91.7398607547377,11000.08049157923,-15.943244854597436,1.2445541033252716,2.3522700239583334,206.354,8561.873061902648,11079.41924856223,150,True,9.428373099876085,False,174.82555667108403,172.65254559638703,False,12.511006940976708,True,False
11,1970-07-23 11:25:32.258452028,2025-09-16,2025-09-26 14:33:45.845,HH,C,2060148298,JASSM,3,101,76,2,2,1,225,9,2,0,1,26,0,0,0,0,-154244.22497733062,-4779548.366182174,4210961.821745396,-2.71064,-1.01089,0.752322,33.625,-53.5,-59.0,0.0,0.0,0.0,0.0,0.0,0.0,2,0,41.55734076110211,-91.84839159500136,10000.000733524956,155.95128819652226,0.0003662865564593,0.0045219134694401,,8561.873061902648,11079.41924856223,150,11,2025-09-16,2025-09-26 14:33:45.812,HH,C,1411344646,HAWK11,1,1,73,2,1,1,225,2,1,0,0,12,1,225,2,1,-145527.62927420562,-4789823.120088424,4200119.331511021,2.89261,1.94653,-0.825473,-39.25,82.875,92.375,-0.171875,-7.17188,6.20312,-0.00195312,-0.00976562,0.00195312,4,0,41.42464934961377,-91.7402635781982,11000.714677494188,-15.543086340846134,1.0907677347419336,2.967315307199939,205.706,8561.873061902648,11079.41924856223,150,True,9.324868220986898,False,174.6541381690351,172.53858383628028,False,12.793951806539404,True,False
11,1970-07-23 11:25:32.269490518,2025-09-16,2025-09-26 14:33:46.949,HH,C,2061341344,JASSM,3,101,76,2,2,1,225,9,2,0,1,26,0,0,0,0,-154210.63903983062,-4779601.954072799,4210902.626432896,-2.71064,-1.0108,0.752322,33.625,-53.5,-59.0,0.0,0.0,0.0,0.0,0.0,0.0,2,0,41.55662884237751,-91.84796869082864,10000.001194844366,155.94792589327426,-0.0005293120871445,0.00076824951786,,8561.873061902648,11079.41924856223,150,11,2025-09-16,2025-09-26 14:33:46.906,HH,C,1412617178,HAWK11,1,1,73,2,1,1,225,2,1,0,0,12,1,225,2,1,-145569.34607108062,-4789734.192354049,4200218.464323521,2.89539,1.9355,-0.825282,-38.5,83.0,92.0,-0.265625,-7.48438,6.32812,-0.00585938,-0.00390625,0.00976562,4,0,41.42583998855476,-91.74079443309346,11000.358854818573,-15.136837318011189,0.9562062754206908,2.669763789672222,205.669,8561.873061902648,11079.41924856223,150,True,9.20516764141552,False,174.37031393120202,172.3955412830168,False,13.210189658111302,True,False
11,1970-07-23 11:25:32.278278447,2025-09-16,2025-09-26 14:33:47.827,HH,C,2062415424,JASSM,3,101,76,2,2,1,225,9,2,0,1,26,0,0,0,0,-154180.40173514312,-4779650.198213424,4210849.331511021,-2.71064,-1.0108,0.752418,33.625,-53.5,-59.0,0.0,0.0,0.0,0.0,0.0,0.0,2,0,41.5559878974039,-91.84758795991748,9999.9993718537,155.95047380188996,-0.0048204105040342,0.0007670960657782,,8561.873061902648,11079.41924856223,150,11,2025-09-16,2025-09-26 14:33:47.702,HH,C,1413611344,HAWK11,1,1,73,2,1,1,225,2,1,0,0,12,1,225,2,1,-145600.87146170562,-4789665.605439986,4200294.931120396,2.91485,1.92543,-0.824323,-37.875,82.875,92.125,-0.359375,-7.46875,6.25,0.0234375,0.00195312,-0.00585938,4,0,41.426758464341866,-91.74119611600288,11000.062395599083,-14.777512266403196,0.7928987154602779,3.3668182242716846,205.278,8561.873061902648,11079.41924856223,150,True,9.107085352214753,False,174.1029879057891,172.27561623037397,False,13.601505314625483,True,False
11,1970-07-23 11:25:32.286426846,2025-09-16,2025-09-26 14:33:48.642,HH,C,2063489592,JASSM,3,101,76,2,2,1,225,9,2,0,1,26,0,0,0,0,-154150.16247733062,-4779698.444307174,4210796.034636021,-2.71064,-1.0108,0.752418,33.625,-53.5,-59.0,0.0,0.0,0.0,0.0,0.0,0.0,2,0,41.55534692666718,-91.84720721238624,10000.001068605545,155.95072636985694,-0.0041189687186695,0.000766070352371,,8561.873061902648,11079.41924856223,150,11,2025-09-16,2025-09-26 14:33:48.906,HH,C,1415042942,HAWK11,1,1,73,2,1,1,225,2,1,0,0,12,1,225,2,1,-145645.70349295562,-4789566.173799361,4200405.472136021,2.94438,1.91518,-0.826912,-36.875,83.0,91.875,-0.171875,-7.34375,6.29688,0.0117188,-0.00390625,0.00390625,4,0,41.428088029304966,-91.7417680544908,10998.89591246346,-14.353759333682945,0.825930086609973,4.632793155774522,204.765,8561.873061902648,11079.41924856223,150,True,8.984047979708237,False,173.69512679240674,172.11182183131538,False,14.163893271049753,True,False
11,1970-07-23 11:25:32.295487784,2025-09-16,2025-09-26 14:33:49.548,HH,C,2064564206,JASSM,3,101,76,2,2,1,225,9,2,0,1,26,0,0,0,0,-154119.91052420562,-4779746.709932174,4210742.712370396,-2.71064,-1.0108,0.752418,33.625,-53.5,-59.0,0.0,0.0,0.0,0.0,0.0,0.0,2,0,41.55470566951347,-91.84682631281366,9999.997562716764,155.9509790354787,-0.0034172178564086,0.0007650374909981,,8561.873061902648,11079.41924856223,150,11,2025-09-16,2025-09-26 14:33:49.312,HH,C,1415520142,HAWK11,1,1,73,2,1,1,225,2,1,0,0,12,1,225,2,1,-145660.66247733062,-4789532.449189986,4200442.845182896,2.9533,1.90894,-0.827774,-36.5,82.75,92.0,-0.015625,-7.23438,6.28125,0.00585938,0.00195312,0.0195312,4,0,41.42853822013203,-91.74195909589872,10998.225056995105,-14.107864401770074,0.8081583851342735,4.884359041705451,204.765,8561.873061902648,11079.41924856223,150,True,8.914892722888503,False,173.5420929241998,172.02975700930034,False,14.406374657154556,True,False
11,1970-07-23 11:25:32.305268300,2025-09-16,2025-09-26 14:33:50.526,HH,C,2065695952,JASSM,3,101,76,2,2,1,225,9,2,0,1,26,0,0,0,0,-154088.05017264312,-4779797.541963424,4210686.556120396,-2.71064,-1.0108,0.752418,33.625,-53.5,-59.0,0.0,0.0,0.0,0.0,0.0,0.0,2,0,41.554030322338,-91.84642517007616,10000.00009527259,155.95124512572275,-0.0026781616086647,0.0007639518091285,,8561.873061902648,11079.41924856223,150,11,2025-09-16,2025-09-26 14:33:50.407,HH,C,1416792674,HAWK11,1,1,73,2,1,1,225,2,1,0,0,12,1,225,2,1,-145698.64685233062,-4789444.539033736,4200540.419401646,2.98982,1.89159,-0.827199,-35.375,83.0,91.875,-0.359375,-7.35938,6.1875,0.0253906,0.00195312,0.0,4,0,41.42971295346138,-91.74244503414184,10996.74109826988,-13.46787902558026,0.5999275582753838,6.253175518092918,204.264,8561.873061902648,11079.41924856223,150,True,8.799658046285137,False,173.05552401717569,171.86770216313897,False,15.045415797086521,True,False
11,1970-07-23 11:25:32.314329190,2025-09-16,2025-09-26 14:33:51.432,HH,C,2066771590,JASSM,3,101,76,2,2,1,225,9,2,0,1,26,0,0,0,0,-154057.76892264312,-4779845.852510299,4210633.183073521,-2.71064,-1.0108,0.752418,33.625,-53.5,-59.0,0.0,0.0,0.0,0.0,0.0,0.0,2,0,41.55338845806544,-91.84604391780891,10000.000431379827,155.95149801871693,-0.0019757463936432,0.0007629242219305,,8561.873061902648,11079.41924856223,150,11,2025-09-16,2025-09-26 14:33:51.312,HH,C,1417786840,HAWK11,1,1,73,2,1,1,225,2,1,0,0,12,1,225,2,1,-145728.07068045562,-4789374.519502486,4200617.847136021,3.01044,1.87759,-0.829596,-34.25,83.125,91.75,-0.140625,-7.59375,6.65625,-0.0214844,0.00585938,0.015625,4,0,41.43064681450289,-91.7428221673311,10994.876232149963,-12.90879769377721,0.5965710249042097,6.849154915738712,203.934,8561.873061902648,11079.41924856223,150,True,8.701502594695837,False,172.57480503390696,171.72703387448118,False,15.659671417154804,True,False
11,1970-07-23 11:25:32.323446556,2025-09-16,2025-09-26 14:33:52.344,HH,C,2067903094,JASSM,3,101,76,2,2,1,225,9,2,0,1,26,0,0,0,0,-154025.91540701812,-4779896.670869674,4210577.036589146,-2.71064,-1.0108,0.752418,33.625,-53.5,-59.0,0.0,0.0,0.0,0.0,0.0,0.0,2,0,41.55271325403132,-91.84564287849064,9999.997989401849,155.95176403343348,-0.0012368498985594,0.0007618384757393,,8561.873061902648,11079.41924856223,150,11,2025-09-16,2025-09-26 14:33:52.202,HH,C,1418860538,HAWK11,1,1,73,2,1,1,225,2,1,0,0,12,1,225,2,1,-145758.48278983062,-4789299.442354049,4200700.614714146,3.00948,1.85612,-0.827391,-33.25,83.375,91.625,-0.234375,-7.32812,6.40625,0.0136719,0.0,0.0117188,4,0,41.43164662816115,-91.7432129632765,10992.249308464292,-12.132041898156864,0.2749727215729076,5.893423471566091,203.384,8561.873061902648,11079.41924856223,150,True,8.597564437475498,False,172.13475319008734,171.57045552771288,False,16.245968769232366,True,False
11,1970-07-23 11:25:32.333488104,2025-09-16,2025-09-26 14:33:53.348,HH,C,2068977920,JASSM,3,101,76,2,2,1,225,9,2,0,1,26,0,0,0,0,-153995.65759451812,-4779944.944307174,4210523.702604771,-2.71064,-1.0108,0.752418,33.625,-53.5,-59.0,0.0,0.0,0.0,0.0,0.0,0.0,2,0,41.552071866993856,-91.84526193666404,10000.000566580493,155.95201671392803,-0.0005349627890481,0.0007608048777666,,8561.873061902648,11079.41924856223,150,11,2025-09-16,2025-09-26 14:33:53.202,HH,C,1420172838,HAWK11,1,1,73,2,1,1,225,2,1,0,0,12,1,225,2,1,-145794.37146170562,-4789207.646455611,4200801.433073521,3.02568,1.84691,-0.824994,-31.875,83.625,91.5,-0.15625,-7.17188,6.15625,-0.00976562,-0.0175781,0.00585938,4,0,41.43286675358713,-91.74367531264228,10988.123639449292,-11.81603801930178,0.060548981430096,6.4349929790429705,203.091,8561.873061902648,11079.41924856223,150,True,8.48301259186412,False,171.52933067768504,171.38282134967392,False,17.02818379657346,True,False
11,1970-07-23 11:25:32.342267519,2025-09-16,2025-09-26 14:33:54.226,HH,C,2070111118,JASSM,3,101,76,2,2,1,225,9,2,0,1,26,0,0,0,0,-153963.75622733062,-4779995.838838424,4210467.470182896,-2.71064,-1.0108,0.752418,33.625,-53.5,-59.0,0.0,0.0,0.0,0.0,0.0,0.0,2,0,41.55139563604313,-91.84486031125996,10000.001031315973,155.95228311046657,0.0002050527234219,0.0007597134727974,,8561.873061902648,11079.41924856223,150,11,2025-09-16,2025-09-26 14:33:54.500,HH,C,1421723736,HAWK11,1,1,73,2,1,1,225,2,1,0,0,12,1,225,2,1,-145834.12341483062,-4789099.327119674,4200919.739714146,3.06556,1.81892,-0.822981,-30.125,84.0,91.5,-0.234375,-7.23438,6.29688,0.0429688,-0.00195312,0.00976562,4,0,41.434302524885965,-91.74418987011256,10981.64285695096,-10.777510780352038,-0.286178394488875,7.541058000004462,202.761,8561.873061902648,11079.41924856223,150,True,8.354143287263794,False,170.73789391394345,171.15349319014828,False,18.037902289806095,True,False
11,1970-07-23 11:25:32.351310036,2025-09-16,2025-09-26 14:33:55.131,HH,C,2071185210,JASSM,3,101,76,2,2,1,225,9,2,0,1,26,0,0,0,0,-153933.51892264312,-4780044.077119674,4210414.171354771,-2.71064,-1.0108,0.752418,33.625,-53.5,-59.0,0.0,0.0,0.0,0.0,0.0,0.0,2,0,41.55075468884626,-91.84447964402209,10000.001903468425,155.95253560224907,0.0009064568068551,0.0007586831137479,,8561.873061902648,11079.41924856223,150,11,2025-09-16,2025-09-26 14:33:55.109,HH,C,1422240702,HAWK11,1,1,73,2,1,1,225,2,1,0,0,12,1,225,2,1,-145847.20153983062,-4789062.655244674,4200959.722136021,3.0811,1.81364,-0.823172,-29.625,84.0,91.5,-0.3125,-7.375,6.28125,0.0136719,-0.0136719,0.00976562,4,0,41.43478820165145,-91.74435953803484,10979.270023735087,-10.574275559710353,-0.3168832033419108,8.208387645638256,202.504,8561.873061902648,11079.41924856223,150,True,8.28396445552692,False,170.51999870606184,171.04390490764888,False,18.36527882565658,True,False
11,1970-07-23 11:25:32.360466709,2025-09-16,2025-09-26 14:33:56.046,HH,C,2072317910,JASSM,3,101,76,2,2,1,225,9,2,0,1,26,0,0,0,0,-153901.63122733062,-4780094.946260299,4210357.964323521,-2.71064,-1.0108,0.752513,33.625,-53.375,-59.0,0.0,0.0,0.0,0.0,0.0,0.0,2,0,41.55007877486874,-91.84407820841756,10000.00318273841,155.95509578878682,-0.00334327968008,0.0007575694785368,,8561.873061902648,11079.41924856223,150,11,2025-09-16,2025-09-26 14:33:56.110,HH,C,1423592768,HAWK11,1,1,73,2,1,1,225,2,1,0,0,12,1,225,2,1,-145880.01989920562,-4788966.660127486,4201063.901823521,3.08944,1.79543,-0.823844,-27.875,84.25,91.5,-0.15625,-7.39062,6.34375,-0.0136719,-0.00585938,0.015625,4,0,41.43605655470835,-91.74478676114428,10971.91511192652,-9.87138969996416,-0.4167389941707421,7.916278934247893,202.358,8561.873061902648,11079.41924856223,150,True,8.165876782498966,False,169.71026057649294,170.83210369138558,False,19.368423828581744,True,False
11,1970-07-23 11:25:32.370246425,2025-09-16,2025-09-26 14:33:57.024,HH,C,2073450760,JASSM,3,101,76,2,2,1,225,9,2,0,1,26,0,0,0,0,-153869.73962576812,-4780145.821260299,4210301.747526646,-2.71064,-1.0108,0.752513,33.625,-53.375,-59.0,0.0,0.0,0.0,0.0,0.0,0.0,2,0,41.54940275943179,-91.84367673214486,10000.000765332925,155.95536207600784,-0.0026035026219135,0.0007565121920534,,8561.873061902648,11079.41924856223,150,11,2025-09-16,2025-09-26 14:33:56.906,HH,C,1424547166,HAWK11,1,1,73,2,1,1,225,2,1,0,0,12,1,225,2,1,-145902.01208670562,-4788899.014619674,4201137.185026646,3.07371,1.77808,-0.823364,-26.875,84.375,91.5,0.0,-7.51562,6.46875,-0.0175781,0.0,0.0195312,4,0,41.43694966290398,-91.74507426881569,10966.372088101236,-9.212298937299629,-0.5663892477424826,6.280403784778759,202.541,8561.873061902648,11079.41924856223,150,True,8.070174949933376,False,169.26141158361807,170.65128079399403,False,19.994839511052252,True,False
11,1970-07-23 11:25:32.380288870,2025-09-16,2025-09-26 14:33:58.028,HH,C,2074585234,JASSM,3,101,76,2,2,1,225,9,2,0,1,26,0,0,0,0,-153837.80212576812,-4780196.768525924,4210245.448698521,-2.71064,-1.0108,0.752513,33.625,-53.375,-59.0,0.0,0.0,0.0,0.0,0.0,0.0,2,0,41.54872576770782,-91.84327468681718,9999.99704995156,155.95562873709983,-0.0018626591832396,0.000755452353631,,8561.873061902648,11079.41924856223,150,11,2025-09-16,2025-09-26 14:33:57.906,HH,C,1425581098,HAWK11,1,1,73,2,1,1,225,2,1,0,0,12,1,225,2,1,-145924.49060233062,-4788826.168916549,4201216.030729771,3.07093,1.76245,-0.82346,-25.75,84.5,91.625,-0.03125,-7.54688,6.40625,-0.00585938,0.00585938,0.00585938,4,0,41.43791116652374,-91.74536949190276,10960.1643842434,-8.611858097071698,-0.6639815178185137,5.457983487716661,202.174,8561.873061902648,11079.41924856223,150,True,7.9708780622367845,False,168.74997563431913,170.45194806738874,False,20.705959050723425,True,False
11,1970-07-23 11:25:32.388806531,2025-09-16,2025-09-26 14:33:58.880,HH,C,2075659884,JASSM,3,101,76,2,2,1,225,9,2,0,1,26,0,0,0,0,-153807.54919608062,-4780245.030244674,4210192.120573521,-2.71054,-1.0107,0.752513,33.625,-53.375,-59.0,0.0,0.0,0.0,0.0,0.0,0.0,2,0,41.54808448082069,-91.84289385478634,10000.00350343666,155.95223924595814,-0.0028355116429164,0.0024927593990382,,8561.873061902648,11079.41924856223,150,11,2025-09-16,2025-09-26 14:33:58.906,HH,C,1426933164,HAWK11,1,1,73,2,1,1,225,2,1,0,0,12,1,225,2,1,-145953.10974295562,-4788729.776338424,4201320.702604771,3.0486,1.75257,-0.827295,-24.625,84.375,92.0,-0.25,-7.625,6.54688,-0.0214844,0.0,0.00976562,4,0,41.43918596593538,-91.74574670488802,10952.613185926346,-8.19786777295246,-0.5078340904239618,3.758182983302197,201.588,8561.873061902648,11079.41924856223,150,True,7.856308441342349,False,168.2426915676965,170.1970233293742,False,21.481770640520605,True,False
11,1970-07-23 11:25:32.398804538,2025-09-16,2025-09-26 14:33:59.880,HH,C,2076733626,JASSM,3,101,76,2,2,1,225,9,2,0,1,26,0,0,0,0,-153777.32068045562,-4780293.248994674,4210138.835417271,-2.71054,-1.0107,0.752513,33.625,-53.375,-59.0,0.0,0.0,0.0,0.0,0.0,0.0,2,0,41.5474437336611,-91.84251333915306,10000.003068104452,155.95249162078167,-0.0021343305251004,0.0024917197273284,,8561.873061902648,11079.41924856223,150,11,2025-09-16,2025-09-26 14:33:59.702,HH,C,1427927330,HAWK11,1,1,73,2,1,1,225,2,1,0,0,12,1,225,2,1,-145973.55700858062,-4788659.680635299,4201397.247526646,3.04505,1.74021,-0.832376,-24.125,84.25,92.0,0.140625,-7.95312,6.9375,-0.0195312,0.015625,0.0078125,4,0,41.44011594427396,-91.7460166652249,10948.032197216393,-7.680724483638572,-0.2925647593683731,3.028550860981953,201.698,8561.873061902648,11079.41924856223,150,True,7.761784325876438,False,168.03014344407302,169.9900752851727,False,21.90475506212662,True,False
11,1970-07-23 11:25:32.408267701,2025-09-16,2025-09-26 14:34:00.826,HH,C,2077924684,JASSM,3,101,76,2,2,1,225,9,2,0,1,26,0,0,0,0,-153743.79040701812,-4780346.735322799,4210079.727995396,-2.71054,-1.0107,0.752513,33.625,-53.375,-59.125,0.0,0.0,0.0,0.0,0.0,0.0,2,0,41.5467329792849,-91.84209126957154,10000.00364051647,155.9527715522842,-0.001356544216921,0.002490558940313,,8561.873061902648,11079.41924856223,150,11,2025-09-16,2025-09-26 14:34:00.906,HH,C,1429398694,HAWK11,1,1,73,2,1,1,225,2,1,0,0,12,1,225,2,1,-146002.83239920562,-4788557.209932174,4201510.503386021,3.01418,1.73503,-0.847141,-23.5,83.0,92.875,-0.203125,-8.26562,7.29688,-0.0292969,0.00195312,0.00195312,4,0,41.44148471758657,-91.74640396425454,10944.246787522969,-7.360774810786008,0.5164900023299607,1.0396391159132163,201.441,8561.873061902648,11079.41924856223,150,True,7.638104907929017,False,167.79448825714968,169.66234723704198,False,22.505253241599203,True,False
11,1970-07-23 11:25:32.417326906,2025-09-16,2025-09-26 14:34:01.732,HH,C,2079059116,JASSM,3,101,76,2,2,1,225,9,2,0,1,26,0,0,0,0,-153711.85388358062,-4780397.676729049,4210023.429167271,-2.71054,-1.0107,0.752513,33.625,-53.375,-59.125,0.0,0.0,0.0,0.0,0.0,0.0,2,0,41.54605601647072,-91.84168927127104,9999.999402570847,155.95303816814376,-0.0006157365065292,0.0024894565913948,,8561.873061902648,11079.41924856223,150,11,2025-09-16,2025-09-26 14:34:01.812,HH,C,1430353094,HAWK11,1,1,73,2,1,1,225,2,1,0,0,12,1,225,2,1,-146021.41833670562,-4788491.190400924,4201584.770964146,3.00229,1.7334,-0.850976,-23.25,82.375,93.125,0.046875,-7.73438,7.07812,0.00585938,0.00195312,-0.00195312,4,0,41.44237540224679,-91.74665020715268,10944.615535807456,-7.268141869601066,0.7259073431865246,0.2894690301899658,200.891,8561.873061902648,11079.41924856223,150,True,7.544045612533449,False,167.69303804575733,169.4426234509735,False,22.840260395155425,True,False
11,1970-07-23 11:25:32.427468326,2025-09-16,2025-09-26 14:34:02.746,HH,C,2080251386,JASSM,3,101,76,2,2,1,225,9,2,0,1,26,0,0,0,0,-153678.28943045562,-4780451.215791549,4209964.259245396,-2.71054,-1.0107,0.752513,33.625,-53.375,-59.125,0.0,0.0,0.0,0.0,0.0,0.0,2,0,41.54534452989955,-91.8412667902063,9999.998226430786,155.95331836486545,0.0001628467164835,0.002488292299316,,8561.873061902648,11079.41924856223,150,11,2025-09-16,2025-09-26 14:34:02.406,HH,C,1431188192,HAWK11,1,1,73,2,1,1,225,2,1,0,0,12,1,225,2,1,-146037.73474295562,-4788433.618135299,4201649.841276646,2.99634,1.73369,-0.848963,-23.125,82.125,93.125,-0.375,-7.42188,6.5,-0.015625,0.00390625,0.0,4,0,41.44315416246887,-91.7468662462544,10945.61260116812,-7.295657004406301,0.6141128523496873,-0.0389879657569319,200.708,8561.873061902648,11079.41924856223,150,True,7.454168490777277,False,167.6471634058356,169.2347694389946,False,23.097511710945575,True,False
11,1970-07-23 11:25:32.437227052,2025-09-16,2025-09-26 14:34:03.722,HH,C,2081444926,JASSM,3,101,76,2,2,1,225,9,2,0,1,26,0,0,0,0,-153644.68982108062,-4780504.811494674,4209905.026823521,-2.71054,-1.0107,0.752609,33.625,-53.375,-59.125,0.0,0.0,0.0,0.0,0.0,0.0,2,0,41.5446322895722,-91.84084387568524,10000.001155003436,155.9558945223058,-0.0040501074093205,0.0024870618545384,,8561.873061902648,11079.41924856223,150,11,2025-09-16,2025-09-26 14:34:03.702,HH,C,1432619792,HAWK11,1,1,73,2,1,1,225,2,1,0,0,12,1,225,2,1,-146065.43005545562,-4788334.895479049,4201761.327604771,2.99347,1.72736,-0.853948,-23.0,82.0,92.625,-0.078125,-7.46875,6.54688,0.00390625,0.00585938,-0.0117188,4,0,41.44448896799921,-91.74723332542877,10947.107008156592,-7.018922448144889,0.8643698930561621,-0.472816064723156,199.852,8561.873061902648,11079.41924856223,150,True,7.333105416928712,False,167.6343162026632,168.91620480522388,False,23.424599375940087,True,False
11,1970-07-23 11:25:32.447267530,2025-09-16,2025-09-26 14:34:04.726,HH,C,2082637582,JASSM,3,101,76,2,2,1,225,9,2,0,1,26,0,0,0,0,-153611.11364920562,-4780558.366182174,4209845.835417271,-2.71054,-1.0107,0.752609,33.625,-53.375,-59.125,0.0,0.0,0.0,0.0,0.0,0.0,2,0,41.54392056404628,-91.8404212668382,9999.998379252636,155.9561747959823,-0.0032712641044036,0.002485932716877,,8561.873061902648,11079.41924856223,150,11,2025-09-16,2025-09-26 14:34:04.419,HH,C,1433454890,HAWK11,1,1,73,2,1,1,225,2,1,0,0,12,1,225,2,1,-146081.23278983062,-4788277.873994674,4201825.769011021,3.00267,1.72947,-0.853181,-22.75,81.75,92.625,-0.046875,-7.3125,6.375,0.00390625,0.00195312,0.0,4,0,41.44526029826052,-91.74744303677876,10948.064638027394,-7.103878602111567,0.8327792146581818,0.1444075902394819,199.474,8561.873061902648,11079.41924856223,150,True,7.243996294021456,False,167.53228751587514,168.69596441221222,False,23.7503409940631,True,False
11,1970-07-23 11:25:32.457306516,2025-09-16,2025-09-26 14:34:05.730,HH,C,2083830310,JASSM,3,101,76,2,2,1,225,9,2,0,1,26,0,0,0,0,-153577.53650076812,-4780611.922822799,4209786.642057896,-2.71054,-1.0107,0.752609,33.625,-53.375,-59.125,0.0,0.0,0.0,0.0,0.0,0.0,2,0,41.54320881225951,-91.83999865481609,9999.999932480576,155.95645506782003,-0.0024923944249216,0.0024848020392419,,8561.873061902648,11079.41924856223,150,11,2025-09-16,2025-09-26 14:34:05.906,HH,C,1435323922,HAWK11,1,1,73,2,1,1,225,2,1,0,0,12,1,225,2,1,-146117.22107108062,-4788149.405244674,4201970.462370396,3.01542,1.72419,-0.855194,-22.625,81.75,91.875,-0.1875,-7.17188,5.96875,0.0195312,-0.00976562,0.00390625,4,0,41.44699470308592,-91.74792013369138,10949.196179350552,-6.891610163924239,0.9211919804385948,0.6505741912053142,198.691,8561.873061902648,11079.41924856223,150,True,7.100985883580901,False,167.53147363047597,168.27901770214663,False,24.158109482060635,True,False
11,1970-07-23 11:25:32.467446431,2025-09-16,2025-09-26 14:34:06.744,HH,C,2085023714,JASSM,3,101,76,2,2,1,225,9,2,0,1,26,0,0,0,0,-153543.93982108062,-4780665.510713424,4209727.413542271,-2.71054,-1.0107,0.752609,33.625,-53.375,-59.125,0.0,0.0,0.0,0.0,0.0,0.0,2,0,41.5424966393576,-91.83957580620716,10000.004014084388,155.9567354926117,-0.0017130665972935,0.0024836684908909,,8561.873061902648,11079.41924856223,150,11,2025-09-16,2025-09-26 14:34:06.812,HH,C,1436318088,HAWK11,1,1,73,2,1,1,225,2,1,0,0,12,1,225,2,1,-146135.84997733062,-4788082.139619674,4202045.925261021,3.01466,1.72707,-0.858358,-22.375,81.375,91.625,-0.15625,-7.10938,5.92188,0.0,0.0,0.00390625,4,0,41.44790085785793,-91.74816738644611,10949.133653571407,-6.973629517652072,1.116558860072259,0.7297922715533827,197.861,8561.873061902648,11079.41924856223,150,True,7.004624030112763,False,167.45300406619637,168.01594301912715,False,24.50220585792985,True,False
11,1970-07-23 11:25:32.477485293,2025-09-16,2025-09-26 14:34:07.748,HH,C,2086217476,JASSM,3,101,76,2,2,1,225,9,2,0,1,26,0,0,0,0,-153510.33239920562,-4780719.112275924,4209668.165495396,-2.71054,-1.0107,0.752609,33.625,-53.375,-59.125,0.0,0.0,0.0,0.0,0.0,0.0,2,0,41.541784253756944,-91.8391528330114,10000.002176589169,155.95701599607568,-0.000933505107015,0.002482540441303,,8561.873061902648,11079.41924856223,150,11,2025-09-16,2025-09-26 14:34:07.812,HH,C,1437550852,HAWK11,1,1,73,2,1,1,225,2,1,0,0,12,1,225,2,1,-146159.08044608062,-4787997.457979049,4202140.524870396,2.99999,1.72391,-0.861905,-22.125,81.25,91.25,-0.203125,-7.70312,6.46875,-0.0117188,0.0175781,-0.00585938,4,0,41.449038958698935,-91.74847601541003,10948.173680143997,-6.8286204178647685,1.3026901967364997,-0.2448965197333552,197.518,8561.873061902648,11079.41924856223,150,True,6.895538342339932,False,167.37194131062634,167.6959484934319,False,24.89979831681655,True,False
11,1970-07-23 11:25:32.488247033,2025-09-16,2025-09-26 14:34:08.824,HH,C,2087469458,JASSM,3,101,76,2,2,1,225,9,2,0,1,26,0,0,0,0,-153475.08728201812,-4780775.327119674,4209606.028776646,-2.71054,-1.0107,0.752609,33.625,-53.375,-59.125,0.0,0.0,0.0,0.0,0.0,0.0,2,0,41.54103713402088,-91.8387092577472,10000.004244974783,155.95731015798447,-0.000115939038131,0.0024813505283121,,8561.873061902648,11079.41924856223,150,11,2025-09-16,2025-09-26 14:34:08.906,HH,C,1438942684,HAWK11,1,1,73,2,1,1,225,2,1,0,0,12,1,225,2,1,-146184.94177420562,-4787903.571260299,4202245.952604771,2.99529,1.72573,-0.86737,-22.125,80.625,91.125,-0.203125,-7.71875,6.54688,0.00390625,-0.00195312,0.00195312,4,0,41.45030442898541,-91.74881946885164,10948.310833796477,-6.852854510578137,1.6234302293222425,-0.4351610179458621,197.103,8561.873061902648,11079.41924856223,150,True,6.777378858481559,False,167.40756946195805,167.33346468147485,False,25.235486817276172,True,False
11,1970-07-23 11:25:32.497287323,2025-09-16,2025-09-26 14:34:09.728,HH,C,2088603826,JASSM,3,101,76,2,2,1,225,9,2,0,1,26,0,0,0,0,-153443.15271170562,-4780826.258760299,4209549.726042271,-2.71054,-1.0107,0.752609,33.625,-53.375,-59.125,0.0,0.0,0.0,0.0,0.0,0.0,2,0,41.54036019028067,-91.83830735713268,9999.997091249974,155.95757667912915,0.0006248323470656,0.0024802720625133,,8561.873061902648,11079.41924856223,150,11,2025-09-16,2025-09-26 14:34:09.608,HH,C,1439698250,HAWK11,1,1,73,2,1,1,225,2,1,0,0,12,1,225,2,1,-146198.80700858062,-4787852.555635299,4202303.477995396,2.99654,1.72774,-0.86785,-22.0,80.5,90.875,-0.078125,-7.57812,6.51562,0.00585938,0.0117188,0.00390625,4,0,41.45099369630934,-91.74900386073804,10948.894129546305,-6.923060752102495,1.6616984562148769,-0.2777025372629953,196.614,8561.873061902648,11079.41924856223,150,True,6.6959333434538,False,167.37429141138313,167.09585914598966,False,25.504880997261576,True,False
11,1970-07-23 11:25:32.507326832,2025-09-16,2025-09-26 14:34:10.732,HH,C,2089796848,JASSM,3,101,76,2,2,1,225,9,2,0,1,26,0,0,0,0,-153409.56579764312,-4780879.825166549,4209490.513151646,-2.71054,-1.0107,0.752609,33.625,-53.375,-59.125,0.0,0.0,0.0,0.0,0.0,0.0,2,0,41.53964824234085,-91.83788467080466,9999.998671458156,155.9578569805092,0.0014039109444071,0.0024791472246576,,8561.873061902648,11079.41924856223,150,11,2025-09-16,2025-09-26 14:34:10.702,HH,C,1441050316,HAWK11,1,1,73,2,1,1,225,2,1,0,0,12,1,225,2,1,-146223.81482108062,-4787761.024385299,4202407.061979771,3.00008,1.72189,-0.868713,-21.875,80.0,90.75,-0.1875,-7.46875,6.65625,0.0117188,-0.00195312,0.00390625,4,0,41.45223285769471,-91.7493362700103,10950.76859290288,-6.701926146360007,1.6821365212789243,-0.3236515706209137,195.82,8561.873061902648,11079.41924856223,150,True,6.582044046352392,False,167.34622719852433,166.7208988656079,False,25.913811619605966,True,False
11,1970-07-23 11:25:32.517287302,2025-09-16,2025-09-26 14:34:11.728,HH,C,2090989382,JASSM,3,101,76,2,2,1,225,9,2,0,1,26,0,0,0,0,-153375.99353201812,-4780933.368135299,4209431.323698521,-2.71054,-1.01061,0.752705,33.625,-53.375,-59.125,0.0,0.0,0.0,0.0,0.0,0.0,2,0,41.53893658763368,-91.83746217811948,9999.998734068826,155.95678555689145,-0.004483235650326,-0.0012804895199097,,8561.873061902648,11079.41924856223,150,11,2025-09-16,2025-09-26 14:34:11.906,HH,C,1442442148,HAWK11,1,1,73,2,1,1,225,2,1,0,0,12,1,225,2,1,-146249.23864920562,-4787668.498994674,4202511.995573521,3.00037,1.72525,-0.868041,-21.75,79.625,90.5,-0.34375,-7.53125,6.54688,0.0078125,-0.00195312,-0.00976562,4,0,41.45348696476872,-91.74967402893068,10953.172327036104,-6.8305061495755846,1.6622963984050807,-0.164054721162752,194.976,8561.873061902648,11079.41924856223,150,True,6.467606972900047,False,167.32216064956225,166.32956774561308,False,26.331415775598625,True,False
11,1970-07-23 11:25:32.527325867,2025-09-16,2025-09-26 14:34:12.732,HH,C,2092122776,JASSM,3,101,76,2,2,1,225,9,2,0,1,26,0,0,0,0,-153344.08728201812,-4780984.254854049,4209375.069792271,-2.71054,-1.01061,0.752705,33.625,-53.375,-59.125,0.0,0.0,0.0,0.0,0.0,0.0,2,0,41.53826023073076,-91.83706065980768,10000.000620479872,155.95705181357852,-0.0037431128047245,-0.0012815880867249,,8561.873061902648,11079.41924856223,150,11,2025-09-16,2025-09-26 14:34:12.906,HH,C,1443674912,HAWK11,1,1,73,2,1,1,225,2,1,0,0,12,1,225,2,1,-146271.75818045562,-4787585.758760299,4202605.835417271,3.00047,1.7193,-0.866316,-21.625,79.5,90.25,-0.359375,-7.3125,6.5625,-0.00195312,0.0,0.0078125,4,0,41.45460850448362,-91.74997350126016,10955.322422421545,-6.625736428208932,1.535568656124485,-0.4124426498602449,194.329,8561.873061902648,11079.41924856223,150,True,6.363058663849321,False,167.2887788422553,165.9611481392757,False,26.73197790179984,True,False
11,1970-07-23 11:25:32.536223776,2025-09-16,2025-09-26 14:34:13.622,HH,C,2093256806,JASSM,3,101,76,2,2,1,225,9,2,0,1,26,0,0,0,0,-153312.16150076812,-4781035.170869674,4209318.782682896,-2.71054,-1.01061,0.752705,33.625,-53.375,-59.125,0.0,0.0,0.0,0.0,0.0,0.0,2,0,41.53758347767194,-91.83665890479416,10000.00413138887,155.95731822366278,-0.0030025547026072,-0.0012826799397008,,8561.873061902648,11079.41924856223,150,11,2025-09-16,2025-09-26 14:34:13.498,HH,C,1444112346,HAWK11,1,1,73,2,1,1,225,2,1,0,0,12,1,225,2,1,-146279.59607108062,-4787557.098604049,4202638.263151646,3.00133,1.71691,-0.866412,-21.625,79.5,90.125,-0.375,-7.125,6.42188,0.00195312,0.0,-0.00390625,4,0,41.45499646378245,-91.75007768436348,10955.904293156122,-6.536895993476486,1.5296128710255923,-0.4652356317440013,194.28,8561.873061902648,11079.41924856223,150,True,6.298763534761202,False,167.2984769929865,165.76615208293427,False,26.915765738988767,True,False
11,1970-07-23 11:25:32.548066179,2025-09-16,2025-09-26 14:34:14.806,HH,C,2094449580,JASSM,3,101,76,2,2,1,225,9,2,0,1,26,0,0,0,0,-153278.58239920562,-4781088.721650924,4209259.577604771,-2.71054,-1.01061,0.752705,33.625,-53.375,-59.125,0.0,0.0,0.0,0.0,0.0,0.0,2,0,41.53687166765989,-91.8362363541489,10000.000042036258,155.9575984198107,-0.0022236379156692,-0.0012838324445468,,8561.873061902648,11079.41924856223,150,11,2025-09-16,2025-09-26 14:34:14.498,HH,C,1445583710,HAWK11,1,1,73,2,1,1,225,2,1,0,0,12,1,225,2,1,-146306.33044608062,-4787459.114229049,4202749.999479771,3.00248,1.72132,-0.874177,-21.5,78.75,90.5,-0.234375,-7.53125,6.79688,-0.00976562,0.00585938,0.0,4,0,41.45632871922792,-91.75043313627832,10959.788838147222,-6.639242698872613,1.9936637325071676,-0.2091692875612028,194.28,8561.873061902648,11079.41924856223,150,True,6.180923972712136,False,167.2347118711574,165.31779935239754,False,27.440419629152558,True,False
11,1970-07-23 11:25:32.556285720,2025-09-16,2025-09-26 14:34:15.628,HH,C,2095582724,JASSM,3,101,76,2,2,1,225,9,2,0,1,26,0,0,0,0,-153246.68200858062,-4781139.594697799,4209203.333464146,-2.71054,-1.01061,0.752705,33.625,-53.375,-59.125,0.0,0.0,0.0,0.0,0.0,0.0,2,0,41.53619545244495,-91.83583493677048,10000.000723588406,155.95786459869436,-0.0014836713218831,-0.0012849230210996,,8561.873061902648,11079.41924856223,150,11,2025-09-16,2025-09-26 14:34:15.640,HH,C,1446021144,HAWK11,1,1,73,2,1,1,225,2,1,0,0,12,1,225,2,1,-146314.12927420562,-4787430.772432174,4202782.583464146,2.99989,1.72084,-0.875807,-21.5,78.625,90.625,-0.03125,-7.625,7.10938,-0.00976562,-0.00195312,0.0,4,0,41.4567158429157,-91.75053674143945,10961.494013848176,-6.609252352138265,2.0842118658482893,-0.3774579385007622,193.901,8561.873061902648,11079.41924856223,150,True,6.116965238365957,False,167.22713093762204,165.1102922355542,False,27.65741480676861,True,False
11,1970-07-23 11:25:32.565672036,2025-09-16,2025-09-26 14:34:16.567,HH,C,2096715166,JASSM,3,101,76,2,2,1,225,9,2,0,1,26,0,0,0,0,-153214.80114920562,-4781190.434541549,4209147.122526646,-2.71045,-1.01061,0.752705,33.625,-53.375,-59.125,0.0,0.0,0.0,0.0,0.0,0.0,2,0,41.53551965372493,-91.83543377430584,9999.997159791406,155.95813060498827,-0.000744161544887,0.0042054602224961,,8561.873061902648,11079.41924856223,150,11,2025-09-16,2025-09-26 14:34:15.641,HH,C,1446498344,HAWK11,1,1,73,2,1,1,225,2,1,0,0,12,1,225,2,1,-146322.92419608062,-4787398.836885299,4202819.435026646,3.00123,1.71643,-0.878971,-21.5,78.25,90.875,-0.0625,-7.6875,7.26562,-0.00585938,0.0117188,0.00195312,4,0,41.45715296918407,-91.75065357131236,10963.712363480932,-6.424999412663317,2.242825933055319,-0.487890998200264,193.901,8561.873061902648,11079.41924856223,150,True,6.050408666562835,False,167.2128683998122,164.8849019825232,False,27.90057227232119,True,False
11,1970-07-23 11:25:32.574246098,2025-09-16,2025-09-26 14:34:17.424,HH,C,2097790552,JASSM,3,101,76,2,2,1,225,9,2,0,1,26,0,0,0,0,-153184.52673514312,-4781238.713838424,4209093.743620396,-2.71045,-1.01061,0.752705,33.625,-53.375,-59.125,0.0,0.0,0.0,0.0,0.0,0.0,2,0,41.53487789659764,-91.83505283328684,9999.99916794355,155.95838319937866,-4.190570040602936e-05,0.0042044225252443,,8561.873061902648,11079.41924856223,150,11,2025-09-16,2025-09-26 14:34:17.702,HH,C,1449361540,HAWK11,1,1,73,2,1,1,225,2,1,0,0,12,1,225,2,1,-146374.54724295562,-4787212.221650924,4203036.952604771,2.98839,1.70694,-0.883094,-21.625,77.625,91.25,0.1875,-7.17188,6.96875,0.0175781,0.00195312,0.00390625,4,0,41.459721940750335,-91.75133904674124,10981.443794792503,-6.051689788740495,2.4354127516335087,-1.6279968927818362,193.058,8561.873061902648,11079.41924856223,150,True,5.8711808140669275,False,167.24319528768743,164.0616999937815,False,28.694983994229343,True,False
11,1970-07-23 11:25:32.586901287,2025-09-16,2025-09-26 14:34:18.690,HH,C,2098982340,JASSM,3,101,76,2,2,1,225,9,2,0,1,26,0,0,0,0,-153150.97497733062,-4781292.217744674,4209034.585417271,-2.71045,-1.01061,0.752705,33.625,-53.375,-59.125,0.0,0.0,0.0,0.0,0.0,0.0,2,0,41.53416667047828,-91.83463066316614,9999.99882176226,155.95866312821786,0.0007363672121377,0.0042032743209444,,8561.873061902648,11079.41924856223,150,11,2025-09-16,2025-09-26 14:34:18.908,HH,C,1450793138,HAWK11,1,1,73,2,1,1,225,2,1,0,0,12,1,225,2,1,-146400.47888358062,-4787118.766572799,4203146.200651646,3.02626,1.71365,-0.882327,-21.5,77.75,91.125,-0.046875,-6.96875,6.73438,0.0214844,0.0,-0.00976562,4,0,41.46101057885724,-91.75168329454162,10991.035331123858,-6.29993129609393,2.424132262645477,0.8284343987287403,193.29,8561.873061902648,11079.41924856223,150,True,5.757224615162981,False,167.1967821421506,163.55780698806797,False,29.245405933909474,True,False
11,1970-07-23 11:25:32.593306285,2025-09-16,2025-09-26 14:34:19.330,HH,C,2100115350,JASSM,3,101,76,2,2,1,225,9,2,0,1,26,0,0,0,0,-153119.07849295562,-4781343.081025924,4208978.345182896,-2.71045,-1.01061,0.752801,33.625,-53.375,-59.125,0.0,0.0,0.0,0.0,0.0,0.0,2,0,41.533490533153696,-91.83422932974092,9999.998281616536,155.96122524342877,-0.0035159657761942,0.0042021424409295,,8561.873061902648,11079.41924856223,150,11,2025-09-16,2025-09-26 14:34:19.202,HH,C,1451151038,HAWK11,1,1,73,2,1,1,225,2,1,0,0,12,1,225,2,1,-146406.95153983062,-4787095.323213424,4203173.435026646,3.03057,1.71422,-0.883861,-21.375,77.75,91.125,-0.09375,-7.09375,6.73438,0.00390625,0.0078125,-0.00976562,4,0,41.46133269029117,-91.75176926506649,10993.069918590792,-6.309347600004977,2.5143212573848146,1.1007283474658216,193.095,8561.873061902648,11079.41924856223,150,True,5.697465355973404,False,167.13923936180814,163.33470363553712,False,29.52604743022096,True,False
11,1970-07-23 11:25:32.603663157,2025-09-16,2025-09-26 14:34:20.366,HH,C,2101190440,JASSM,3,101,76,2,2,1,225,9,2,0,1,26,0,0,0,0,-153088.81189139312,-4781391.344697799,4208924.977995396,-2.71045,-1.01061,0.752801,33.625,-53.375,-59.125,0.0,0.0,0.0,0.0,0.0,0.0,2,0,41.53284894245388,-91.83384851204283,9999.99796916208,155.961477746001,-0.0028138958308673,0.0042011343288254,,8561.873061902648,11079.41924856223,150,11,2025-09-16,2025-09-26 14:34:20.406,HH,C,1452542870,HAWK11,1,1,73,2,1,1,225,2,1,0,0,12,1,225,2,1,-146432.07849295562,-4787004.182588424,4203279.671354771,3.04054,1.69275,-0.878971,-21.125,77.875,91.0,-0.203125,-6.375,6.20312,-0.015625,-0.0175781,0.00585938,4,0,41.4625873767404,-91.7521030605965,11001.759912674934,-5.566294564252547,2.1421324105145887,0.7528202219117399,192.936,8561.873061902648,11079.41924856223,150,True,5.590386818231628,False,167.03448434132892,162.82457124018097,False,30.140645271477144,False,False
11,1970-07-23 11:25:32.612243487,2025-09-16,2025-09-26 14:34:21.224,HH,C,2102323408,JASSM,3,101,76,2,2,1,225,9,2,0,1,26,0,0,0,0,-153056.91638358062,-4781442.206025924,4208868.737761021,-2.71045,-1.01061,0.752801,33.625,-53.375,-59.125,0.0,0.0,0.0,0.0,0.0,0.0,2,0,41.53217281370664,-91.83344720734584,9999.999503763567,155.9617438290853,-0.0020740348814891,0.004200069106304,,8561.873061902648,11079.41924856223,150,11,2025-09-16,2025-09-26 14:34:21.406,HH,C,1453775636,HAWK11,1,1,73,2,1,1,225,2,1,0,0,12,1,225,2,1,-146454.06091483062,-4786922.489229049,4203373.560026646,3.02367,1.69246,-0.87667,-21.0,78.5,90.5,-0.0625,-6.5,6.29688,-0.0136719,-0.00390625,-0.0078125,4,0,41.46370309679147,-91.75239580991806,11006.615875373833,-5.571034292342427,2.011086272758492,-0.2267002816993068,193.009,8561.873061902648,11079.41924856223,150,True,5.489067126954018,False,167.0101844239931,162.3313850279258,False,30.652878591195595,False,False
11,1970-07-23 11:25:32.621286178,2025-09-16,2025-09-26 14:34:22.128,HH,C,2103397150,JASSM,3,101,76,2,2,1,225,9,2,0,1,26,0,0,0,0,-153026.68786795562,-4781490.405244674,4208815.438932896,-2.71045,-1.01061,0.752801,33.625,-53.375,-59.125,0.0,0.0,0.0,0.0,0.0,0.0,2,0,41.53153205792516,-91.83306688570693,9999.999114639995,155.96199599617233,-0.0013728763367872,0.0041990736091846,,8561.873061902648,11079.41924856223,150,11,2025-09-16,2025-09-26 14:34:22.108,HH,C,1454570968,HAWK11,1,1,73,2,1,1,225,2,1,0,0,12,1,225,2,1,-146468.08239920562,-4786869.768525924,4203433.556120396,3.0321,1.6893,-0.87226,-20.875,78.75,90.25,0.0,-6.70312,6.40625,0.0351562,-0.00585938,0.0,4,0,41.46441914313195,-91.75258276934832,11008.449396954562,-5.484015088305821,1.747646595296212,0.1205545725944038,192.862,8561.873061902648,11079.41924856223,150,True,5.4113771257271575,False,166.96679313302027,161.96059522215646,False,31.062600227257853,False,False
11,1970-07-23 11:25:32.631326538,2025-09-16,2025-09-26 14:34:23.132,HH,C,2104590750,JASSM,3,101,76,2,2,1,225,9,2,0,1,26,0,0,0,0,-152993.08532889312,-4781543.987275924,4208756.186979771,-2.71045,-1.01061,0.752801,33.625,-53.375,-59.125,0.0,0.0,0.0,0.0,0.0,0.0,2,0,41.530819736274616,-91.8326441212968,10000.00076926538,155.9622763006103,-0.0005934149526044,0.0041979494589825,,8561.873061902648,11079.41924856223,150,11,2025-09-16,2025-09-26 14:34:22.998,HH,C,1455724200,HAWK11,1,1,73,2,1,1,225,2,1,0,0,12,1,225,2,1,-146488.08435233062,-4786793.446260299,4203519.718229771,3.06029,1.68469,-0.868137,-20.625,79.25,90.125,-0.15625,-6.67188,6.46875,0.0117188,-0.00585938,-0.00585938,4,0,41.46545112609006,-91.75284988616748,11009.582929572558,-5.341073056693333,1.495274128419417,1.5381237930013325,193.009,8561.873061902648,11079.41924856223,150,True,5.313030977503666,False,166.8452829136342,161.4543175549761,False,31.682512121767967,False,False
11,1970-07-23 11:25:32.642182890,2025-09-16,2025-09-26 14:34:24.218,HH,C,2105842020,JASSM,3,101,76,2,2,1,225,9,2,0,1,26,0,0,0,0,-152957.85876639312,-4781600.157197799,4208694.071745396,-2.71045,-1.01051,0.752801,33.625,-53.375,-59.125,0.0,0.0,0.0,0.0,0.0,0.0,2,0,41.53007299913215,-91.83220093515102,10000.003207100071,155.95892926345212,-0.0014509439127171,0.0004423742433028,,8561.873061902648,11079.41924856223,150,11,2025-09-16,2025-09-26 14:34:24.406,HH,C,1457354632,HAWK11,1,1,73,2,1,1,225,2,1,0,0,12,1,225,2,1,-146516.18591483062,-4786683.670869674,4203642.470182896,3.08953,1.67376,-0.869384,-20.0,79.875,89.75,-0.171875,-6.96875,6.75,-0.00390625,0.0078125,0.00390625,4,0,41.46692763006168,-91.75322611613348,11008.620045157011,-4.931551231725846,1.525783344502922,2.746353773524556,193.4,8561.873061902648,11079.41924856223,150,True,5.190138758969955,False,166.55876814100037,160.76031828331952,False,32.64611858416949,False,False
11,1970-07-23 11:25:32.651230516,2025-09-16,2025-09-26 14:34:25.123,HH,C,2106976584,JASSM,3,101,76,2,2,1,225,9,2,0,1,26,0,0,0,0,-152925.91833670562,-4781651.084932174,4208637.749479771,-2.71045,-1.01051,0.752801,33.625,-53.375,-59.125,0.0,0.0,0.0,0.0,0.0,0.0,2,0,41.5293959241963,-91.83179910162002,10000.000104463594,155.95919568257605,-0.000710052365827,0.0004412639718509,,8561.873061902648,11079.41924856223,150,11,2025-09-16,2025-09-26 14:34:25.406,HH,C,1458627164,HAWK11,1,1,73,2,1,1,225,2,1,0,0,12,1,225,2,1,-146537.29138358062,-4786598.366182174,4203737.366667271,3.0786,1.66044,-0.863439,-19.5,80.25,89.75,0.0,-6.78125,6.40625,-0.0253906,-0.00976562,0.0136719,4,0,41.46807181169362,-91.75350973868298,11006.757595107318,-4.471706287046533,1.140998185911817,1.5491211896010664,193.4,8561.873061902648,11079.41924856223,150,True,5.089619965895667,False,166.31094257460367,160.17223911829512,False,33.47378060635946,False,False
11,1970-07-23 11:25:32.661264180,2025-09-16,2025-09-26 14:34:26.126,HH,C,2108168410,JASSM,3,101,76,2,2,1,225,9,2,0,1,26,0,0,0,0,-152892.36560233062,-4781704.582979049,4208578.583464146,-2.71045,-1.01051,0.752801,33.625,-53.375,-59.125,0.0,0.0,0.0,0.0,0.0,0.0,2,0,41.52868466795244,-91.83137699333258,9999.99802798696,155.9594755401958,6.824012713478468e-05,0.0004400967154579,,8561.873061902648,11079.41924856223,150,11,2025-09-16,2025-09-26 14:34:26.123,HH,C,1459024830,HAWK11,1,1,73,2,1,1,225,2,1,0,0,12,1,225,2,1,-146543.94177420562,-4786570.946260299,4203767.794401646,3.07582,1.6568,-0.863631,-19.375,80.5,89.75,-0.03125,-6.8125,6.59375,-0.0078125,0.00390625,0.0078125,4,0,41.46843910811008,-91.75359930877352,11005.987057332868,-4.335665418093342,1.1403025815301786,1.233886045618321,194.207,8561.873061902648,11079.41924856223,150,True,5.027062565695518,False,166.24189479501865,159.85131103556697,False,33.85791979949611,False,False
11,1970-07-23 11:25:32.670324455,2025-09-16,2025-09-26 14:34:27.032,HH,C,2109302990,JASSM,3,101,76,2,2,1,225,9,2,0,1,26,0,0,0,0,-152860.42419608062,-4781755.512666549,4208522.259245396,-2.71045,-1.01051,0.752897,33.625,-53.375,-59.125,0.0,0.0,0.0,0.0,0.0,0.0,2,0,41.52800756535371,-91.830975164546,10000.002561132516,155.9620368557963,-0.0041797964576142,0.0004389173871621,,8561.873061902648,11079.41924856223,150,11,2025-09-16,2025-09-26 14:34:26.702,HH,C,1460138296,HAWK11,1,1,73,2,1,1,225,2,1,0,0,12,1,225,2,1,-146561.77380545562,-4786495.684541549,4203850.991667271,3.0648,1.65651,-0.859317,-19.125,80.75,90.0,0.015625,-6.90625,6.73438,-0.0175781,-0.00195312,-0.0078125,4,0,41.46944517399479,-91.75384011954448,11003.14914432309,-4.346657459514746,0.8941323266134895,0.5895808991556932,194.207,8561.873061902648,11079.41924856223,150,True,4.934657820915842,False,166.10027069244205,159.27730437247547,False,34.572902439381075,False,False
11,1970-07-23 11:25:32.681302841,2025-09-16,2025-09-26 14:34:28.130,HH,C,2110496558,JASSM,3,101,76,2,2,1,225,9,2,0,1,26,0,0,0,0,-152826.82165701812,-4781809.086885299,4208463.005339146,-2.71045,-1.01051,0.752897,33.625,-53.375,-59.125,0.0,0.0,0.0,0.0,0.0,0.0,2,0,41.527295269008974,-91.83055244901443,9999.999927674242,155.96231710841587,-0.0034003660659646,0.0004377864283938,,8561.873061902648,11079.41924856223,150,11,2025-09-16,2025-09-26 14:34:28.108,HH,C,1461808494,HAWK11,1,1,73,2,1,1,225,2,1,0,0,12,1,225,2,1,-146588.32068045562,-4786381.666963424,4203976.784636021,3.06499,1.64539,-0.857112,-18.875,80.875,90.5,0.015625,-6.96875,6.75,0.0078125,0.0,0.00390625,4,0,41.47096773340687,-91.75419935594932,10998.291643582188,-3.942154267236771,0.7352559656158042,0.1243190583874548,194.512,8561.873061902648,11079.41924856223,150,True,4.815039656610985,False,165.95015023100638,158.4550029592489,False,35.552788885780835,False,False
11,1970-07-23 11:25:32.691189183,2025-09-16,2025-09-26 14:34:29.118,HH,C,2111748916,JASSM,3,101,76,2,2,1,225,9,2,0,1,26,0,0,0,0,-152791.56482108062,-4781865.299775924,4208400.831511021,-2.71045,-1.01051,0.752897,33.625,-53.375,-59.125,0.0,0.0,0.0,0.0,0.0,0.0,2,0,41.526547878108296,-91.83010893217666,9999.9980938487,155.9626111476732,-0.0025825397619729,0.0004365896828125,,8561.873061902648,11079.41924856223,150,11,2025-09-16,2025-09-26 14:34:29.404,HH,C,1463399158,HAWK11,1,1,73,2,1,1,225,2,1,0,0,12,1,225,2,1,-146612.77771170562,-4786272.465791549,4204096.993620396,3.08388,1.64126,-0.85577,-18.375,81.5,90.625,-0.3125,-7.40625,7.17188,-0.0175781,0.0117188,0.0,4,0,41.472424330193135,-91.75453185106332,10992.993727210744,-3.7940094050550655,0.6481112354227613,1.0299489569435618,195.05,8561.873061902648,11079.41924856223,150,True,4.697939262293702,False,165.68638699200477,157.60518147393387,False,36.65460544559355,False,False
11,1970-07-23 11:25:32.701209043,2025-09-16,2025-09-26 14:34:30.120,HH,C,2112941528,JASSM,3,101,76,2,2,1,225,9,2,0,1,26,0,0,0,0,-152757.98962576812,-4781918.831025924,4208341.624479771,-2.71045,-1.01051,0.752897,33.625,-53.375,-59.125,0.0,0.0,0.0,0.0,0.0,0.0,2,0,41.525836145244895,-91.82968657936844,10000.001999854814,155.9628911517287,-0.0018037316802024,0.0004354545723221,,8561.873061902648,11079.41924856223,150,11,2025-09-16,2025-09-26 14:34:30.108,HH,C,1464154724,HAWK11,1,1,73,2,1,1,225,2,1,0,0,12,1,225,2,1,-146624.42224295562,-4786220.600557174,4204154.261198521,3.07544,1.63609,-0.855578,-18.25,81.75,90.625,-0.15625,-7.21875,6.90625,-0.00976562,0.0,0.0136719,4,0,41.47311731162473,-91.75469011775878,10990.86293250546,-3.600937896799522,0.6235210618366559,0.3248217250795298,194.439,8561.873061902648,11079.41924856223,150,True,4.621058754007872,False,165.61778457716983,157.07338350971227,False,37.248813122551056,False,False
11,1970-07-23 11:25:32.711256989,2025-09-16,2025-09-26 14:34:31.125,HH,C,2114074942,JASSM,3,101,76,2,2,1,225,9,2,0,1,26,0,0,0,0,-152726.08142264312,-4781969.702119674,4208285.354948521,-2.71045,-1.01051,0.752897,33.625,-53.375,-59.125,0.0,0.0,0.0,0.0,0.0,0.0,2,0,41.525159747949566,-91.82928520565218,9999.998939256184,155.9631572437795,-0.001063591132113,0.0004343751476456,,8561.873061902648,11079.41924856223,150,11,2025-09-16,2025-09-26 14:34:31.202,HH,C,1465506790,HAWK11,1,1,73,2,1,1,225,2,1,0,0,12,1,225,2,1,-146645.22888358062,-4786127.448213424,4204257.755339146,3.06403,1.63129,-0.861618,-18.125,81.5,91.25,-0.078125,-7.15625,6.9375,0.0,-0.0136719,-0.0175781,4,0,41.474366265462606,-91.7549730951906,10988.424054278212,-3.39783600867124,0.9574402708423516,-0.5338288746957652,195.551,8561.873061902648,11079.41924856223,150,True,4.520041233253366,False,165.53715461344137,156.27284354056806,False,38.14898484030996,False,False
11,1970-07-23 11:25:32.721285165,2025-09-16,2025-09-26 14:34:32.128,HH,C,2115268588,JASSM,3,101,76,2,2,1,225,9,2,0,1,26,0,0,0,0,-152692.47693045562,-4782023.278291549,4208226.093229771,-2.71045,-1.01051,0.752897,33.625,-53.375,-59.125,0.0,0.0,0.0,0.0,0.0,0.0,2,0,41.52444738112765,-91.82886250306672,9999.99941938232,155.96343747202533,-0.0002840946269228,0.0004332345927954,,8561.873061902648,11079.41924856223,150,11,2025-09-16,2025-09-26 14:34:32.108,HH,C,1466461190,HAWK11,1,1,73,2,1,1,225,2,1,0,0,12,1,225,2,1,-146659.26013358062,-4786062.747041549,4204330.067839146,3.05138,1.64232,-0.861043,-18.0,81.25,91.75,-0.125,-7.26562,6.96875,0.0,0.0078125,0.0,4,0,41.47523671943917,-91.7551646211183,10987.63482837294,-3.810842520442649,0.9552003371163782,-0.7864457623530149,195.514,8561.873061902648,11079.41924856223,150,True,4.435959108407059,False,165.45935392811748,155.60707968359043,False,38.905887169458005,False,False
11,1970-07-23 11:25:32.730184124,2025-09-16,2025-09-26 14:34:33.018,HH,C,2116401982,JASSM,3,101,76,2,2,1,225,9,2,0,1,26,0,0,0,0,-152660.56970389312,-4782074.147432174,4208169.825651646,-2.71045,-1.01051,0.752897,33.625,-53.375,-59.125,0.0,0.0,0.0,0.0,0.0,0.0,2,0,41.52377100541289,-91.8284611589497,10000.003049209115,155.9637035371416,0.0004560198229546,0.0004321566670044,,8561.873061902648,11079.41924856223,150,11,2025-09-16,2025-09-26 14:34:33.108,HH,C,1467813254,HAWK11,1,1,73,2,1,1,225,2,1,0,0,12,1,225,2,1,-146679.79919608062,-4785969.786104049,4204434.364714146,3.07093,1.62784,-0.864015,-18.0,80.5,92.625,-0.21875,-7.07812,6.78125,0.0175781,0.0,0.0,4,0,41.4764899930153,-91.75544434647756,10987.407695197866,-3.2606222812058103,1.0879966255183608,-0.2858658335329219,195.746,8561.873061902648,11079.41924856223,150,True,4.336591675473647,False,165.42096920313168,154.73463511547484,False,39.83706410693479,False,False
11,1970-07-23 11:25:32.741209818,2025-09-16,2025-09-26 14:34:34.120,HH,C,2117712784,JASSM,3,101,76,2,2,1,225,9,2,0,1,26,0,0,0,0,-152623.66638358062,-4782132.979463424,4208104.745573521,-2.71045,-1.01051,0.752897,33.625,-53.375,-59.125,0.0,0.0,0.0,0.0,0.0,0.0,2,0,41.522988719767504,-91.82799698291498,10000.001575730255,155.9640112513027,0.0013120225388929,0.0004309093828391,,8561.873061902648,11079.41924856223,150,11,2025-09-16,2025-09-26 14:34:34.108,HH,C,1468886954,HAWK11,1,1,73,2,1,1,225,2,1,0,0,12,1,225,2,1,-146695.79528983062,-4785896.891572799,4204516.042448521,3.10027,1.61998,-0.867946,-17.875,81.375,92.0,-0.359375,-7.125,6.8125,0.0214844,-0.00195312,-0.00390625,4,0,41.47747204302783,-91.7556623893501,10986.998686436067,-2.9553180217029724,1.2954688295308074,1.0583930614977737,195.478,8561.873061902648,11079.41924856223,150,True,4.2446168118525325,False,165.3829969568709,153.92444514717943,False,40.66678652268685,False,False
11,1970-07-23 11:25:32.752261261,2025-09-16,2025-09-26 14:34:35.226,HH,C,2119026886,JASSM,3,101,76,2,2,1,225,9,2,0,1,26,0,0,0,0,-152586.67126639312,-4782191.957979049,4208039.501432896,-2.71035,-1.01051,0.752993,33.625,-53.375,-59.125,0.0,0.0,0.0,0.0,0.0,0.0,2,0,41.5222044707057,-91.82753166341324,10000.000391975838,155.96661605364727,-0.0028218879547388,0.0059211117360361,,8561.873061902648,11079.41924856223,150,11,2025-09-16,2025-09-26 14:34:35.120,HH,C,1469722052,HAWK11,1,1,73,2,1,1,225,2,1,0,0,12,1,225,2,1,-146708.00036795562,-4785839.832979049,4204580.118620396,3.10497,1.6242,-0.867754,-17.5,81.375,92.0,-0.046875,-6.79688,6.54688,0.00195312,0.0,0.00195312,4,0,41.47824176599689,-91.75582928919668,10986.968744007954,-3.112097684248696,1.2948620192677447,1.508502857722295,195.966,8561.873061902648,11079.41924856223,150,True,4.163254752933096,False,165.21173553467344,153.1935030150795,False,41.568590938738645,False,False
11,1970-07-23 11:25:32.763243058,2025-09-16,2025-09-26 14:34:36.324,HH,C,2120339060,JASSM,3,101,76,2,2,1,225,9,2,0,1,26,0,0,0,0,-152549.72986014312,-4782250.848604049,4207974.352995396,-2.71035,-1.01041,0.752993,33.625,-53.375,-59.125,0.0,0.0,0.0,0.0,0.0,0.0,2,0,41.521421378354766,-91.82706703155624,10000.00046100004,155.9632839472539,-0.0036395945528467,0.0021648678957892,,8561.873061902648,11079.41924856223,150,11,2025-09-16,2025-09-26 14:34:36.498,HH,C,1471789916,HAWK11,1,1,73,2,1,1,225,2,1,0,0,12,1,225,2,1,-146738.29333670562,-4785697.540010299,4204739.741667271,3.08397,1.61451,-0.870822,-17.125,81.5,92.25,-0.140625,-7.3125,7.10938,-0.0117188,0.00390625,0.0,4,0,41.48016018054207,-91.75624379828282,10986.529804652071,-2.7444114405390616,1.4510296718072466,-0.1092737212403217,196.309,8561.873061902648,11079.41924856223,150,True,4.031283092647127,False,165.02190712818881,151.7679005595652,False,43.185536792814645,False,False
11,1970-07-23 11:25:32.774304174,2025-09-16,2025-09-26 14:34:37.430,HH,C,2121649838,JASSM,3,101,76,2,2,1,225,9,2,0,1,26,0,0,0,0,-152512.82751639312,-4782309.676729049,4207909.272917271,-2.71035,-1.01041,0.752993,33.625,-53.375,-59.125,0.0,0.0,0.0,0.0,0.0,0.0,2,0,41.520639109869,-91.82660290228128,10000.00348537548,155.96359161625682,-0.0027836166379809,0.0021636008826657,,8561.873061902648,11079.41924856223,150,11,2025-09-16,2025-09-26 14:34:37.440,HH,C,1472545482,HAWK11,1,1,73,2,1,1,225,2,1,0,0,12,1,225,2,1,-146749.24841483062,-4785645.791963424,4204798.097136021,3.07496,1.61825,-0.869863,-17.125,81.5,92.375,-0.109375,-7.09375,6.8125,-0.0078125,-0.00390625,0.0,4,0,41.48085992195125,-91.7563938126022,10987.034181862991,-2.8855516408876185,1.4047775849237571,-0.4652788227308627,196.394,8561.873061902648,11079.41924856223,150,True,3.955290706269515,False,165.01446064017853,150.99682970806967,False,43.96589800696472,False,False
11,1970-07-23 11:25:32.785315690,2025-09-16,2025-09-26 14:34:38.531,HH,C,2122962188,JASSM,3,101,76,2,2,1,225,9,2,0,1,26,0,0,0,0,-152475.88122733062,-4782368.573213424,4207844.112761021,-2.71035,-1.01041,0.752993,33.625,-53.375,-59.125,0.0,0.0,0.0,0.0,0.0,0.0,2,0,41.51985590058132,-91.82613823214204,10000.00141671181,155.96389963902425,-0.0019266128365293,0.002162328947047,,8561.873061902648,11079.41924856223,150,11,2025-09-16,2025-09-26 14:34:38.310,HH,C,1473778248,HAWK11,1,1,73,2,1,1,225,2,1,0,0,12,1,225,2,1,-146766.86169608062,-4785562.075166549,4204892.804167271,3.07592,1.61624,-0.872356,-17.125,80.375,93.625,-0.125,-7.17188,6.96875,0.00976562,0.00390625,-0.00390625,4,0,41.48199399543999,-91.75663519826146,10988.502571013136,-2.803269599613368,1.544211565584487,-0.4963617356644434,196.993,8561.873061902648,11079.41924856223,150,True,3.8612941379249253,False,164.95192183318593,149.9202554535373,False,45.12676748687742,False,False
11,1970-07-23 11:25:32.795343359,2025-09-16,2025-09-26 14:34:39.534,HH,C,2124216474,JASSM,3,101,76,2,2,1,225,9,2,0,1,26,0,0,0,0,-152440.56970389312,-4782424.862275924,4207781.835417271,-2.71035,-1.01041,0.752993,33.625,-53.375,-59.125,0.0,0.0,0.0,0.0,0.0,0.0,2,0,41.51910735040455,-91.82569413331764,9999.99958591429,155.96419402091752,-0.0011075347082434,0.002161115443326,,8561.873061902648,11079.41924856223,150,11,2025-09-16,2025-09-26 14:34:39.498,HH,C,1475209846,HAWK11,1,1,73,2,1,1,225,2,1,0,0,12,1,225,2,1,-146787.12341483062,-4785464.219697799,4205003.056120396,3.09461,1.60435,-0.87178,-17.0,81.5,92.625,-0.1875,-6.96875,6.70312,0.0136719,-0.00585938,-0.00585938,4,0,41.48331662479925,-91.75691345936276,10989.22736355652,-2.36749102073188,1.4896102423829871,0.0649620768422141,196.724,8561.873061902648,11079.41924856223,150,True,3.762851211582342,False,164.94241970935727,148.68214696541537,False,46.356195461840755,False,False
11,1970-07-23 11:25:32.807222715,2025-09-16,2025-09-26 14:34:40.722,HH,C,2125527448,JASSM,3,101,76,2,2,1,225,9,2,0,1,26,0,0,0,0,-152403.66247733062,-4782483.696260299,4207716.741667271,-2.71035,-1.01041,0.752993,33.625,-53.375,-59.125,0.0,0.0,0.0,0.0,0.0,0.0,2,0,41.518324949930495,-91.82522997643576,10000.000680951674,155.96450169412896,-0.0002514227491577,0.0021598384936028,,8561.873061902648,11079.41924856223,150,11,2025-09-16,2025-09-26 14:34:40.702,HH,C,1476840278,HAWK11,1,1,73,2,1,1,225,2,1,0,0,12,1,225,2,1,-146809.95349295562,-4785352.463838424,4205129.356901646,3.13201,1.6056,-0.87178,-16.5,81.5,92.875,-0.125,-7.04688,6.76562,0.0195312,0.0,-0.00390625,4,0,41.48482980171244,-91.75722755527096,10990.887901808366,-2.4136055188339327,1.4933632714637504,2.260944948112629,196.614,8561.873061902648,11079.41924856223,150,True,3.65675440385634,False,164.69966870921144,147.22442666029403,False,48.05937302311666,False,False
11,1970-07-23 11:25:32.818403062,2025-09-16,2025-09-26 14:34:41.840,HH,C,2126781468,JASSM,3,101,76,2,2,1,225,9,2,0,1,26,0,0,0,0,-152368.35778983062,-4782539.971650924,4207654.476042271,-2.71035,-1.01041,0.752993,33.625,-53.375,-59.125,0.0,0.0,0.0,0.0,0.0,0.0,2,0,41.51757655523012,-91.82478598556854,10000.000037092426,155.9647959955424,0.0005674836764978,0.0021586302809847,,8561.873061902648,11079.41924856223,150,11,2025-09-16,2025-09-26 14:34:41.720,HH,C,1476005180,HAWK11,1,1,73,2,1,1,225,2,1,0,0,12,1,225,2,1,-146798.46521170562,-4785409.719697799,4205064.667448521,3.11293,1.60167,-0.872643,-16.875,81.375,92.875,-0.28125,-7.375,7.0625,0.0195312,0.0,-0.00976562,4,0,41.484054640900425,-91.75706912377028,10990.090549071438,-2.266418308593458,1.5350796074803894,0.999138194449215,196.162,8561.873061902648,11079.41924856223,150,True,3.6469585140557954,False,164.87314661731614,147.354836208873,False,47.75740961132199,False,False
11,1970-07-23 11:25:32.829229894,2025-09-16,2025-09-26 14:34:42.922,HH,C,2128151938,JASSM,3,101,76,2,2,1,225,9,2,0,1,26,0,0,0,0,-152329.77478201812,-4782601.471650924,4207586.427214146,-2.71035,-1.01041,0.753089,33.625,-53.375,-59.125,0.0,0.0,0.0,0.0,0.0,0.0,2,0,41.51675866100827,-91.82430077870926,9999.998816546486,155.9674128476586,-0.0035263685853488,0.0021572670071899,,8561.873061902648,11079.41924856223,150,11,2025-09-16,2025-09-26 14:34:43.202,HH,C,1479783008,HAWK11,1,1,73,2,1,1,225,2,1,0,0,12,1,225,2,1,-146848.58825858062,-4785149.918916549,4205358.315886021,-3.08023,1.57981,-0.872643,-14.625,81.375,93.375,-0.25,-7.125,6.89062,0.0,0.015625,-0.00195312,4,0,41.48757311973083,-91.7577640528094,10993.843998996654,-1.4620958039099767,1.5080904106071218,5.2195538224156985,196.92,8561.873061902648,11079.41924856223,150,True,3.4643672330093302,False,163.8187900235633,144.25401659632217,False,51.91586360905521,False,False
11,1970-07-23 11:25:32.839248137,2025-09-16,2025-09-26 14:34:43.924,HH,C,2129404638,JASSM,3,101,76,2,2,1,225,9,2,0,1,26,0,0,0,0,-152294.50818045562,-4782657.686494674,4207524.226042271,-2.71035,-1.01041,0.753089,33.625,-53.375,-59.125,0.0,0.0,0.0,0.0,0.0,0.0,2,0,41.51601105059594,-91.8238572881278,10000.0015843346,155.96770680844756,-0.0027083276818896,0.00215608502522,,8561.873061902648,11079.41924856223,150,11,2025-09-16,2025-09-26 14:34:43.810,HH,C,1480459042,HAWK11,1,1,73,2,1,1,225,2,1,0,0,12,1,225,2,1,-146856.58239920562,-4785103.379854049,4205410.880339146,-3.0694,1.5661,-0.872739,-14.0,81.625,93.375,-0.09375,-7.125,6.78125,0.00585938,0.00195312,0.015625,4,0,41.488203321698414,-91.7578767678038,10994.368346984733,-0.9571082246381816,1.5017903373873087,5.251856862891434,196.773,8561.873061902648,11079.41924856223,150,True,3.401556356494338,False,163.53019110083346,143.2669786400748,False,53.187847326929834,False,False
11,1970-07-23 11:25:32.850843821,2025-09-16,2025-09-26 14:34:45.084,HH,C,2130657338,JASSM,3,101,76,2,2,1,225,9,2,0,1,26,0,0,0,0,-152259.24060233062,-4782713.901338424,4207462.022917271,-2.71035,-1.01041,0.753089,33.625,-53.375,-59.125,0.0,0.0,0.0,0.0,0.0,0.0,2,0,41.51526342540031,-91.82341379606596,10000.004289056777,155.96800076586777,-0.0018902712570296,0.0021549057353691,,8561.873061902648,11079.41924856223,150,11,2025-09-16,2025-09-26 14:34:44.998,HH,C,1481890640,HAWK11,1,1,73,2,1,1,225,2,1,0,0,12,1,225,2,1,-146872.65271170562,-4785004.606416549,4205522.888151646,-3.01839,1.54175,-0.873602,-12.625,81.75,93.5,-0.171875,-7.25,6.9375,0.0351562,-0.00390625,-0.0078125,4,0,41.48954401912963,-91.75810527690284,10996.392026803158,-0.0601705136111876,1.543293726745416,7.128907184515877,197.335,8561.873061902648,11079.41924856223,150,True,3.315161597784476,False,162.89511042905,141.63940622550513,False,55.448828185893674,False,False
11,1970-07-23 11:25:32.860341292,2025-09-16,2025-09-26 14:34:46.034,HH,C,2131910038,JASSM,3,101,76,2,2,1,225,9,2,0,1,26,0,0,0,0,-152223.97400076812,-4782770.112275924,4207399.817839146,-2.71035,-1.01041,0.753089,33.625,-53.375,-59.125,0.0,0.0,0.0,0.0,0.0,0.0,2,0,41.51451580833941,-91.8229703273857,9999.9974921373,155.9682947034405,-0.0010722278236037,0.0021537214682634,,8561.873061902648,11079.41924856223,150,11,2025-09-16,2025-09-26 14:34:45.920,HH,C,1482367840,HAWK11,1,1,73,2,1,1,225,2,1,0,0,12,1,225,2,1,-146877.41247733062,-4784971.731416549,4205560.265104771,-3.01255,1.54338,-0.873123,-12.0,81.875,93.625,0.0,-7.28125,6.9375,-0.00195312,-0.00195312,0.00976562,4,0,41.48999100888536,-91.75817428864036,10997.234845096318,-0.1202616933439608,1.5163833741698596,7.534021073438195,197.372,8561.873061902648,11079.41924856223,150,True,3.2618756802996858,False,162.6024333028229,140.715203532776,False,56.66472218718887,False,False
11,1970-07-23 11:25:32.871362808,2025-09-16,2025-09-26 14:34:47.136,HH,C,2133163382,JASSM,3,101,76,2,2,1,225,9,2,0,1,26,0,0,0,0,-152188.68786795562,-4782826.354463424,4207337.581511021,-2.71035,-1.01041,0.753089,33.625,-53.375,-59.125,0.0,0.0,0.0,0.0,0.0,0.0,2,0,41.51376779627997,-91.82252662327328,10000.00220783492,155.9685887927078,-0.0002537502690135,0.0021525450528982,,8561.873061902648,11079.41924856223,150,11,2025-09-16,2025-09-26 14:34:47.108,HH,C,1484515236,HAWK11,1,1,73,2,1,1,225,2,1,0,0,12,1,225,2,1,-146898.05114920562,-4784824.045869674,4205728.835417271,2.97909,1.50503,-0.880889,-11.5,81.5,94.25,0.0,-7.59375,7.29688,-0.265625,0.0234375,-0.00976562,4,0,41.492003623906,-91.75847542602328,11002.416494334946,1.2797987063663017,1.980011903540972,-10.81713464724171,197.482,8561.873061902648,11079.41924856223,150,False,3.1601075158468737,False,162.34697863119607,138.31506197222058,False,59.33039750105137,False,False
11,1970-07-23 11:25:32.887304936,2025-09-16,2025-09-26 14:34:48.730,HH,C,2134476608,JASSM,3,101,76,2,2,1,225,9,2,0,1,26,0,0,0,0,-152151.71716483062,-4782885.280244674,4207272.370573521,-2.71035,-1.01032,0.753089,33.625,-53.375,-59.125,0.0,0.0,0.0,0.0,0.0,0.0,2,0,41.51298405735276,-91.82206174809866,10000.000769549544,155.96525723344797,-0.0010708626171492,-0.0016042719826211,,8561.873061902648,11079.41924856223,150,11,2025-09-16,2025-09-26 14:34:48.013,HH,C,1485469636,HAWK11,1,1,73,2,1,1,225,2,1,0,0,12,1,225,2,1,-146907.88513358062,-4784759.069307174,4205804.186979771,2.73739,1.55622,-0.889134,-13.75,81.0,94.625,0.0,-8.09375,7.82812,-0.222656,0.0175781,-0.0488281,4,0,41.49289696390697,-91.75861693850484,11007.340208449452,-0.5824948395856934,2.4400183696870283,-22.46670392311095,198.019,8561.873061902648,11079.41924856223,150,False,3.0947932322228797,False,163.34899905795783,136.8308160336302,False,59.819257111893066,False,False
11,1970-07-23 11:25:32.893280658,2025-09-16,2025-09-26 14:34:49.328,HH,C,2135788454,JASSM,3,101,76,2,2,1,225,9,2,0,1,26,0,0,0,0,-152114.78454764312,-4782944.143525924,4207207.226042271,-2.71035,-1.01032,0.753089,33.625,-53.375,-59.125,0.0,0.0,0.0,0.0,0.0,0.0,2,0,41.51220112933354,-91.82159736370338,9999.997917642952,155.9655650203064,-0.000214186048261,-0.0016055622839738,,8561.873061902648,11079.41924856223,150,11,2025-09-16,2025-09-26 14:34:49.514,HH,C,1487100068,HAWK11,1,1,73,2,1,1,225,2,1,0,0,12,1,225,2,1,-146930.59997733062,-4784649.793916549,4205932.522917271,2.48256,1.67041,-0.887312,-20.25,80.25,95.0,-0.03125,-8.23438,8.03125,-0.201172,0.0195312,-0.0449219,4,0,41.494409088222326,-91.7589288300008,11019.602727322248,-4.711659503825687,2.5636352679224554,-32.168926915490566,197.335,8561.873061902648,11079.41924856223,150,False,3.011205465899989,False,166.2429103871886,134.6812605128963,False,59.06952771903153,False,False
11,1970-07-23 11:25:32.904302386,2025-09-16,2025-09-26 14:34:50.430,HH,C,2137099790,JASSM,3,101,76,2,2,1,225,9,2,0,1,26,0,0,0,0,-152077.86657889312,-4783002.983369674,4207142.106901646,-2.71035,-1.01032,0.753185,33.625,-53.375,-59.125,0.0,0.0,0.0,0.0,0.0,0.0,2,0,41.51141850738944,-91.82113317471364,9999.998540810218,155.96816966369676,-0.0043496019380108,-0.0016069274381031,,8561.873061902648,11079.41924856223,150,11,2025-09-16,2025-09-26 14:34:50.648,HH,C,1488293066,HAWK11,1,1,73,2,1,1,225,2,1,0,0,12,1,225,2,1,-146953.94177420562,-4784570.067354049,4206026.030729771,2.22705,1.77184,-0.880984,-26.625,80.25,93.5,0.125,-7.84375,7.64062,-0.117188,0.0332031,-0.046875,4,0,41.49551023877788,-91.75923737840482,11028.797298986114,-8.414376513975105,2.702948724536919,-42.48202968494385,197.335,8561.873061902648,11079.41924856223,150,False,2.9401874451602,False,169.21969021325913,132.86655570768482,False,57.91024387524985,False,False
11,1970-07-23 11:25:32.913338851,2025-09-16,2025-09-26 14:34:51.333,HH,C,2138173532,JASSM,3,101,76,2,2,1,225,9,2,0,1,26,0,0,0,0,-152047.63806326812,-4783051.161104049,4207088.786589146,-2.71035,-1.01032,0.753185,33.625,-53.375,-59.125,0.0,0.0,0.0,0.0,0.0,0.0,2,0,41.51077769192559,-91.82075310422924,10000.000058606343,155.968421561224,-0.0036484281764532,-0.0016079569668975,,8561.873061902648,11079.41924856223,150,11,2025-09-16,2025-09-26 14:34:51.608,HH,C,1489843964,HAWK11,1,1,73,2,1,1,225,2,1,0,0,12,1,225,2,1,-146994.89294608062,-4784466.748994674,4206144.405729771,2.03713,1.99379,-0.823556,-36.125,79.625,89.75,-0.1875,-8.375,7.96875,-0.0175781,0.03125,-0.0742188,4,0,41.49691637673984,-91.75976528771876,11035.4398446187,-17.33744979639547,1.634237006864755,-44.108452651531366,197.335,8561.873061902648,11079.41924856223,150,False,2.8636069863227713,False,173.85233806149625,130.81400577479997,False,55.33168510144564,False,False
11,1970-07-23 11:25:32.923341888,2025-09-16,2025-09-26 14:34:52.334,HH,C,2139427356,JASSM,3,101,76,2,2,1,225,9,2,0,1,26,0,0,0,0,-152012.33825858062,-4783107.418916549,4207026.520964146,-2.71026,-1.01032,0.753185,33.625,-53.375,-59.125,0.0,0.0,0.0,0.0,0.0,0.0,2,0,41.51002938283379,-91.82030928161788,9999.99968747062,155.96871570740345,-0.0028296353825625,0.0038823181290015,,8561.873061902648,11079.41924856223,150,11,2025-09-16,2025-09-26 14:34:52.218,HH,C,1490559764,HAWK11,1,1,73,2,1,1,225,2,1,0,0,12,1,225,2,1,-147018.21521170562,-4784419.008760299,4206197.675261021,1.99168,2.04403,-0.806874,-40.875,79.375,88.25,-0.046875,-8.51562,8.17188,0.0078125,0.0351562,-0.0351562,4,0,41.49755567839466,-91.7600618683062,11035.7417617767,-19.52062359575333,1.4192865515485416,-44.67496724565406,197.372,8561.873061902648,11079.41924856223,150,False,2.808497219946865,False,176.1143353647469,129.3912320938323,False,54.48318947688235,False,False
11,1970-07-23 11:25:32.936480498,2025-09-16,2025-09-26 14:34:53.648,HH,C,2140798234,JASSM,3,101,76,2,2,1,225,9,2,0,1,26,0,0,0,0,-151973.74353201812,-4783168.926729049,4206958.442839146,-2.71026,-1.01032,0.753185,33.625,-53.375,-59.125,0.0,0.0,0.0,0.0,0.0,0.0,2,0,41.50921122686715,-91.81982404426512,10000.000089402934,155.969037296472,-0.0019344184982337,0.0038810103750038,,8561.873061902648,11079.41924856223,150,11,2025-09-16,2025-09-26 14:34:53.648,HH,C,1491752762,HAWK11,1,1,73,2,1,1,225,2,1,0,0,12,1,225,2,1,-147062.14685233062,-4784342.077119674,4206282.595182896,1.97884,2.15189,-0.780509,-48.125,78.0,84.75,-0.25,-8.51562,8.26562,0.0664062,0.0488281,-0.0546875,4,0,41.4985785105683,-91.76061576715686,11034.709435115305,-24.098360773832127,1.7525735068951995,-41.12944971795571,198.019,8561.873061902648,11079.41924856223,150,False,2.7357099241159153,False,179.4501949435663,127.43002941337376,False,52.72761951690587,False,False
11,1970-07-23 11:25:32.946921696,2025-09-16,2025-09-26 14:34:54.692,HH,C,2142052882,JASSM,3,101,76,2,2,1,225,9,2,0,1,26,0,0,0,0,-151938.42126639312,-4783225.219697799,4206896.134245396,-2.71026,-1.01032,0.753185,33.625,-53.375,-59.125,0.0,0.0,0.0,0.0,0.0,0.0,2,0,41.508462419082,-91.81937996091068,9999.9998051051,155.96933160633156,-0.0011150874315852,0.0038798047774337,,8561.873061902648,11079.41924856223,150,11,2025-09-16,2025-09-26 14:34:54.922,HH,C,1493661560,HAWK11,1,1,73,2,1,1,225,2,1,0,0,12,1,225,2,1,-147147.48669608062,-4784220.452119674,4206413.761198521,1.90904,2.291,-0.718095,-58.75,74.875,79.875,0.140625,-8.76562,8.48438,0.0507812,0.0371094,-0.0273438,4,0,41.50017182525672,-91.76168156138525,11027.579886391364,-30.929507752029394,1.3557946670835357,-39.87765198285766,198.386,8561.873061902648,11079.41924856223,150,False,2.639765782308049,False,174.5803777514045,124.81903705425798,False,49.77678388589425,False,False
11,1970-07-23 11:25:32.962981050,2025-09-16,2025-09-26 14:34:56.298,HH,C,2143364266,JASSM,3,101,76,2,2,1,225,9,2,0,1,26,0,0,0,0,-151901.50134451812,-4783284.057588424,4206831.007292271,-2.71026,-1.01032,0.753185,33.625,-53.375,-59.125,0.0,0.0,0.0,0.0,0.0,0.0,2,0,41.50767974704216,-91.81891580270316,10000.000796700897,155.9696392158476,-0.0002587036526834,0.0038785471148905,,8561.873061902648,11079.41924856223,150,11,2025-09-16,2025-09-26 14:34:56.110,HH,C,1495212458,HAWK11,1,1,73,2,1,1,225,2,1,0,0,12,1,225,2,1,-147228.96130545562,-4784126.174775924,4206513.942839146,1.91661,2.38774,-0.675814,-67.125,71.625,75.875,-0.171875,-9.25,9.0,0.0234375,0.0410156,-0.0507812,4,0,41.50139401087216,-91.76269109136892,11019.983153487765,-35.81650517990221,1.5961125958310023,-36.009522610828284,199.144,8561.873061902648,11079.41924856223,150,False,2.5542858929762895,False,170.06866888823424,122.46008780221487,False,47.60877120227015,False,False
11,1970-07-23 11:25:32.967302328,2025-09-16,2025-09-26 14:34:56.730,HH,C,2144676598,JASSM,3,101,76,2,2,1,225,9,2,0,1,26,0,0,0,0,-151864.55505545562,-4783342.934541549,4206765.833464146,-2.71026,-1.01032,0.753185,33.625,-53.375,-59.125,0.0,0.0,0.0,0.0,0.0,0.0,2,0,41.50689652924265,-91.8184513253224,9999.998410049226,155.96994703211595,0.00059827763702,0.0038772939515858,,8561.873061902648,11079.41924856223,150,11,2025-09-16,2025-09-26 14:34:56.642,HH,C,1495729426,HAWK11,1,1,73,2,1,1,225,2,1,0,0,12,1,225,2,1,-147258.82849295562,-4784095.293916549,4206547.015104771,1.87596,2.42513,-0.662392,-69.875,70.0,74.75,0.015625,-9.64062,9.25,-0.0898438,0.0566406,-0.0429688,4,0,41.50179549171074,-91.76305982218584,11018.297736339744,-37.63621058428404,1.924642709137579,-37.06556499599183,199.18,8561.873061902648,11079.41924856223,150,False,2.5076297976181388,False,168.5436862071109,120.98714004674278,False,47.56135908787988,False,False
11,1970-07-23 11:25:32.978340600,2025-09-16,2025-09-26 14:34:57.834,HH,C,2145989492,JASSM,3,101,76,2,2,1,225,9,2,0,1,26,0,0,0,0,-151827.59314139312,-4783401.836885299,4206700.630339146,-2.71026,-1.01032,0.75328,33.625,-53.375,-59.125,0.0,0.0,0.0,0.0,0.0,0.0,2,0,41.50611296361396,-91.81798666252467,9999.998136311267,155.97255053045433,-0.0035330174300156,0.0038759928021611,,8561.873061902648,11079.41924856223,150,11,2025-09-16,2025-09-26 14:34:57.842,HH,C,1496524758,HAWK11,1,1,73,2,1,1,225,2,1,0,0,12,1,225,2,1,-147307.03357108062,-4784049.530244674,4206596.140104771,1.79715,2.47498,-0.652901,-74.25,67.25,72.875,-0.15625,-10.0312,9.70312,-0.0292969,0.0585938,-0.0234375,4,0,41.502390504445096,-91.7636534542966,11016.348428775931,-39.78252926071357,2.824818051941787,-39.92363325920365,199.779,8561.873061902648,11079.41924856223,150,False,2.451554723358543,False,166.05150585720804,119.21271094072009,False,46.87569911991621,False,False
11,1970-07-23 11:25:32.989402727,2025-09-16,2025-09-26 14:34:58.940,HH,C,2147359990,JASSM,3,101,76,2,2,1,225,9,2,0,1,26,0,0,0,0,-151789.00915701812,-4783463.323213424,4206632.565886021,-2.71026,-1.01032,0.75328,33.625,-53.375,-59.125,0.0,0.0,0.0,0.0,0.0,0.0,2,0,41.50529501547154,-91.8175016203508,10000.00076401294,155.9728719653554,-0.0026380408421342,0.0038747161579404,,8561.873061902648,11079.41924856223,150,11,2025-09-16,2025-09-26 14:34:59.014,HH,C,1498552856,HAWK11,1,1,73,2,1,1,225,2,1,0,0,12,1,225,2,1,-147442.69177420562,-4783943.290010299,4206712.569792271,1.69687,2.60623,-0.571216,-85.625,59.25,65.75,0.046875,-9.98438,9.79688,-0.0253906,0.0449219,-0.0410156,4,0,41.50378353191037,-91.765315791252,11018.82195140963,-47.51750925074722,3.079266695459268,-41.73996018071068,199.18,8561.873061902648,11079.41924856223,150,False,2.3466538077824333,False,158.83503921616506,116.21462325092615,False,42.775243445501225,False,False
11,1970-07-23 11:25:33.001402253,2025-09-16,2025-09-26 14:35:00.140,HH,C,2148672336,JASSM,3,101,76,2,2,1,225,9,2,0,1,26,0,0,0,0,-151752.06189139312,-4783522.198213424,4206567.388151646,-2.71026,-1.01032,0.75328,33.625,-53.375,-59.125,0.0,0.0,0.0,0.0,0.0,0.0,2,0,41.50451177713592,-91.81703716611128,9999.999248826229,155.9731797518615,-0.0017810425663056,0.0038734988581317,,8561.873061902648,11079.41924856223,150,11,2025-09-16,2025-09-26 14:35:00.310,HH,C,1500262820,HAWK11,1,1,73,2,1,1,225,2,1,0,0,12,1,225,2,1,-147571.72888358062,-4783864.217744674,4206801.538542271,1.65603,2.70556,-0.517431,-94.0,51.75,58.625,-0.09375,-9.95312,9.64062,-0.0195312,0.0527344,-0.0527344,4,0,41.50483074095464,-91.76688894594308,11027.831844783228,-53.20197183177012,4.084406824624139,-41.48564959407181,199.29,8561.873061902648,11079.41924856223,150,False,2.2534520442659276,False,152.6389909510286,113.52545440612698,False,39.398784520426176,False,False
11,1970-07-23 11:25:33.011266300,2025-09-16,2025-09-26 14:35:01.126,HH,C,2149926576,JASSM,3,101,76,2,2,1,225,9,2,0,1,26,0,0,0,0,-151716.75134451812,-4783578.467744674,4206505.095182896,-2.71026,-1.01022,0.75328,33.625,-53.375,-59.125,0.0,0.0,0.0,0.0,0.0,0.0,2,0,41.50376320078016,-91.81659329609344,10000.003112388107,155.96983045545502,-0.0026386770264465,0.000111404120507,,8561.873061902648,11079.41924856223,150,11,2025-09-16,2025-09-26 14:35:01.215,HH,C,1501256986,HAWK11,1,1,73,2,1,1,225,2,1,0,0,12,1,225,2,1,-147651.45153983062,-4783823.282197799,4206848.069792271,1.59649,2.76184,-0.472754,-98.375,47.0,54.5,-0.125,-10.3281,10.1562,-0.0566406,0.0625,-0.0488281,4,0,41.50537367613719,-91.76785798456748,11034.508673601704,-57.030836763881545,4.232811086702323,-43.64196650376986,198.801,8561.873061902648,11079.41924856223,150,False,2.1920389610399433,False,149.05865823909312,111.49554493184937,False,37.967281818249084,False,False
11,1970-07-23 11:25:33.023019290,2025-09-16,2025-09-26 14:35:02.301,HH,C,2151238686,JASSM,3,101,76,2,2,1,225,9,2,0,1,26,0,0,0,0,-151679.81091483062,-4783637.329072799,4206439.927214146,-2.71026,-1.01022,0.75328,33.625,-53.375,-59.125,0.0,0.0,0.0,0.0,0.0,0.0,2,0,41.50298010458869,-91.81612895072767,9999.998929591571,155.97013816051745,-0.0017818384938907,0.0001101322544911,,8561.873061902648,11079.41924856223,150,11,2025-09-16,2025-09-26 14:35:02.108,HH,C,1502370452,HAWK11,1,1,73,2,1,1,225,2,1,0,0,12,1,225,2,1,-147746.33825858062,-4783782.006807174,4206896.581511021,1.54539,2.82866,-0.427885,-103.375,41.0,48.875,-0.359375,-10.6562,10.3281,-0.0136719,0.0605469,-0.0546875,4,0,41.50592918392597,-91.76900861259836,11045.81218786398,-61.29358915059852,4.895408626100443,-45.24177006081722,198.581,8561.873061902648,11079.41924856223,150,False,2.1247459950595164,False,144.53463261787724,109.25594151822548,False,35.83432696451803,False,False
11,1970-07-23 11:25:33.035698697,2025-09-16,2025-09-26 14:35:03.569,HH,C,2152491686,JASSM,3,101,76,2,2,1,225,9,2,0,1,26,0,0,0,0,-151644.53454764312,-4783693.540010299,4206377.694792271,-2.71026,-1.01022,0.75328,33.625,-53.375,-59.125,0.0,0.0,0.0,0.0,0.0,0.0,2,0,41.5022322754084,-91.81568553282403,10000.001925645392,155.9704319932451,-0.0009635911085571,0.0001089149418516,,8561.873061902648,11079.41924856223,150,11,2025-09-16,2025-09-26 14:35:03.608,HH,C,1504159950,HAWK11,1,1,73,2,1,1,225,2,1,0,0,12,1,225,2,1,-147905.99060233062,-4783727.766572799,4206962.352995396,1.43686,2.91696,-0.32856,-109.625,31.875,38.625,-0.25,-10.1406,9.84375,-0.0546875,0.0546875,-0.0644531,4,0,41.50666634516589,-91.77093902537445,11067.72684800968,-68.68506827979573,4.438246609514176,-50.1906352857356,197.372,8561.873061902648,11079.41924856223,150,False,2.0282440268808686,False,137.40662132969766,106.5081264828509,False,31.624517768804502,False,False
11,1970-07-23 11:25:33.045621377,2025-09-16,2025-09-26 14:35:04.562,HH,C,2153802440,JASSM,3,101,76,2,2,1,225,9,2,0,1,26,0,0,0,0,-151607.63220389312,-4783752.340791549,4206312.591276646,-2.71026,-1.01022,0.75328,33.625,-53.375,-59.125,0.0,0.0,0.0,0.0,0.0,0.0,2,0,41.50144996345648,-91.81522168799437,10000.001269041566,155.97073935730353,-0.0001076181388941,0.0001076365417745,,8561.873061902648,11079.41924856223,150,11,2025-09-16,2025-09-26 14:35:04.810,HH,C,1505512014,HAWK11,1,1,73,2,1,1,225,2,1,0,0,12,1,225,2,1,-148032.78357108062,-4783695.395479049,4207000.505339146,1.37876,2.97132,-0.24956,-113.75,25.375,29.125,-0.265625,-9.32812,9.07812,-0.0703125,0.03125,-0.0703125,4,0,41.507093044016905,-91.77246818807248,11080.814900271149,-74.05654324897755,3.605647625507199,-53.00777205267299,196.736,8561.873061902648,11079.41924856223,150,False,1.950793204465258,False,131.6401126961062,104.06329322852325,False,28.284457651774567,True,False
11,1970-07-23 11:25:33.058561685,2025-09-16,2025-09-26 14:35:05.856,HH,C,2155055140,JASSM,3,101,76,2,2,1,225,9,2,0,1,26,0,0,0,0,-151572.36462576812,-4783808.534150924,4206250.372526646,-2.71026,-1.01022,0.753376,33.625,-53.375,-59.125,0.0,0.0,0.0,0.0,0.0,0.0,2,0,41.50070232584302,-91.81477840279196,10000.00022240057,155.97333041316784,-0.0042811865462608,0.000106350627634,,8561.873061902648,11079.41924856223,150,11,2025-09-16,2025-09-26 14:35:05.846,HH,C,1506585714,HAWK11,1,1,73,2,1,1,225,2,1,0,0,12,1,225,2,1,-148135.97107108062,-4783674.317354049,4207022.993620396,1.42315,3.00574,-0.183311,-115.875,21.125,21.625,-0.28125,-8.85938,8.51562,0.121094,0.0546875,-0.0664062,4,0,41.50735120059774,-91.77371072344684,11085.791972130968,-78.17455790665046,2.5050706270933003,-50.26025670706091,196.431,8561.873061902648,11079.41924856223,150,False,1.8880788246446758,False,127.49570662743285,101.87375455463207,False,26.22570144808719,True,False
11,1970-07-23 11:25:33.065238962,2025-09-16,2025-09-26 14:35:06.523,HH,C,2156368824,JASSM,3,101,76,2,2,1,225,9,2,0,1,26,0,0,0,0,-151535.37927420562,-4783867.463838424,4206185.122526646,-2.71026,-1.01022,0.753376,33.625,-53.375,-59.125,0.0,0.0,0.0,0.0,0.0,0.0,2,0,41.49991827003584,-91.81431353776316,10000.000372243288,155.97363844402452,-0.0034233063043356,0.000105110885246,,8561.873061902648,11079.41924856223,150,11,2025-09-16,2025-09-26 14:35:06.643,HH,C,1507261746,HAWK11,1,1,73,2,1,1,225,2,1,0,0,12,1,225,2,1,-148202.06677420562,-4783662.786104049,4207033.597136021,1.47435,3.03095,-0.142756,-117.0,18.375,17.5,-0.203125,-9.17188,8.89062,0.046875,0.0546875,-0.0566406,4,0,41.507479192927214,-91.77450589135898,11085.55656154514,-80.86005118333122,2.022670176003885,-47.19844686556598,196.431,8561.873061902648,11079.41924856223,150,False,1.8454796485958989,False,125.0845427068395,99.85546706193935,False,25.803024623876368,True,False
11,1970-07-23 11:25:33.077537344,2025-09-16,2025-09-26 14:35:07.753,HH,C,2157681484,JASSM,3,101,76,2,2,1,225,9,2,0,1,26,0,0,0,0,-151498.42321951812,-4783926.346650924,4206119.921354771,-2.71026,-1.01022,0.753376,33.625,-53.375,-59.125,0.0,0.0,0.0,0.0,0.0,0.0,2,0,41.499134815215456,-91.81384905223824,9999.998509182527,155.97394621863592,-0.0025660889840949,0.0001038646885189,,8561.873061902648,11079.41924856223,150,11,2025-09-16,2025-09-26 14:35:07.518,HH,C,1508852412,HAWK11,1,1,73,2,1,1,225,2,1,0,0,12,1,225,2,1,-148358.87732108062,-4783642.692354049,4207050.405729771,1.52267,3.09634,-0.0767949,-118.625,11.25,7.875,-0.265625,-9.40625,9.125,0.0585938,0.0546875,-0.0527344,4,0,41.50768327184152,-91.776389725987,11084.69473549234,-86.16282333504074,2.3042103211596445,-44.219411967824506,196.773,8561.873061902648,11079.41924856223,150,False,1.759751314915465,False,119.31319805057673,97.15847569763402,False,22.770226270180224,True,False
11,1970-07-23 11:25:33.087259508,2025-09-16,2025-09-26 14:35:08.725,HH,C,2158992390,JASSM,3,101,76,2,2,1,225,9,2,0,1,26,0,0,0,0,-151461.51696951812,-4783985.149385299,4206054.808073521,-2.71026,-1.01022,0.753376,33.625,-53.375,-59.125,0.0,0.0,0.0,0.0,0.0,0.0,2,0,41.49835241870847,-91.81338520413502,9999.999586131233,155.97425356611691,-0.0017100309448272,0.0001026217785416,,8561.873061902648,11079.41924856223,150,11,2025-09-16,2025-09-26 14:35:09.014,HH,C,1510363544,HAWK11,1,1,73,2,1,1,225,2,1,0,0,12,1,225,2,1,-148508.88513358062,-4783633.010713424,4207054.890104771,1.56293,-3.11973,-0.00517719,-119.25,3.5,-0.125,-0.15625,-9.73438,9.45312,0.00585938,0.0507812,-0.0371094,4,0,41.50774345824925,-91.7781883034444,11082.100141543391,-91.78730256732428,2.465785079787468,-41.9887996702118,196.993,8561.873061902648,11079.41924856223,150,False,1.679062335954637,False,113.96234061232691,94.5159818619565,False,20.315537868376037,True,False
11,1970-07-23 11:25:33.098299334,2025-09-16,2025-09-26 14:35:09.829,HH,C,2160305920,JASSM,3,101,76,2,2,1,225,9,2,0,1,26,0,0,0,0,-151424.53650076812,-4784044.069307174,4205989.563932896,-2.71026,-1.01022,0.753376,33.625,-53.375,-59.125,0.0,0.0,0.0,0.0,0.0,0.0,2,0,41.49756845372773,-91.81292043483175,10000.002911194317,155.9745615192116,-0.000852257688022,0.0001013788908029,,8561.873061902648,11079.41924856223,150,11,2025-09-16,2025-09-26 14:35:09.919,HH,C,1511675842,HAWK11,1,1,73,2,1,1,225,2,1,0,0,12,1,225,2,1,-148640.04138358062,-4783632.596650924,4207050.128386021,1.58355,-3.05972,0.0426638,-118.875,-3.25,-7.125,0.015625,-9.64062,9.375,0.0429688,0.046875,-0.0429688,4,0,41.50768955426325,-91.77975786237693,11080.733579919077,-96.12670736201028,3.213343348438741,-41.08731299376857,197.188,8561.873061902648,11079.41924856223,150,False,1.6092693380419574,False,109.28866926541262,91.97450422839793,False,18.460614786745502,True,False
11,1970-07-23 11:25:33.110300351,2025-09-16,2025-09-26 14:35:11.030,HH,C,2161559202,JASSM,3,101,76,2,2,1,225,9,2,0,1,26,0,0,0,0,-151389.25232108062,-4784100.284150924,4205927.310026646,-2.71016,-1.01022,0.753376,33.625,-53.375,-59.125,0.0,0.0,0.0,0.0,0.0,0.0,2,0,41.496820444853874,-91.81247699580275,9999.999037695885,155.97485533454878,-3.382834428789097e-05,0.0055916634802333,,8561.873061902648,11079.41924856223,150,11,2025-09-16,2025-09-26 14:35:11.217,HH,C,1513067674,HAWK11,1,1,73,2,1,1,225,2,1,0,0,12,1,225,2,1,-148778.25232108062,-4783640.166963424,4207037.151823521,1.6055,-3.002,0.103927,-117.625,-10.375,-13.75,-0.109375,-9.53125,9.26562,-0.0078125,0.0449219,-0.03125,4,0,41.50753136562042,-91.78140886307972,11081.660788008672,-100.95070172371167,3.3114159839467394,-40.346372360693074,196.736,8561.873061902648,11079.41924856223,150,False,1.5369926417371382,False,104.58595411533908,89.45048574384228,False,16.766611751627483,True,False
11,1970-07-23 11:25:33.120336643,2025-09-16,2025-09-26 14:35:12.033,HH,C,2162871392,JASSM,3,101,76,2,2,1,225,9,2,0,1,26,0,0,0,0,-151352.30896170562,-4784159.141572799,4205862.130339146,-2.71016,-1.01022,0.753376,33.625,-53.375,-59.125,0.0,0.0,0.0,0.0,0.0,0.0,2,0,41.4960372759449,-91.81201271604252,10000.000999364396,155.9751629539437,0.0008230718878193,0.0055904263252028,,8561.873061902648,11079.41924856223,150,11,2025-09-16,2025-09-26 14:35:12.107,HH,C,1514181140,HAWK11,1,1,73,2,1,1,225,2,1,0,0,12,1,225,2,1,-148888.05505545562,-4783652.120088424,4207021.118620396,1.60723,-2.95483,0.141989,-116.0,-15.875,-19.25,-0.09375,-9.34375,9.14062,-0.00976562,0.0390625,-0.0449219,4,0,41.50733169959571,-91.78271829556483,11084.543461250589,-104.3788585161752,3.810791621159812,-40.79205827869466,196.7,8561.873061902648,11079.41924856223,150,False,1.4806710673674464,True,100.75861727176353,86.9538082377087,False,15.824318827393707,True,False
11,1970-07-23 11:25:33.132847084,2025-09-16,2025-09-26 14:35:13.284,HH,C,2164182478,JASSM,3,101,76,2,2,1,225,9,2,0,1,26,0,0,0,0,-151315.39685233062,-4784217.948213424,4205797.003386021,-2.71016,-1.01013,0.753376,33.625,-53.375,-59.125,0.0,0.0,0.0,0.0,0.0,0.0,2,0,41.49525475727756,-91.81154884055928,9999.99996806822,155.97183182664375,4.551528673992831e-06,0.0018323870364742,,8561.873061902648,11079.41924856223,150,11,2025-09-16,2025-09-26 14:35:13.420,HH,C,1515732038,HAWK11,1,1,73,2,1,1,225,2,1,0,0,12,1,225,2,1,-149037.53747733062,-4783676.791963424,4206990.741667271,1.6171,-2.89194,0.210731,-113.125,-23.0,-26.625,-0.234375,-9.48438,9.125,-0.00390625,0.0546875,-0.0488281,4,0,41.5069521705734,-91.78449777619872,11090.51509540102,-109.69020692992136,3.6877560533783824,-41.206572787669614,196.162,8561.873061902648,11079.41924856223,150,False,1.4037425813505207,True,95.61387338233554,84.22303246733499,False,14.137133727268898,True,False
11,1970-07-23 11:25:33.142203218,2025-09-16,2025-09-26 14:35:14.220,HH,C,2165494290,JASSM,3,101,76,2,2,1,225,9,2,0,1,26,0,0,0,0,-151278.46521170562,-4784276.786104049,4205731.839323521,-2.71016,-1.01013,0.753472,33.625,-53.375,-59.125,0.0,0.0,0.0,0.0,0.0,0.0,2,0,41.49447180392584,-91.81108473075058,9999.998177667736,155.97443554406743,-0.0041271439078438,0.0018310184007199,,8561.873061902648,11079.41924856223,150,11,2025-09-16,2025-09-26 14:35:14.013,HH,C,1516447836,HAWK11,1,1,73,2,1,1,225,2,1,0,0,12,1,225,2,1,-149105.30700858062,-4783691.405244674,4206972.944792271,1.62008,-2.86087,0.23585,-111.125,-26.25,-30.375,0.109375,-9.67188,8.9375,0.0,0.0605469,-0.0351562,4,0,41.50673253773552,-91.7853032379782,11092.89316717821,-111.9371431987684,3.932124184169833,-41.57975952503639,195.673,8561.873061902648,11079.41924856223,150,False,1.3724589392515594,True,93.02762650611609,81.8368651252573,False,14.074849677000895,True,False
11,1970-07-23 11:25:33.152242344,2025-09-16,2025-09-26 14:35:15.224,HH,C,2166748798,JASSM,3,101,76,2,2,1,225,9,2,0,1,26,0,0,0,0,-151243.14489920562,-4784333.053682174,4205669.522917271,-2.71016,-1.01013,0.753472,33.625,-53.375,-59.125,0.0,0.0,0.0,0.0,0.0,0.0,2,0,41.493723058797926,-91.81064088173324,10000.002825144751,155.97472961315464,-0.0033079106025631,0.0018298243314643,,8561.873061902648,11079.41924856223,150,11,2025-09-16,2025-09-26 14:35:15.514,HH,C,1518356634,HAWK11,1,1,73,2,1,1,225,2,1,0,0,12,1,225,2,1,-149279.21325858062,-4783739.678682174,4206917.251432896,1.6473,-2.77938,0.310248,-105.125,-34.375,-39.0,-0.28125,-9.57812,8.60938,0.0,0.0429688,-0.0625,4,0,41.50603712891963,-91.78736611883842,11103.671023773886,-118.14676535287737,4.074399307614887,-41.71421182695399,193.449,8561.873061902648,11079.41924856223,150,False,1.2806335132344087,True,86.5747495925033,79.05842607770742,False,11.940505866957354,True,False
11,1970-07-23 11:25:33.169218792,2025-09-16,2025-09-26 14:35:16.921,HH,C,2168118996,JASSM,3,101,76,2,2,1,225,9,2,0,1,26,0,0,0,0,-151204.56872733062,-4784394.508760299,4205601.456511021,-2.71016,-1.01013,0.753472,33.625,-53.375,-59.125,0.0,0.0,0.0,0.0,0.0,0.0,2,0,41.49290524953886,-91.81015612971318,10000.00230143773,155.9750507772601,-0.0024131210073964,0.0018285032398485,,8561.873061902648,11079.41924856223,150,11,2025-09-16,2025-09-26 14:35:17.013,HH,C,1520185900,HAWK11,1,1,73,2,1,1,225,2,1,0,0,12,1,225,2,1,-149434.95153983062,-4783797.098604049,4206850.976042271,1.65603,-2.70393,0.380811,-98.25,-41.125,-46.875,-0.0625,-9.28125,8.29688,-0.0253906,0.0429688,-0.0351562,4,0,41.50521923171136,-91.78920814778814,11112.528160633085,-123.8930827963529,3.8920565878916937,-43.07950388710695,191.469,8561.873061902648,11079.41924856223,150,False,1.196750033134351,True,80.48671633504331,76.22528307755758,False,10.637693813962693,True,False
11,1970-07-23 11:25:33.174282415,2025-09-16,2025-09-26 14:35:17.428,HH,C,2169373304,JASSM,3,101,76,2,2,1,225,9,2,0,1,26,0,0,0,0,-151169.25622733062,-4784450.764619674,4205539.145964146,-2.71016,-1.01013,0.753472,33.625,-53.375,-59.125,0.0,0.0,0.0,0.0,0.0,0.0,2,0,41.49215660848826,-91.80971239997724,10000.00044674604,155.97534475819617,-0.0015940158530049,0.0018272860767767,,8561.873061902648,11079.41924856223,150,11,2025-09-16,2025-09-26 14:35:17.310,HH,C,1520504032,HAWK11,1,1,73,2,1,1,225,2,1,0,0,12,1,225,2,1,-149462.06482108062,-4783808.248994674,4206839.261198521,1.66427,-2.68725,0.398356,-97.0,-42.25,-48.0,-0.21875,-9.25,8.20312,-0.015625,0.0390625,-0.0625,4,0,41.50506876876456,-91.78952839986282,11116.521487972668,-125.22544221922412,3.7325746046929855,-43.05871857867812,191.188,8561.873061902648,11079.41924856223,150,False,1.1929300389937325,True,79.49470416699481,73.88410882396248,False,11.358490602944293,True,False
11,1970-07-23 11:25:33.185301314,2025-09-16,2025-09-26 14:35:18.530,HH,C,2170684048,JASSM,3,101,76,2,2,1,225,9,2,0,1,26,0,0,0,0,-151132.35388358062,-4784509.549775924,4205474.032682896,-2.71016,-1.01013,0.753472,33.625,-53.375,-59.125,0.0,0.0,0.0,0.0,0.0,0.0,2,0,41.49137429837517,-91.80924870481208,10000.000262880105,155.9756519620192,-0.0007380680945049,0.0018260287876421,,8561.873061902648,11079.41924856223,150,11,2025-09-16,2025-09-26 14:35:18.240,HH,C,1520981232,HAWK11,1,1,73,2,1,1,225,2,1,0,0,12,1,225,2,1,-149500.68786795562,-4783825.440400924,4206819.351042271,1.67118,-2.66577,0.41801,-94.875,-43.75,-50.125,-0.109375,-9.28125,8.42188,0.00585938,0.0390625,-0.0507812,4,0,41.50482492153759,-91.7899841093186,11118.416372896489,-126.82069151633168,3.632148993506521,-43.25412774885228,190.296,8561.873061902648,11079.41924856223,150,False,1.183615234645965,True,77.85033638050956,71.43244662694727,False,11.742964149895178,True,False
11,1970-07-23 11:25:33.197605418,2025-09-16,2025-09-26 14:35:19.760,HH,C,2171938328,JASSM,3,101,76,2,2,1,225,9,2,0,1,26,0,0,0,0,-151097.04138358062,-4784565.801729049,4205411.722136021,-2.71016,-1.01013,0.753472,33.625,-53.375,-59.125,0.0,0.0,0.0,0.0,0.0,0.0,2,0,41.49062567690262,-91.80880499744634,9999.997548496372,155.97594591921828,8.101556652741219e-05,0.0018248200591897,,8561.873061902648,11079.41924856223,150,11,2025-09-16,2025-09-26 14:35:19.718,HH,C,1523327462,HAWK11,1,1,73,2,1,1,225,2,1,0,0,12,1,225,2,1,-149677.69958670562,-4783917.252900924,4206709.218229771,1.66744,-2.57996,0.516376,-84.75,-49.5,-60.375,-0.046875,-8.42188,7.5625,0.0429688,0.0429688,-0.0566406,4,0,41.503502443049165,-91.79206773264968,11118.044025768182,-133.80701057938376,2.105029338479019,-46.03640099283268,189.233,8561.873061902648,11079.41924856223,150,False,1.0783230502626082,True,70.27791285260358,68.74646953976038,False,9.37594036429237,True,False
11,1970-07-23 11:25:33.207175590,2025-09-16,2025-09-26 14:35:20.717,HH,C,2173309064,JASSM,3,101,76,2,2,1,225,9,2,0,1,26,0,0,0,0,-151058.44958670562,-4784627.276338424,4205343.626432896,-2.71016,-1.01013,0.753472,33.625,-53.375,-59.125,0.0,0.0,0.0,0.0,0.0,0.0,2,0,41.48980754851733,-91.80832009730686,9999.99941797067,155.97626716174335,0.0009761489105619,0.0018235052402419,,8561.873061902648,11079.41924856223,150,11,2025-09-16,2025-09-26 14:35:20.715,HH,C,1524560228,HAWK11,1,1,73,2,1,1,225,2,1,0,0,12,1,225,2,1,-149762.59607108062,-4783970.012666549,4206643.739714146,1.73915,-2.51228,0.575722,-78.5,-52.5,-65.625,-0.09375,-9.26562,8.34375,0.00976562,0.0566406,-0.0644531,4,0,41.50273084006142,-91.79306375963372,11111.785220168766,-138.5066735930869,1.4144511174898078,-44.08734188040005,188.756,8561.873061902648,11079.41924856223,150,False,1.0350884838982084,True,66.00915072863867,66.06995112744872,False,8.853691954941194,True,False
11,1970-07-23 11:25:33.218239603,2025-09-16,2025-09-26 14:35:21.823,HH,C,2174563062,JASSM,3,101,76,2,2,1,225,9,2,0,1,26,0,0,0,0,-151023.14489920562,-4784683.514619674,4205281.327604771,-2.71016,-1.01013,0.753568,33.625,-53.375,-59.125,0.0,0.0,0.0,0.0,0.0,0.0,2,0,41.48905908226104,-91.8078765099444,9999.99813562683,155.978857251215,-0.0031932924722416,0.0018222657143853,,8561.873061902648,11079.41924856223,150,11,2025-09-16,2025-09-26 14:35:21.715,HH,C,1525713460,HAWK11,1,1,73,2,1,1,225,2,1,0,0,12,1,225,2,1,-149835.46716483062,-4784022.731416549,4206578.118620396,1.77146,-2.43807,0.609949,-72.0,-56.25,-69.625,0.046875,-9.84375,9.04688,0.0,0.0507812,-0.0390625,4,0,41.50196075634799,-91.79391589816775,11104.198031589378,-142.5213334971605,1.8340688884425735,-44.72656390291528,188.597,8561.873061902648,11079.41924856223,150,False,0.9964617494660117,True,61.76978724466595,63.6827157310569,False,9.274215964856609,True,False
11,1970-07-23 11:25:33.229238196,2025-09-16,2025-09-26 14:35:22.923,HH,C,2175933452,JASSM,3,101,76,2,2,1,225,9,2,0,1,26,0,0,0,0,-150984.56286795562,-4784744.971650924,4205213.247526646,-2.71016,-1.01013,0.753568,33.625,-53.375,-59.125,0.0,0.0,0.0,0.0,0.0,0.0,2,0,41.48824115798544,-91.80739175662691,10000.001311134416,155.97917838661726,-0.0022983866910768,0.001820987030181,,8561.873061902648,11079.41924856223,150,11,2025-09-16,2025-09-26 14:35:23.013,HH,C,1527343892,HAWK11,1,1,73,2,1,1,225,2,1,0,0,12,1,225,2,1,-149926.71521170562,-4784103.008760299,4206479.780729771,1.84893,-2.32772,0.669966,-61.875,-61.0,-74.75,-0.125,-10.0781,9.0,0.0195312,0.0605469,-0.0683594,4,0,41.50080247527388,-91.79497755692668,11094.588266286357,-148.64474279021897,1.588025424624168,-44.250884315117744,188.035,8561.873061902648,11079.41924856223,150,False,0.9377388595007143,True,55.62642485213227,61.27429237758635,False,10.899879837552968,True,False
11,1970-07-23 11:25:33.240416041,2025-09-16,2025-09-26 14:35:24.041,HH,C,2177187302,JASSM,3,101,76,2,2,1,225,9,2,0,1,26,0,0,0,0,-150949.26208670562,-4784801.200166549,4205150.954557896,-2.71016,-1.01013,0.753568,33.625,-53.375,-59.125,0.0,0.0,0.0,0.0,0.0,0.0,2,0,41.48749278490417,-91.80694824104783,9999.998012874355,155.9794721986223,-0.0014795817763291,0.0018198132817432,,8561.873061902648,11079.41924856223,150,11,2025-09-16,2025-09-26 14:35:23.919,HH,C,1528099458,HAWK11,1,1,73,2,1,1,225,2,1,0,0,12,1,225,2,1,-149964.86560233062,-4784142.854463424,4206431.638151646,1.90559,-2.26473,0.694414,-56.75,-63.125,-76.625,-0.21875,-10.0625,8.95312,0.0371094,0.0507812,-0.0546875,4,0,41.50023339058109,-91.79541906461976,11090.724473124528,-151.7759131372163,1.7019182610309582,-43.370409460814365,187.241,8561.873061902648,11079.41924856223,150,False,0.9235174178981375,True,52.69900463653873,58.96225031229807,False,11.367013487966503,True,False
11,1970-07-23 11:25:33.251277140,2025-09-16,2025-09-26 14:35:25.127,HH,C,2178558962,JASSM,3,101,76,2,2,1,225,9,2,0,1,26,0,0,0,0,-150910.64294608062,-4784862.711885299,4205082.808073521,-2.71016,-1.01003,0.753568,33.625,-53.375,-59.125,0.0,0.0,0.0,0.0,0.0,0.0,2,0,41.48667408991015,-91.80646304652706,9999.998090542627,155.97615590670046,-0.0022584773090438,-0.0019388823739611,,8561.873061902648,11079.41924856223,150,11,2025-09-16,2025-09-26 14:35:25.121,HH,C,1529292456,HAWK11,1,1,73,2,1,1,225,2,1,0,0,12,1,225,2,1,-150017.74060233062,-4784207.696260299,4206353.860807896,2.03492,-2.1817,0.714931,-48.875,-65.875,-79.0,-0.171875,-9.92188,8.6875,0.115234,0.0429688,-0.0449219,4,0,41.49931283891476,-91.7960273570932,11084.964325406918,-155.55188716233957,2.2253760896801427,-39.172301208399816,186.239,8561.873061902648,11079.41924856223,150,False,0.8916632455513062,True,48.350740040966464,56.66859971647512,False,12.811892889795457,True,False
11,1970-07-23 11:25:33.262824486,2025-09-16,2025-09-26 14:35:26.282,HH,C,2179812258,JASSM,3,101,76,2,2,1,225,9,2,0,1,26,0,0,0,0,-150875.35778983062,-4784918.915010299,4205020.542448521,-2.71016,-1.01003,0.753568,33.625,-53.375,-59.125,0.0,0.0,0.0,0.0,0.0,0.0,2,0,41.4859260457468,-91.80601974881009,10000.001995577086,155.97644956529953,-0.0014400360548818,-0.001940107137541,,8561.873061902648,11079.41924856223,150,11,2025-09-16,2025-09-26 14:35:26.013,HH,C,1530843354,HAWK11,1,1,73,2,1,1,225,2,1,0,0,12,1,225,2,1,-150075.29919608062,-4784295.102510299,4206250.388151646,2.23309,-2.07634,0.733147,-39.875,-68.875,-80.625,-0.328125,-9.90625,8.75,0.0449219,0.046875,-0.0410156,4,0,41.49808373861991,-91.79668319931304,11079.133046828463,-160.1382781375366,2.964792168132297,-32.02691495317,185.432,8561.873061902648,11079.41924856223,150,False,0.8415587086615866,True,43.52191720529082,54.97675750406434,False,15.525150172189301,True,False
11,1970-07-23 11:25:33.272197564,2025-09-16,2025-09-26 14:35:27.219,HH,C,2181065132,JASSM,3,101,76,2,2,1,225,9,2,0,1,26,0,0,0,0,-150840.08435233062,-4784975.096650924,4204958.296354771,-2.71016,-1.01003,0.753568,33.625,-53.375,-59.125,0.0,0.0,0.0,0.0,0.0,0.0,2,0,41.48517825726937,-91.80557660957442,10000.000742981794,155.97674311456325,-0.0006218751049294,-0.0019413285518241,,8561.873061902648,11079.41924856223,150,11,2025-09-16,2025-09-26 14:35:27.309,HH,C,1532434020,HAWK11,1,1,73,2,1,1,225,2,1,0,0,12,1,225,2,1,-150123.51403983062,-4784390.104463424,4206142.120573521,2.16972,-1.9821,0.732763,-30.5,-71.875,-81.125,0.015625,-9.53125,8.46875,-0.078125,0.03125,-0.046875,4,0,41.49677879419556,-91.79722437888591,11080.825458786736,-163.9531819354128,4.234028930041366,-39.51176709662627,183.844,8561.873061902648,11079.41924856223,150,False,0.7908196535741882,True,38.60701515857787,53.577664322450666,False,19.00382152632317,True,False
11,1970-07-23 11:25:33.285217831,2025-09-16,2025-09-26 14:35:28.521,HH,C,2182435554,JASSM,3,101,76,2,2,1,225,9,2,0,1,26,0,0,0,0,-150801.50232108062,-4785036.549775924,4204890.208464146,-2.71006,-1.01003,0.753568,33.625,-53.375,-59.125,0.0,0.0,0.0,0.0,0.0,0.0,2,0,41.48436029335598,-91.80509191558026,10000.001535965714,155.97706418601504,0.0002730575955728,0.0035624553521501,,8561.873061902648,11079.41924856223,150,11,2025-09-16,2025-09-26 14:35:28.681,HH,C,1532791920,HAWK11,1,1,73,2,1,1,225,2,1,0,0,12,1,225,2,1,-150132.02966483062,-4784411.092744674,4206118.530729771,2.17672,-1.95439,0.738324,-28.25,-72.25,-81.5,0.0,-9.53125,8.35938,-0.00585938,0.046875,-0.0625,4,0,41.49649311734779,-91.79731837865349,11081.751802405455,-165.17598313298404,4.243905824628189,-40.26639971465112,182.414,8561.873061902648,11079.41924856223,150,False,0.8074802589361662,True,37.43090810182579,50.933464295016684,False,17.752127805540514,True,False
11,1970-07-23 11:25:33.294300649,2025-09-16,2025-09-26 14:35:29.430,HH,C,2183689866,JASSM,3,101,76,2,2,1,225,9,2,0,1,26,0,0,0,0,-150766.18786795562,-4785092.793916549,4204827.888151646,-2.71006,-1.01003,0.753664,33.625,-53.375,-59.125,0.0,0.0,0.0,0.0,0.0,0.0,2,0,41.4836116360184,-91.80464828349804,9999.998274338288,155.9796560296268,-0.0038991353942707,0.0035611772745797,,8561.873061902648,11079.41924856223,150,11,2025-09-16,2025-09-26 14:35:29.419,HH,C,1534939318,HAWK11,1,1,73,2,1,1,225,2,1,0,0,12,1,225,2,1,-150171.50036795562,-4784544.508760299,4205970.593229771,2.37412,-1.77664,0.768429,-14.5,-74.375,-81.875,-0.125,-9.53125,8.53125,0.0214844,0.0429688,-0.03125,4,0,41.49469348646395,-91.79774049737576,11090.904787273126,-172.81281715023212,4.007895452936779,-36.48389807385926,181.216,8561.873061902648,11079.41924856223,150,False,0.7338354719377665,True,30.355344821664662,50.600139488959165,False,23.74697397432477,True,False
11,1970-07-23 11:25:33.306018433,2025-09-16,2025-09-26 14:35:30.601,HH,C,2185000606,JASSM,3,101,76,2,2,1,225,9,2,0,1,26,0,0,0,0,-150729.28552420562,-4785151.569307174,4204762.765104771,-2.71006,-1.01003,0.753664,33.625,-53.375,-59.125,0.0,0.0,0.0,0.0,0.0,0.0,2,0,41.48282929668503,-91.8041847138539,10000.003825791002,155.97996309855094,-0.0030431804829094,0.0035599284504761,,8561.873061902648,11079.41924856223,150,11,2025-09-16,2025-09-26 14:35:30.716,HH,C,1536490216,HAWK11,1,1,73,2,1,1,225,2,1,0,0,12,1,225,2,1,-150184.68396170562,-4784642.145479049,4205864.952604771,2.40567,-1.67098,0.75932,-4.875,-75.125,-81.125,-0.015625,-9.17188,8.0625,-0.0644531,0.0410156,-0.0683594,4,0,41.49339709682022,-91.79786155356342,11102.107965940722,-177.130951419225,4.926804471627465,-39.20253468493716,179.811,8561.873061902648,11079.41924856223,150,False,0.6948553911612495,True,25.42111281437236,49.94292373390176,False,27.75114746004371,True,False
11,1970-07-23 11:25:33.316444743,2025-09-16,2025-09-26 14:35:31.644,HH,C,2186254100,JASSM,3,101,76,2,2,1,225,9,2,0,1,26,0,0,0,0,-150693.99450858062,-4785207.774385299,4204700.483854771,-2.71006,-1.01003,0.753664,33.625,-53.375,-59.125,0.0,0.0,0.0,0.0,0.0,0.0,2,0,41.48208112735987,-91.80374139772135,10000.000039234346,155.98025674707847,-0.002224611188929,0.0035587377234755,,8561.873061902648,11079.41924856223,150,11,2025-09-16,2025-09-26 14:35:31.921,HH,C,1537882048,HAWK11,1,1,73,2,1,1,225,2,1,0,0,12,1,225,2,1,-150186.04919608062,-4784729.477510299,4205770.950651646,2.48898,-1.54434,0.768908,3.5,-74.625,-80.375,-0.125,-8.95312,8.0625,0.00976562,0.0449219,-0.0625,4,0,41.49224277866074,-91.79784509230164,11112.397340942916,177.61195707020946,4.400848014701728,-39.88099813490587,178.039,8561.873061902648,11079.41924856223,150,False,0.6648141813716282,True,21.07319548032532,49.504783761372956,False,31.183252350379895,False,False
11,1970-07-23 11:25:33.327223510,2025-09-16,2025-09-26 14:35:32.722,HH,C,2187507888,JASSM,3,101,76,2,2,1,225,9,2,0,1,26,0,0,0,0,-150658.69568045562,-4785263.993135299,4204638.186979771,-2.71006,-1.01003,0.753664,33.625,-53.375,-59.125,0.0,0.0,0.0,0.0,0.0,0.0,2,0,41.48133277088772,-91.80329799318858,9999.99954657752,155.98055044980657,-0.0014058424291452,0.0035575390087526,,8561.873061902648,11079.41924856223,150,11,2025-09-16,2025-09-26 14:35:32.215,HH,C,1538239948,HAWK11,1,1,73,2,1,1,225,2,1,0,0,12,1,225,2,1,-150184.59997733062,-4784751.256807174,4205747.251432896,2.51084,-1.51749,0.767757,5.875,-74.25,-80.375,-0.140625,-9.25,8.07812,0.0175781,0.0449219,-0.0566406,4,0,41.491953514649424,-91.7978195773919,11114.269069608776,176.5007712393921,4.407799249643574,-39.7828020882574,177.624,8561.873061902648,11079.41924856223,150,False,0.6831712286998284,True,19.823546381436657,47.19411838275522,False,29.958970277108712,True,False
11,1970-07-23 11:25:33.337603943,2025-09-16,2025-09-26 14:35:33.760,HH,C,2188819346,JASSM,3,101,76,2,2,1,225,9,2,0,1,26,0,0,0,0,-150621.77185233062,-4785322.795869674,4204573.024870396,-2.71006,-1.01003,0.753664,33.625,-53.375,-59.125,0.0,0.0,0.0,0.0,0.0,0.0,2,0,41.48055000354571,-91.80283418874826,9999.999312814936,155.98085766038403,-0.0005494199794349,0.003556301157571,,8561.873061902648,11079.41924856223,150,11,2025-09-16,2025-09-26 14:35:33.365,HH,C,1539194346,HAWK11,1,1,73,2,1,1,225,2,1,0,0,12,1,225,2,1,-150177.67614920562,-4784810.403291549,4205683.251432896,2.59262,-1.45575,0.758362,11.875,-73.625,-79.625,-0.109375,-8.96875,7.9375,0.0957031,0.03125,-0.0332031,4,0,41.49117094323712,-91.79771454070614,11119.907961320208,173.8990607879074,4.723275545179862,-37.749642702046415,176.389,8561.873061902648,11079.41924856223,150,False,0.6775371921729713,True,16.650670952546353,46.05264939431519,False,31.620725974764653,False,False
11,1970-07-23 11:25:33.349199067,2025-09-16,2025-09-26 14:35:34.919,HH,C,2190130704,JASSM,3,101,76,2,2,1,225,9,2,0,1,26,0,0,0,0,-150584.85193045562,-4785381.594697799,4204507.866667271,-2.71006,-1.01003,0.753664,33.625,-53.375,-59.125,0.0,0.0,0.0,0.0,0.0,0.0,2,0,41.47976728310533,-91.80237044366396,10000.002942632564,155.98116482688096,0.0003069432442711,0.0035550502042565,,8561.873061902648,11079.41924856223,150,11,2025-09-16,2025-09-26 14:35:34.715,HH,C,1541262210,HAWK11,1,1,73,2,1,1,225,2,1,0,0,12,1,225,2,1,-150149.92419608062,-4784937.543916549,4205545.390104771,-2.95895,-1.35288,0.75702,19.0,-72.0,-78.25,-0.453125,-7.4375,6.46875,0.537109,0.0390625,-0.0253906,4,0,41.48948920453256,-91.79733482459028,11130.42543685994,169.6412760160246,4.168910483402875,-0.2141492183212666,174.202,8561.873061902648,11079.41924856223,150,True,0.6256953557318831,True,12.76647274167639,47.66774333589445,False,36.592316451897126,False,False
11,1970-07-23 11:25:33.359302515,2025-09-16,2025-09-26 14:35:35.930,HH,C,2191443056,JASSM,3,101,76,2,2,1,225,9,2,0,1,26,0,0,0,0,-150547.90271170562,-4785440.434541549,4204442.657682896,-2.71006,-1.01003,0.753664,33.625,-53.375,-59.125,0.0,0.0,0.0,0.0,0.0,0.0,2,0,41.47898397942309,-91.80190634388286,9999.999393615117,155.9814722235448,0.0011639490879173,0.0035538130057687,,8561.873061902648,11079.41924856223,150,11,2025-09-16,2025-09-26 14:35:35.684,HH,C,1542296142,HAWK11,1,1,73,2,1,1,225,2,1,0,0,12,1,225,2,1,-150134.48278983062,-4784998.733369674,4205477.499479771,-2.67133,-1.39535,0.736694,17.375,-71.75,-77.75,-0.296875,-7.85938,6.8125,0.177734,0.015625,0.0800781,4,0,41.48866982564871,-91.79712714156769,11131.982548237997,171.20894992186638,5.620719095243932,18.05250197135615,171.892,8561.873061902648,11079.41924856223,150,False,0.6195885837315505,True,13.573597473408425,46.8661201245907,False,35.23979078786373,False,False
11,1970-07-23 11:25:33.370324485,2025-09-16,2025-09-26 14:35:37.032,HH,C,2192697048,JASSM,3,101,76,2,2,1,225,9,2,0,1,26,0,0,0,0,-150512.59802420562,-4785496.659150924,4204380.347136021,-2.71006,-1.01003,0.75376,33.625,-53.375,-59.125,0.0,0.0,0.0,0.0,0.0,0.0,2,0,41.47823548948075,-91.80146290928327,10000.000798356989,155.98406247769788,-0.0030053432519274,0.0035525919194271,,8561.873061902648,11079.41924856223,150,11,2025-09-16,2025-09-26 14:35:37.107,HH,C,1544165174,HAWK11,1,1,73,2,1,1,225,2,1,0,0,12,1,225,2,1,-150111.60778983062,-4785109.856416549,4205354.833464146,-2.5605,-1.56524,0.756061,10.5,-71.0,-77.0,-0.359375,-8.57812,7.54688,0.134766,0.0332031,0.00390625,4,0,41.48718505125479,-91.79681180429232,11136.581897340604,178.45481665269205,5.172355043295982,31.70308208203849,171.672,8561.873061902648,11079.41924856223,150,False,0.5762417830487019,True,17.171739347627973,48.128379698288015,False,33.7127457253341,False,False
11,1970-07-23 11:25:33.391270276,2025-09-16,2025-09-26 14:35:39.127,HH,C,2194009068,JASSM,3,101,76,2,2,1,225,9,2,0,1,26,0,0,0,0,-150475.65857108062,-4785555.483369674,4204315.151823521,-2.71006,-1.00993,0.75376,33.625,-53.375,-59.125,0.0,0.0,0.0,0.0,0.0,0.0,2,0,41.47745236537206,-91.80099895403842,9999.99846852883,155.98073282456684,-0.0038231236711954,-0.0002067115338702,,8561.873061902648,11079.41924856223,150,11,2025-09-16,2025-09-26 14:35:38.919,HH,C,1546153506,HAWK11,1,1,73,2,1,1,225,2,1,0,0,12,1,225,2,1,-150103.64489920562,-4785228.217744674,4205224.200651646,-2.58083,-1.68767,0.765648,-0.375,-69.125,-77.125,-0.09375,-8.51562,7.4375,0.0390625,0.0410156,0.0976562,4,0,41.48560065375389,-91.7966721400763,11142.811268256888,-176.45877022915064,4.5325595911195125,35.80940004460459,168.703,8561.873061902648,11079.41924856223,150,False,0.5261673398834503,True,23.09495197341866,49.01632844281323,False,29.988139681359428,True,False
11,1970-07-23 11:25:33.391692123,2025-09-16,2025-09-26 14:35:39.169,HH,C,2195262314,JASSM,3,101,76,2,2,1,225,9,2,0,1,26,0,0,0,0,-150440.37536795562,-4785611.670869674,4204252.878386021,-2.71006,-1.00993,0.75376,33.625,-53.375,-59.125,0.0,0.0,0.0,0.0,0.0,0.0,2,0,41.47670433900997,-91.80055581123912,9999.999733028428,155.98102632714173,-0.0030047265892234,-0.0002079265233636,,8561.873061902648,11079.41924856223,150,11,2025-09-16,2025-09-26 14:35:38.919,HH,C,1546153506,HAWK11,1,1,73,2,1,1,225,2,1,0,0,12,1,225,2,1,-150103.64489920562,-4785228.217744674,4205224.200651646,-2.58083,-1.68767,0.765648,-0.375,-69.125,-77.125,-0.09375,-8.51562,7.4375,0.0390625,0.0410156,0.0976562,4,0,41.48560065375389,-91.7966721400763,11142.811268256888,-176.45877022915064,4.5325595911195125,35.80940004460459,168.703,8561.873061902648,11079.41924856223,150,False,0.5616045673470832,True,23.09495197341866,45.43081485014005,False,26.672839198832115,True,False
11,1970-07-23 11:25:33.408079536,2025-09-16,2025-09-26 14:35:40.807,HH,C,2196574302,JASSM,3,101,76,2,2,1,225,9,2,0,1,26,0,0,0,0,-150403.43591483062,-4785670.493135299,4204187.683073521,-2.71006,-1.00993,0.75376,33.625,-53.375,-59.125,0.0,0.0,0.0,0.0,0.0,0.0,2,0,41.47592122266973,-91.8000918785664,10000.001742696111,155.98133359461323,-0.0021479361425995,-0.0002091888916959,,8561.873061902648,11079.41924856223,150,11,2025-09-16,2025-09-26 14:35:40.717,HH,C,1548340670,HAWK11,1,1,73,2,1,1,225,2,1,0,0,12,1,225,2,1,-150116.04333670562,-4785353.469697799,4205081.841276646,-2.66951,-1.82918,0.76699,-12.625,-66.625,-76.375,-0.265625,-8.28125,7.20312,-0.0332031,0.0214844,0.0527344,4,0,41.48389234030716,-91.79677344724595,11142.0683356697,-170.6533466032289,3.7757133587892886,36.77686550549356,166.454,8561.873061902648,11079.41924856223,150,False,0.5009921477700042,True,30.002384026585574,45.45012360601951,False,23.22073751801395,True,False
11,1970-07-23 11:25:33.413274505,2025-09-16,2025-09-26 14:35:41.327,HH,C,2197885506,JASSM,3,101,76,2,2,1,225,9,2,0,1,26,0,0,0,0,-150366.51989920562,-4785729.276338424,4204122.526823521,-2.71006,-1.00993,0.75376,33.625,-53.375,-59.125,0.0,0.0,0.0,0.0,0.0,0.0,2,0,41.47513859607063,-91.79962825206358,9999.999139621932,155.9816406545401,-0.0012916846875236,-0.0002104530236928,,8561.873061902648,11079.41924856223,150,11,2025-09-16,2025-09-26 14:35:41.311,HH,C,1549136002,HAWK11,1,1,73,2,1,1,225,2,1,0,0,12,1,225,2,1,-150126.34021170562,-4785397.024385299,4205030.657682896,-2.74189,-1.87999,0.771976,-16.875,-65.375,-76.25,-0.203125,-8.23438,7.15625,-0.0722656,0.0234375,0.0605469,4,0,41.4832858521165,-91.79688026823476,11138.624538569482,-168.64933580782036,3.103865716125957,34.775669871654344,165.904,8561.873061902648,11079.41924856223,150,False,0.5042031151526366,True,32.45570567594436,42.66036943323132,False,20.552823453102278,True,False
11,1970-07-23 11:25:33.431982662,2025-09-16,2025-09-26 14:35:43.198,HH,C,2199138206,JASSM,3,101,76,2,2,1,225,9,2,0,1,26,0,0,0,0,-150331.25232108062,-4785785.436494674,4204060.276823521,-2.71006,-1.00993,0.75376,33.625,-53.375,-59.125,0.0,0.0,0.0,0.0,0.0,0.0,2,0,41.474390882137904,-91.79918533793538,9999.998543609076,155.98193399220787,-0.0004736378770338,-0.0002116735514232,,8561.873061902648,11079.41924856223,150,11,2025-09-16,2025-09-26 14:35:42.921,HH,C,1551084568,HAWK11,1,1,73,2,1,1,225,2,1,0,0,12,1,225,2,1,-150161.96521170562,-4785501.211885299,4204905.524870396,-3.0391,-1.99609,0.752609,-25.5,-62.625,-74.5,-0.078125,-8.1875,7.125,-0.164062,0.0175781,0.015625,4,0,41.4818148335022,-91.79726728414528,11125.38452443668,-163.70791291819447,2.9905696020989003,22.60660399101121,164.817,8561.873061902648,11079.41924856223,150,False,0.4537060409530216,True,37.62080850829674,40.748507521343264,False,21.293919640993224,True,False
11,1970-07-23 11:25:33.435636284,2025-09-16,2025-09-26 14:35:43.563,HH,C,2200392198,JASSM,3,101,76,2,2,1,225,9,2,0,1,26,0,0,0,0,-150295.94568045562,-4785841.655244674,4203997.960417271,-2.71006,-1.00993,0.75376,33.625,-53.375,-59.125,0.0,0.0,0.0,0.0,0.0,0.0,2,0,41.47364237687249,-91.79874194478629,9999.998869675874,155.98222764277125,0.0003452794004427,-0.0002128806460475,,8561.873061902648,11079.41924856223,150,11,2025-09-16,2025-09-26 14:35:43.607,HH,C,1551601534,HAWK11,1,1,73,2,1,1,225,2,1,0,0,12,1,225,2,1,-150173.57458670562,-4785528.442354049,4204872.708464146,-3.11542,-2.00232,0.753472,-27.0,-62.75,-73.875,-0.234375,-8.15625,6.98438,-0.167969,0.00976562,0.015625,4,0,41.481429184609645,-91.79739592313112,11121.860993111117,-163.47271973718716,2.868087199292192,18.49026993364304,164.169,8561.873061902648,11079.41924856223,150,False,0.4711107728148297,True,38.489393178451756,37.453517789165964,False,21.753509949567594,True,False
11,1970-07-23 11:25:33.449714378,2025-09-16,2025-09-26 14:35:44.971,HH,C,2201704000,JASSM,3,101,76,2,2,1,225,9,2,0,1,26,0,0,0,0,-150259.01208670562,-4785900.463838424,4203932.772917271,-2.71006,-1.00993,0.753856,33.625,-53.375,-59.125,0.0,0.0,0.0,0.0,0.0,0.0,2,0,41.47285938583135,-91.79827813099054,10000.002988046765,155.98483311874173,-0.0037892238447505,-0.0002141923044352,,8561.873061902648,11079.41924856223,150,11,2025-09-16,2025-09-26 14:35:44.811,HH,C,1553231964,HAWK11,1,1,73,2,1,1,225,2,1,0,0,12,1,225,2,1,-150213.36560233062,-4785612.504854049,4204771.731901646,2.98244,-2.01881,0.736023,-30.375,-61.375,-72.625,-0.078125,-8.1875,7.03125,-0.0546875,0.0078125,0.0078125,4,0,41.48024014245683,-91.79784030080792,11112.01212143901,-162.51042228927014,3.616617028821152,8.566879817372959,163.668,8561.873061902648,11079.41924856223,150,True,0.44328261102317185,True,40.6439221640268,34.298578895849325,False,25.546950715756953,True,False
11,1970-07-23 11:25:33.463334915,2025-09-16,2025-09-26 14:35:46.333,HH,C,2202957770,JASSM,3,101,76,2,2,1,225,9,2,0,1,26,0,0,0,0,-150223.71325858062,-4785956.668916549,4203870.466276646,-2.71006,-1.00993,0.753856,33.625,-53.375,-59.125,0.0,0.0,0.0,0.0,0.0,0.0,2,0,41.4721110227052,-91.7978348572827,10000.00027842659,155.98512668139264,-0.0029704695705305,-0.0002153746939397,,8561.873061902648,11079.41924856223,150,11,2025-09-16,2025-09-26 14:35:46.314,HH,C,1555100996,HAWK11,1,1,73,2,1,1,225,2,1,0,0,12,1,225,2,1,-150263.33630545562,-4785709.262666549,4204658.331511021,2.88686,-2.02505,0.729887,-32.25,-61.0,-70.75,0.0,-7.8125,6.76562,-0.0625,0.00390625,0.0175781,4,0,41.4788897969804,-91.79840164927396,11107.15033130669,-162.1498177451191,3.8715389418833808,3.3526788569333825,162.458,8561.873061902648,11079.41924856223,150,True,0.40752385999596064,True,41.95223527160944,31.233460553732016,False,31.6459931092283,False,False
11,1970-07-23 11:25:33.469105994,2025-09-16,2025-09-26 14:35:46.910,HH,C,2204328848,JASSM,3,101,76,2,2,1,225,9,2,0,1,26,0,0,0,0,-150185.11169608062,-4786018.131807174,4203802.329557896,-2.70997,-1.00993,0.753856,33.625,-53.375,-59.125,0.0,0.0,0.0,0.0,0.0,0.0,2,0,41.47129264055671,-91.79735012072884,9999.998929139356,155.9854476982619,-0.0020751118738679,0.0052748055775544,,8561.873061902648,11079.41924856223,150,11,2025-09-16,2025-09-26 14:35:46.812,HH,C,1555697496,HAWK11,1,1,73,2,1,1,225,2,1,0,0,12,1,225,2,1,-150279.35193045562,-4785739.567354049,4204623.378386021,2.85992,-2.02898,0.723655,-32.375,-61.25,-70.0,-0.125,-7.85938,6.90625,-0.0253906,0.0117188,0.00976562,4,0,41.4784706006913,-91.79858182198346,11106.884046481258,-161.8786996476391,4.15939506250296,1.977741518414985,161.859,8561.873061902648,11079.41924856223,150,True,0.43422283686416263,True,42.086878794705456,27.993169302205263,True,33.669371464054265,False,False
11,1970-07-23 11:25:33.478318051,2025-09-16,2025-09-26 14:35:47.831,HH,C,2205640310,JASSM,3,101,76,2,2,1,225,9,2,0,1,26,0,0,0,0,-150148.18786795562,-4786076.922822799,4203737.153776646,-2.70997,-1.00993,0.753856,33.625,-53.375,-59.125,0.0,0.0,0.0,0.0,0.0,0.0,2,0,41.47050982549464,-91.7968864638179,10000.000090832918,155.98575475026058,-0.0012186688127127,0.0052735697005742,,8561.873061902648,11079.41924856223,150,11,2025-09-16,2025-09-26 14:35:47.717,HH,C,1556731428,HAWK11,1,1,73,2,1,1,225,2,1,0,0,12,1,225,2,1,-150307.93200858062,-4785793.456025924,4204561.956511021,2.84343,-2.02754,0.720683,-32.5,-61.125,-69.375,-0.34375,-7.96875,6.67188,-0.00976562,0.0,-0.00195312,4,0,41.47773009469813,-91.79890340814929,11108.013679026964,-161.8848197725118,4.341239024390442,0.9780267354294752,160.869,8561.873061902648,11079.41924856223,150,True,0.44260436270174536,True,42.25845431259602,25.36934507683459,True,37.04924781290282,False,False
11,1970-07-23 11:25:33.489254248,2025-09-16,2025-09-26 14:35:48.925,HH,C,2206894898,JASSM,3,101,76,2,2,1,225,9,2,0,1,26,0,0,0,0,-150112.86560233062,-4786133.161104049,4203674.806120396,-2.70997,-1.00993,0.753856,33.625,-53.375,-59.125,0.0,0.0,0.0,0.0,0.0,0.0,2,0,41.46976098670737,-91.79644292936636,10000.00144665591,155.98604847190893,-0.0003993956193595,0.0052723963685846,,8561.873061902648,11079.41924856223,150,11,2025-09-16,2025-09-26 14:35:49.105,HH,C,1558481160,HAWK11,1,1,73,2,1,1,225,2,1,0,0,12,1,225,2,1,-150356.08435233062,-4785882.290010299,4204460.060026646,2.78801,-2.02926,0.735352,-32.5,-60.125,-68.75,-0.265625,-7.01562,5.90625,-0.046875,0.0,-0.00195312,4,0,41.47650485103951,-91.79944594297169,11108.564600542522,-162.0764084381946,3.5206966369954924,-2.1443536287211744,158.829,8561.873061902648,11079.41924856223,150,True,0.4265615576837873,True,42.48355917287389,23.79026509859586,True,42.76920428491927,False,False
11,1970-07-23 11:25:33.502394913,2025-09-16,2025-09-26 14:35:50.239,HH,C,2208266772,JASSM,3,101,76,2,2,1,225,9,2,0,1,26,0,0,0,0,-150074.24060233062,-4786194.657197799,4203606.626432896,-2.70997,-1.00984,0.753856,33.625,-53.375,-59.125,0.0,0.0,0.0,0.0,0.0,0.0,2,0,41.46894211519413,-91.7959579350764,10000.001179004548,155.98272861436982,-0.0011802602382771,0.0015077902302802,,8561.873061902648,11079.41924856223,150,11,2025-09-16,2025-09-26 14:35:50.309,HH,C,1559912758,HAWK11,1,1,73,2,1,1,225,2,1,0,0,12,1,225,2,1,-150395.40857108062,-4785954.028291549,4204376.423307896,2.71802,-2.02399,0.741104,-31.875,-59.5,-68.875,-0.125,-7.29688,6.25,-0.078125,0.015625,-0.0078125,4,0,41.47550621522542,-91.79988929978516,11106.118215580083,-162.39165434488663,3.277365208939591,-6.376368532354894,158.071,8561.873061902648,11079.41924856223,150,True,0.43168872959259125,True,42.20512506539888,22.870657241346418,True,46.9964689623973,False,False
11,1970-07-23 11:25:33.511315908,2025-09-16,2025-09-26 14:35:51.131,HH,C,2209577362,JASSM,3,101,76,2,2,1,225,9,2,0,1,26,0,0,0,0,-150037.34216483062,-4786253.405244674,4203541.491667271,-2.70997,-1.00984,0.753856,33.625,-53.375,-59.125,0.0,0.0,0.0,0.0,0.0,0.0,2,0,41.468159822002754,-91.79549463141882,10000.001845489924,155.98303541817128,-0.0003243965349117,0.0015064958352052,,8561.873061902648,11079.41924856223,150,11,2025-09-16,2025-09-26 14:35:51.215,HH,C,1560906924,HAWK11,1,1,73,2,1,1,225,2,1,0,0,12,1,225,2,1,-150421.58044608062,-4786003.290010299,4204318.677214146,2.61793,-2.00347,0.752226,-30.625,-58.875,-69.125,-0.015625,-7.03125,6.125,-0.308594,-0.00390625,-0.03125,4,0,41.47481850349217,-91.80018379417452,11103.696172512226,-163.40758809182566,2.929225551353684,-12.964681451083306,156.959,8561.873061902648,11079.41924856223,150,False,0.45173320938618755,True,41.55632452052212,22.22270112726953,True,49.04032767432323,False,False
11,1970-07-23 11:25:33.522334834,2025-09-16,2025-09-26 14:35:52.233,HH,C,2210830130,JASSM,3,101,76,2,2,1,225,9,2,0,1,26,0,0,0,0,-150002.07068045562,-4786309.559541549,4203479.229948521,-2.70997,-1.00984,0.753952,33.625,-53.375,-59.125,0.0,0.0,0.0,0.0,0.0,0.0,2,0,41.46741204785663,-91.7950517677702,10000.000856974091,155.98562588782374,-0.0044941920002194,0.0015051885992028,,8561.873061902648,11079.41924856223,150,11,2025-09-16,2025-09-26 14:35:52.419,HH,C,1562418056,HAWK11,1,1,73,2,1,1,225,2,1,0,0,12,1,225,2,1,-150457.48278983062,-4786078.385713424,4204230.061979771,2.16943,-1.90875,0.752897,-25.0,-59.125,-70.375,0.015625,-8.32812,7.5625,-0.265625,0.0644531,-0.0683594,4,0,41.47376693644279,-91.80058494206632,11098.429054084045,-167.24935037385623,3.9233293758670302,-42.60246495134236,158.12,8561.873061902648,11079.41924856223,150,False,0.455271037890843,True,38.15465378288066,23.41693904427863,True,50.41119176977398,False,False
11,1970-07-23 11:25:33.533217261,2025-09-16,2025-09-26 14:35:53.321,HH,C,2212143254,JASSM,3,101,76,2,2,1,225,9,2,0,1,26,0,0,0,0,-149965.09997733062,-4786368.418916549,4203413.968229771,-2.70997,-1.00984,0.753952,33.625,-53.375,-59.125,0.0,0.0,0.0,0.0,0.0,0.0,2,0,41.46662824503006,-91.79458757996834,10000.002835637408,155.98593326789205,-0.0036366763064522,0.0015039357852769,,8561.873061902648,11079.41924856223,150,11,2025-09-16,2025-09-26 14:35:53.309,HH,C,1563491754,HAWK11,1,1,73,2,1,1,225,2,1,0,0,12,1,225,2,1,-150477.12536795562,-4786132.850557174,4204166.649870396,2.1819,-1.76302,0.80371,-17.75,-59.25,-71.75,-0.171875,-9.15625,8.39062,-0.0761719,0.0527344,-0.148438,4,0,41.47301124629426,-91.8007993785638,11095.984019701324,-173.6158718477177,2.0931277236878514,-48.09205928613324,159.268,8561.873061902648,11079.41924856223,150,False,0.4739980391040891,True,33.776936613694936,23.96205099536895,True,48.628182784861394,False,False
11,1970-07-23 11:25:33.544895298,2025-09-16,2025-09-26 14:35:54.489,HH,C,2213516180,JASSM,3,101,76,2,2,1,225,9,2,0,1,26,0,0,0,0,-149926.44568045562,-4786429.956025924,4203345.731901646,-2.70997,-1.00984,0.753952,33.625,-53.375,-59.125,0.0,0.0,0.0,0.0,0.0,0.0,2,0,41.46580874443521,-91.79410226665216,9999.997598729127,155.98625463193594,-0.0027401085633891,0.001502624258428,,8561.873061902648,11079.41924856223,150,11,2025-09-16,2025-09-26 14:35:54.605,HH,C,1564963120,HAWK11,1,1,73,2,1,1,225,2,1,0,0,12,1,225,2,1,-150492.31677420562,-4786207.206025924,4204077.272917271,2.24843,-1.57664,0.859125,-6.25,-58.5,-74.0,0.03125,-8.92188,8.1875,0.0507812,0.0625,-0.0429688,4,0,41.47196282853185,-91.8009530979321,11085.655888530886,179.04262839207524,-0.7053836218438765,-52.27268942681203,157.399,8561.873061902648,11079.41924856223,150,False,0.48085197065832636,True,26.926906594992523,25.61013540581944,True,44.968081774442346,False,False
11,1970-07-23 11:25:33.555494183,2025-09-16,2025-09-26 14:35:55.549,HH,C,2214826840,JASSM,3,101,76,2,2,1,225,9,2,0,1,26,0,0,0,0,-149889.54333670562,-4786488.704072799,4203280.591276646,-2.70997,-1.00984,0.753952,33.625,-53.375,-59.125,0.0,0.0,0.0,0.0,0.0,0.0,2,0,41.46502640455814,-91.79363896089257,10000.003914804422,155.98656141817645,-0.0018841946680945,0.0015013802993821,,8561.873061902648,11079.41924856223,150,11,2025-09-16,2025-09-26 14:35:55.715,HH,C,1566354952,HAWK11,1,1,73,2,1,1,225,2,1,0,0,12,1,225,2,1,-150493.64489920562,-4786276.549775924,4203991.538542271,2.54037,-1.42085,0.845703,4.375,-57.875,-74.875,-0.0625,-9.51562,8.875,0.224609,0.0644531,-0.0722656,4,0,41.47097142073006,-91.80094290591732,11069.863733742017,173.12891513146988,-0.3932387017174856,-42.21578460977943,158.266,8561.873061902648,11079.41924856223,150,False,0.4848507206968892,True,20.678621583367566,27.051780381222457,True,41.24341553497209,False,False
11,1970-07-23 11:25:33.567622054,2025-09-16,2025-09-26 14:35:56.762,HH,C,2216140472,JASSM,3,101,76,2,2,1,225,9,2,0,1,26,0,0,0,0,-149852.55896170562,-4786547.581025924,4203215.300261021,-2.70997,-1.00984,0.753952,33.625,-53.375,-59.125,0.0,0.0,0.0,0.0,0.0,0.0,2,0,41.46424229597833,-91.79317463704436,9999.998641624055,155.9868688737879,-0.0010263529671184,0.001500121877837,,8561.873061902648,11079.41924856223,150,11,2025-09-16,2025-09-26 14:35:56.762,HH,C,1565877752,HAWK11,1,1,73,2,1,1,225,2,1,0,0,12,1,225,2,1,-150494.69763358062,-4786253.184541549,4204020.560026646,2.41688,-1.48,0.851551,0.625,-58.125,-74.75,-0.125,-9.32812,8.76562,0.177734,0.0742188,-0.0625,4,0,41.47130609268209,-91.80096428159476,11075.590051352408,175.39266872827648,-0.4725977382428653,-46.764503639232,156.922,8561.873061902648,11079.41924856223,150,False,0.549815842844165,True,22.87690166683443,23.526885507544872,True,39.9962613400268,False,False
11,1970-07-23 11:25:33.577193044,2025-09-16,2025-09-26 14:35:57.719,HH,C,2217452554,JASSM,3,101,76,2,2,1,225,9,2,0,1,26,0,0,0,0,-149815.61755545562,-4786606.389619674,4203150.085417271,-2.70997,-1.00984,0.753952,33.625,-53.375,-59.125,0.0,0.0,0.0,0.0,0.0,0.0,2,0,41.46345909827279,-91.79271086380244,9999.998847566128,155.98717596003897,-0.0001695094981724,0.0014988656726105,,8561.873061902648,11079.41924856223,150,11,2025-09-16,2025-09-26 14:35:57.809,HH,C,1568780716,HAWK11,1,1,73,2,1,1,225,2,1,0,0,12,1,225,2,1,-150469.89099295562,-4786398.536104049,4203841.253386021,2.81409,-1.28461,0.790384,18.25,-59.0,-72.25,-0.25,-9.10938,8.5625,-0.0957031,0.0371094,-0.00976562,4,0,41.46923586994133,-91.80061297092104,11041.24447930715,167.30129574781083,1.732877363260542,-32.30408620815262,156.678,8561.873061902648,11079.41924856223,150,False,0.49636076596092654,True,12.12313076523297,28.58488721514435,True,36.80067472342859,False,False
11,1970-07-23 11:25:33.588799750,2025-09-16,2025-09-26 14:35:58.879,HH,C,2218763820,JASSM,3,101,76,2,2,1,225,9,2,0,1,26,0,0,0,0,-149778.69958670562,-4786665.161104049,4203084.911589146,-2.70997,-1.00984,0.753952,33.625,-53.375,-59.125,0.0,0.0,0.0,0.0,0.0,0.0,2,0,41.46267639186345,-91.79224739587644,10000.003437049369,155.9874828393611,0.000686793800999,0.0014976088216085,,8561.873061902648,11079.41924856223,150,11,2025-09-16,2025-09-26 14:35:58.511,HH,C,1569536282,HAWK11,1,1,73,2,1,1,225,2,1,0,0,12,1,225,2,1,-150457.25036795562,-4786436.887666549,4203795.911589146,2.78887,-1.24703,0.77351,21.75,-59.75,-70.75,-0.03125,-8.92188,8.28125,-0.0644531,0.0390625,-0.0507812,4,0,41.468704050632766,-91.80044738838998,11035.993823802646,165.58080373684822,2.2919393758379347,-35.32673053773632,156.824,8561.873061902648,11079.41924856223,150,False,0.5164648607440883,True,9.834610151312615,27.982546389476138,True,34.917646083267606,False,False
11,1970-07-23 11:25:33.599253610,2025-09-16,2025-09-26 14:35:59.925,HH,C,2220017728,JASSM,3,101,76,2,2,1,225,9,2,0,1,26,0,0,0,0,-149743.39489920562,-4786721.358369674,4203022.587370396,-2.70997,-1.00984,0.754047,33.625,-53.375,-59.125,0.0,0.0,0.0,0.0,0.0,0.0,2,0,41.46192793325815,-91.79180419372766,10000.000966147834,155.9900749307384,-0.0034853632708292,0.0014963843991759,,8561.873061902648,11079.41924856223,150,11,2025-09-16,2025-09-26 14:35:59.682,HH,C,1570530446,HAWK11,1,1,73,2,1,1,225,2,1,0,0,12,1,225,2,1,-150436.19958670562,-4786486.264619674,4203737.454557896,2.85464,-1.12575,0.75702,27.875,-58.375,-69.625,-0.078125,-9.39062,8.51562,0.0390625,0.0546875,-0.0996094,4,0,41.46801969474482,-91.80017709144512,11028.693223492572,160.51729621410968,1.675388975066382,-36.5507153160758,156.384,8561.873061902648,11079.41924856223,150,False,0.5247182654126742,True,6.154545711521949,27.966686401695267,True,31.589457574659406,False,False
11,1970-07-23 11:25:33.612410503,2025-09-16,2025-09-26 14:36:01.241,HH,C,2221329436,JASSM,3,101,76,2,2,1,225,9,2,0,1,26,0,0,0,0,-149706.46521170562,-4786780.147432174,4202957.388151646,-2.70997,-1.00984,0.754047,33.625,-53.375,-59.125,0.0,0.0,0.0,0.0,0.0,0.0,2,0,41.46114494923535,-91.79134060090082,10000.001829653163,155.9903818835484,-0.0026287648933066,0.0014951509099158,,8561.873061902648,11079.41924856223,150,11,2025-09-16,2025-09-26 14:36:00.919,HH,C,1572558544,HAWK11,1,1,73,2,1,1,225,2,1,0,0,12,1,225,2,1,-150379.12927420562,-4786585.832979049,4203623.895964146,2.95589,-0.973598,0.657694,40.125,-57.125,-64.0,-0.3125,-10.375,9.73438,0.0136719,0.0683594,-0.0390625,4,0,41.46667155690535,-91.79945720770264,11022.23726127636,152.18172826016,4.2945408772861775,-36.863221091091575,155.993,8561.873061902648,11079.41924856223,150,False,0.4931026124675343,True,2.2002388356899014,29.978421743949834,True,28.11573267703215,True,True
11,1970-07-23 11:25:33.623996253,2025-09-16,2025-09-26 14:36:02.399,HH,C,2222642792,JASSM,3,101,76,2,2,1,225,9,2,0,1,26,0,0,0,0,-149669.48669608062,-4786839.008760299,4202892.106901646,-2.70997,-1.00974,0.754047,33.625,-53.375,-59.125,0.0,0.0,0.0,0.0,0.0,0.0,2,0,41.46036098868103,-91.79087640833328,10000.003013719246,155.98705348659962,-0.0034456983152985,-0.0022653278011706,,8561.873061902648,11079.41924856223,150,11,2025-09-16,2025-09-26 14:36:02.215,HH,C,1574029910,HAWK11,1,1,73,2,1,1,225,2,1,0,0,12,1,225,2,1,-150323.99060233062,-4786656.538057174,4203548.429167271,3.07889,-0.874657,0.597294,48.375,-55.125,-58.75,-0.015625,-9.40625,9.14062,0.185547,0.0332031,-0.0800781,4,0,41.46575183671811,-91.79877129126052,11027.771420584875,146.48576433677965,5.182265085298329,-33.61811773363779,154.539,8561.873061902648,11079.41924856223,150,False,0.48024981580597415,True,8.155982968896579,30.255029702557255,False,25.26750655707154,True,False
11,1970-07-23 11:25:33.632335065,2025-09-16,2025-09-26 14:36:03.233,HH,C,2223955456,JASSM,3,101,76,2,2,1,225,9,2,0,1,26,0,0,0,0,-149632.52966483062,-4786897.836885299,4202826.858854771,-2.70997,-1.00974,0.754047,33.625,-53.375,-59.125,0.0,0.0,0.0,0.0,0.0,0.0,2,0,41.459577443832174,-91.79041249625868,10000.001058018164,155.987360641281,-0.0025884869375758,-0.0022666084702294,,8561.873061902648,11079.41924856223,150,11,2025-09-16,2025-09-26 14:36:03.309,HH,C,1575342208,HAWK11,1,1,73,2,1,1,225,2,1,0,0,12,1,225,2,1,-150268.01599295562,-4786716.676729049,4203485.116667271,-2.8394,-0.805052,0.564697,52.625,-53.875,-55.25,-0.25,-8.32812,7.40625,0.238281,0.0195312,-0.015625,4,0,41.4649771660246,-91.79807936502462,11033.687614350376,142.65265508739088,5.046955527335168,-15.242825971937604,150.506,8561.873061902648,11079.41924856223,150,False,0.4730892102430455,True,11.567152369355941,29.83118305438006,True,24.028016504021185,True,True
11,1970-07-23 11:25:33.643253695,2025-09-16,2025-09-26 14:36:04.325,HH,C,2225265924,JASSM,3,101,76,2,2,1,225,9,2,0,1,26,0,0,0,0,-149595.63318045562,-4786956.565400924,4202761.718229771,-2.70987,-1.00974,0.754047,33.625,-53.375,-59.125,0.0,0.0,0.0,0.0,0.0,0.0,2,0,41.458795203483504,-91.78994935656075,9999.996973862992,155.98766727981229,-0.0017327010004863,0.0032235934807244,,8561.873061902648,11079.41924856223,150,11,2025-09-16,2025-09-26 14:36:04.215,HH,C,1576336374,HAWK11,1,1,73,2,1,1,225,2,1,0,0,12,1,225,2,1,-150223.35974295562,-4786759.571260299,4203438.575651646,-2.74276,-0.834006,0.553767,53.75,-53.125,-53.625,-0.34375,-8.04688,7.23438,0.148438,0.0117188,0.046875,4,0,41.46441618164141,-91.7975292698064,11034.542015956207,143.51630433424768,6.324991766884901,-8.74000404254899,148.832,8561.873061902648,11079.41924856223,150,True,0.4794933037866476,True,12.777577842357873,28.617676396375362,True,23.022868383223596,True,True
11,1970-07-23 11:25:33.654218906,2025-09-16,2025-09-26 14:36:05.421,HH,C,2226638728,JASSM,3,101,76,2,2,1,225,9,2,0,1,26,0,0,0,0,-149556.98083670562,-4787018.088838424,4202693.479948521,-2.70987,-1.00974,0.754047,33.625,-53.375,-59.125,0.0,0.0,0.0,0.0,0.0,0.0,2,0,41.45797575009804,-91.78946418849964,10000.002960733467,155.9879884979223,-0.0008362027633908,0.0032222689880141,,8561.873061902648,11079.41924856223,150,11,2025-09-16,2025-09-26 14:36:05.419,HH,C,1577807740,HAWK11,1,1,73,2,1,1,225,2,1,0,0,12,1,225,2,1,-150156.21130545562,-4786824.475557174,4203371.569792271,-2.65216,-0.880026,0.553863,54.125,-53.0,-51.75,-0.03125,-7.82812,7.375,0.0664062,0.0078125,-0.00976562,4,0,41.4635903013371,-91.79670197203862,11043.294026751466,145.46032230000375,7.469067730001745,-1.9286017029426348,148.013,8561.873061902648,11079.41924856223,150,True,0.46840815929697444,True,13.631766977282618,28.105696867606802,True,23.61938865596254,True,True
11,1970-07-23 11:25:33.665233939,2025-09-16,2025-09-26 14:36:06.523,HH,C,2227950452,JASSM,3,101,76,2,2,1,225,9,2,0,1,26,0,0,0,0,-149520.04919608062,-4787076.872041549,4202628.274870396,-2.70987,-1.00974,0.754047,33.625,-53.375,-59.125,0.0,0.0,0.0,0.0,0.0,0.0,2,0,41.45719275184722,-91.78900063079696,10000.00012725472,155.988295403456,2.040646919148424e-05,0.0032209938100419,,8561.873061902648,11079.41924856223,150,11,2025-09-16,2025-09-26 14:36:06.681,HH,C,1578881438,HAWK11,1,1,73,2,1,1,225,2,1,0,0,12,1,225,2,1,-150107.56091483062,-4786870.672822799,4203323.679167271,-2.61611,-0.859221,0.549165,53.5,-52.375,-51.125,-0.203125,-7.17188,6.3125,-0.00585938,-0.0117188,-0.0078125,4,0,41.46300128478178,-91.7961029019233,11049.032598202357,144.4402460507273,7.189094205961245,-0.6179275295781197,144.738,8561.873061902648,11079.41924856223,150,True,0.47271192245879656,True,13.643690927986864,27.04769813551347,True,23.1938164461301,True,True
11,1970-07-23 11:25:33.676793325,2025-09-16,2025-09-26 14:36:07.679,HH,C,2229204288,JASSM,3,101,76,2,2,1,225,9,2,0,1,26,0,0,0,0,-149484.74841483062,-4787133.059541549,4202565.948698521,-2.70987,-1.00974,0.754143,33.625,-53.375,-59.125,0.0,0.0,0.0,0.0,0.0,0.0,2,0,41.45644432427987,-91.78855755366328,10000.000988752574,155.99088627971153,-0.004148552620353,0.003219707058487,,8561.873061902648,11079.41924856223,150,11,2025-09-16,2025-09-26 14:36:07.559,HH,C,1579796070,HAWK11,1,1,73,2,1,1,225,2,1,0,0,12,1,225,2,1,-150066.52185233062,-4786909.915010299,4203282.741667271,-2.61592,-0.851359,0.552233,53.125,-52.0,-51.0,-0.28125,-7.14062,6.34375,-0.00585938,0.00585938,0.0078125,4,0,41.46249915743137,-91.79559746256476,11053.374011786682,144.1994306982109,6.8419431124033965,-0.8720928860002131,144.054,8561.873061902648,11079.41924856223,150,True,0.48186573307883973,True,13.559779990397208,25.924529103328197,True,22.566285491250447,True,True
11,1970-07-23 11:25:33.685999923,2025-09-16,2025-09-26 14:36:08.599,HH,C,2230337700,JASSM,3,101,76,2,2,1,225,9,2,0,1,26,0,0,0,0,-149452.83630545562,-4787183.850557174,4202509.606901646,-2.70987,-1.00974,0.754143,33.625,-53.375,-59.125,0.0,0.0,0.0,0.0,0.0,0.0,2,0,41.45576776620572,-91.7881570192,10000.00162725244,155.99115145205434,-0.0034083896527781,0.0032186434633096,,8561.873061902648,11079.41924856223,150,11,2025-09-16,2025-09-26 14:36:08.715,HH,C,1581784402,HAWK11,1,1,73,2,1,1,225,2,1,0,0,12,1,225,2,1,-149978.15466483062,-4786993.575166549,4203195.407682896,-2.59693,-0.857495,0.564697,52.375,-51.0,-50.625,-0.078125,-6.875,6.34375,-0.0117188,-0.015625,-0.00976562,4,0,41.46142843018514,-91.7945094684971,11062.44091426464,144.82657301975556,6.383232372685973,0.4740315190871714,142.832,8561.873061902648,11079.41924856223,150,True,0.44379633675362623,True,13.476766768872341,26.62998472614541,True,23.859544894717935,True,True
11,1970-07-23 11:25:33.694198065,2025-09-16,2025-09-26 14:36:09.419,HH,C,2231411994,JASSM,3,101,76,2,2,1,225,9,2,0,1,26,0,0,0,0,-149422.59021170562,-4787231.991182174,4202456.202604771,-2.70987,-1.00974,0.754143,33.625,-53.375,-59.125,0.0,0.0,0.0,0.0,0.0,0.0,2,0,41.45512649381314,-91.78777740241684,9999.999987611329,155.99140277264135,-0.002706836996076,0.0032176220228634,,8561.873061902648,11079.41924856223,150,11,2025-09-16,2025-09-26 14:36:09.309,HH,C,1582500200,HAWK11,1,1,73,2,1,1,225,2,1,0,0,12,1,225,2,1,-149946.82458670562,-4787023.077119674,4203164.083464146,-2.60144,-0.850496,0.570641,52.0,-50.25,-50.75,-0.0625,-6.625,5.84375,0.0,-0.00585938,0.00390625,4,0,41.461047325335386,-91.79412379493328,11064.48387826952,144.71050703360194,5.917948681808982,-0.0122049686997331,141.28,8561.873061902648,11079.41924856223,150,True,0.45568468747278473,True,13.369404346997179,25.52604032469791,True,22.883211516808146,True,True
11,1970-07-23 11:25:33.704216265,2025-09-16,2025-09-26 14:36:10.421,HH,C,2232543508,JASSM,3,101,76,2,2,1,225,9,2,0,1,26,0,0,0,0,-149390.73278983062,-4787282.696260299,4202399.952604771,-2.70987,-1.00974,0.754143,33.625,-53.375,-59.125,0.0,0.0,0.0,0.0,0.0,0.0,2,0,41.4544510536428,-91.78737757011343,9999.999785134218,155.99166747320632,-0.0019679068449223,0.0032165447841577,,8561.873061902648,11079.41924856223,150,11,2025-09-16,2025-09-26 14:36:10.511,HH,C,1583812500,HAWK11,1,1,73,2,1,1,225,2,1,0,0,12,1,225,2,1,-149889.98669608062,-4787076.959932174,4203106.218229771,-2.60432,-0.851168,0.572079,51.375,-49.375,-51.0,0.078125,-6.92188,6.3125,0.0117188,-0.00195312,0.0195312,4,0,41.46034678286304,-91.79342399635028,11066.827372611157,144.7814597747678,5.864787595427308,-0.148949770641077,140.144,8561.873061902648,11079.41924856223,150,True,0.4461669943367607,True,13.123282069433747,25.242212276073325,True,22.778837529462987,True,True
11,1970-07-23 11:25:33.713993381,2025-09-16,2025-09-26 14:36:11.399,HH,C,2233676878,JASSM,3,101,76,2,2,1,225,9,2,0,1,26,0,0,0,0,-149358.82263358062,-4787333.483369674,4202343.610807896,-2.70987,-1.00974,0.754143,33.625,-53.375,-59.125,0.0,0.0,0.0,0.0,0.0,0.0,2,0,41.45377451412478,-91.78697708498343,10000.001248725412,155.99193260240588,-0.0012277721041707,0.0032154734812355,,8561.873061902648,11079.41924856223,150,11,2025-09-16,2025-09-26 14:36:11.419,HH,C,1584965732,HAWK11,1,1,73,2,1,1,225,2,1,0,0,12,1,225,2,1,-149840.43982108062,-4787123.811494674,4203055.487761021,-2.61496,-0.85251,0.574955,50.875,-48.625,-51.0,0.015625,-6.82812,6.40625,-0.0117188,0.0,0.0,4,0,41.45973486867613,-91.79281402316154,11067.955361118857,144.9226562035068,5.757334769170902,-0.7026903464207198,139.276,8561.873061902648,11079.41924856223,150,True,0.44361090177794393,True,13.012712925356627,24.73044842764915,True,22.566552742316567,True,True
11,1970-07-23 11:25:33.724795124,2025-09-16,2025-09-26 14:36:12.479,HH,C,2233676878,JASSM,3,101,76,2,2,1,225,9,2,0,1,26,0,0,0,0,-149358.82263358062,-4787333.483369674,4202343.610807896,-2.70987,-1.00974,0.754143,33.625,-53.375,-59.125,0.0,0.0,0.0,0.0,0.0,0.0,2,10485784,41.45377451412478,-91.78697708498343,10000.001248725412,155.99193260240588,-0.0012277721041707,0.0032154734812355,,8561.873061902648,11079.41924856223,150,11,2025-09-16,2025-09-26 14:36:12.419,HH,C,1586158730,HAWK11,1,1,73,2,1,1,225,2,1,0,0,12,1,225,2,1,-149789.24060233062,-4787171.563447799,4203003.233854771,-2.62579,-0.839279,0.583296,50.625,-47.625,-51.25,-0.265625,-6.67188,6.17188,-0.0078125,-0.00390625,-0.0117188,4,0,41.45910762268003,-91.79218396772926,11067.863558446708,144.62532802874907,5.021202409911223,-1.7662472264148887,138.005,8561.873061902648,11079.41924856223,150,True,0.39650698037836296,True,13.022817003837224,26.688861177908905,True,24.261760888157514,True,True
